{"type":"FeatureCollection", "features": [
{"type":"Feature","geometry":{"type":"MultiPolygon","coordinates":[[[[124.451,-9.18],[124.31,-9.489],[124.03,-9.342],[123.689,-9.611],[123.65,-9.889],[123.576,-10.014],[123.515,-10.336],[123.826,-10.364],[124.122,-10.173],[124.418,-10.164],[124.971,-9.662],[125.062,-9.486],[124.92,-8.962],[124.451,-9.18]]],[[[117.567,4.16],[117.165,4.333],[116.494,4.325],[116.126,4.379],[116.021,4.271],[115.879,4.352],[115.647,4.169],[115.464,3.031],[115.242,3.042],[115.067,2.828],[115.056,2.609],[115.127,2.479],[114.92,2.296],[114.779,2.247],[114.832,1.903],[114.671,1.821],[114.669,1.694],[114.501,1.436],[114.356,1.502],[114.16,1.425],[113.91,1.442],[113.65,1.233],[113.503,1.314],[113.089,1.431],[113.023,1.537],[112.47,1.568],[112.18,1.449],[112.1,1.155],[111.91,1.114],[111.823,1.008],[111.352,1.014],[111.198,1.075],[110.853,0.997],[110.784,0.908],[110.554,0.851],[110.257,1.039],[110.17,1.174],[109.976,1.288],[109.677,1.573],[109.647,1.762],[109.528,1.89],[109.645,2.083],[109.341,1.936],[109.348,1.81],[109.096,1.561],[109.061,1.384],[108.927,1.14],[108.98,0.996],[108.855,0.832],[108.927,0.641],[108.921,0.34],[109.102,0.243],[109.167,0.112],[109.176,-0.212],[109.091,-0.287],[109.123,-0.5],[109.273,-0.854],[109.438,-0.846],[109.734,-0.954],[110.069,-1.433],[110.034,-1.646],[109.922,-1.77],[110.075,-1.922],[110.096,-2.197],[110.221,-2.533],[110.263,-3.003],[110.508,-2.875],[110.907,-3.083],[111.296,-2.936],[111.584,-3.009],[111.76,-2.908],[111.833,-3.062],[111.822,-3.545],[111.905,-3.572],[112.117,-3.382],[112.303,-3.314],[112.618,-3.424],[113.183,-3.077],[113.345,-3.247],[113.62,-3.185],[113.632,-3.457],[113.713,-3.473],[114.108,-3.347],[114.412,-3.485],[114.524,-3.476],[114.611,-3.684],[114.632,-4.013],[114.713,-4.171],[115.06,-3.986],[115.968,-3.609],[116.163,-3.173],[116.111,-2.93],[116.334,-2.926],[116.39,-2.589],[116.54,-2.513],[116.603,-2.224],[116.393,-2.191],[116.467,-1.907],[116.325,-1.704],[116.557,-1.606],[116.539,-1.481],[116.762,-1.365],[116.82,-1.261],[117.024,-1.203],[117.301,-0.816],[117.452,-0.866],[117.576,-0.63],[117.596,-0.423],[117.434,-0.264],[117.53,-0.032],[117.476,0.058],[117.517,0.291],[117.811,0.812],[118.188,0.875],[118.565,0.804],[118.798,0.805],[119.003,0.962],[118.776,1.202],[118.425,1.486],[117.924,1.819],[117.86,2.038],[118.091,2.262],[118.063,2.367],[117.826,2.607],[117.784,2.758],[117.633,2.812],[117.617,3.086],[117.353,3.183],[117.325,3.436],[117.219,3.647],[117.749,3.637],[117.777,3.799],[117.52,4.049],[117.567,4.16]]],[[[140.974,-2.601],[140.735,-2.635],[140.731,-2.491],[140.105,-2.32],[139.865,-2.372],[139.283,-2.122],[139.107,-2.013],[138.803,-1.921],[138.665,-1.789],[138.075,-1.61],[137.925,-1.484],[137.794,-1.484],[137.143,-1.787],[137.226,-2.074],[136.952,-2.142],[136.759,-2.249],[136.404,-2.22],[136.266,-2.56],[135.965,-2.776],[135.91,-2.986],[135.639,-3.178],[135.47,-3.363],[135.322,-3.386],[134.985,-3.33],[134.824,-3.05],[134.701,-2.959],[134.658,-2.563],[134.474,-2.581],[134.193,-2.379],[134.087,-1.683],[134.207,-1.573],[134.282,-1.35],[134.036,-0.958],[134.101,-0.813],[133.977,-0.723],[133.745,-0.751],[133.392,-0.723],[133.155,-0.532],[132.709,-0.36],[132.437,-0.347],[132.1,-0.47],[131.884,-0.682],[131.243,-0.819],[131.292,-0.915],[131.182,-1.217],[131.03,-1.276],[131.004,-1.456],[131.206,-1.524],[131.573,-1.48],[131.927,-1.706],[131.973,-1.965],[132.073,-2.105],[132.348,-2.27],[132.56,-2.186],[132.699,-2.305],[133.296,-2.204],[133.549,-2.245],[133.863,-2.218],[133.921,-2.388],[133.735,-2.517],[133.321,-2.492],[133.258,-2.416],[133.034,-2.479],[132.737,-2.81],[132.586,-2.717],[132.202,-2.676],[131.997,-2.915],[132.326,-2.947],[132.553,-3.107],[132.692,-3.338],[132.832,-3.461],[132.756,-3.628],[132.792,-3.927],[132.908,-4.088],[133.269,-4.052],[133.456,-3.847],[133.409,-3.722],[133.586,-3.567],[133.844,-3.638],[133.959,-3.838],[134.173,-3.788],[134.191,-3.944],[134.315,-4.02],[134.43,-3.908],[134.823,-4.259],[135.186,-4.449],[135.43,-4.43],[135.97,-4.52],[136.355,-4.677],[136.822,-4.928],[137.267,-4.999],[137.706,-5.222],[137.915,-5.387],[138.06,-5.575],[138.071,-5.729],[138.271,-5.887],[138.466,-6.402],[138.822,-6.806],[138.572,-6.942],[138.762,-7.114],[138.688,-7.193],[139.093,-7.56],[138.994,-7.865],[138.911,-7.923],[138.906,-8.044],[138.921,-8.08],[138.859,-8.101],[138.839,-8.138],[138.914,-8.292],[139.201,-8.096],[139.357,-8.199],[139.631,-8.125],[139.932,-8.109],[140.032,-8.246],[140.507,-8.638],[140.857,-9.049],[140.977,-9.106],[140.977,-7.962],[140.977,-6.897],[140.849,-6.703],[140.977,-6.335],[140.976,-4.596],[140.974,-3.8],[140.974,-2.601]]],[[[109.906,-7.838],[110.477,-8.112],[111.171,-8.283],[111.442,-8.276],[111.673,-8.368],[111.792,-8.257],[112.366,-8.342],[112.673,-8.447],[113.198,-8.277],[113.724,-8.528],[114.197,-8.646],[114.461,-8.618],[114.359,-8.409],[114.467,-7.831],[114.016,-7.618],[113.804,-7.722],[113.529,-7.7],[113.299,-7.789],[112.761,-7.531],[112.823,-7.263],[112.701,-7.255],[112.583,-6.99],[112.364,-6.871],[112.068,-6.894],[111.976,-6.785],[111.74,-6.782],[111.493,-6.623],[111.429,-6.699],[111.157,-6.692],[111.052,-6.457],[110.925,-6.404],[110.73,-6.457],[110.572,-6.836],[110.356,-6.973],[110.198,-6.891],[109.896,-6.918],[109.532,-6.835],[109.352,-6.876],[108.923,-6.845],[108.605,-6.762],[108.54,-6.487],[108.216,-6.238],[108.094,-6.327],[107.811,-6.189],[107.678,-6.238],[107.47,-6.145],[107.354,-5.976],[107.15,-5.973],[106.994,-6.079],[106.495,-6.035],[106.053,-5.881],[105.888,-6.071],[105.824,-6.435],[105.454,-6.809],[105.555,-6.856],[105.96,-6.818],[106.283,-6.983],[106.537,-6.983],[106.375,-7.31],[106.523,-7.411],[107.411,-7.496],[107.687,-7.662],[108.327,-7.817],[108.54,-7.692],[108.89,-7.679],[109.369,-7.713],[109.426,-7.774],[109.906,-7.838]]],[[[119.847,-0.875],[119.735,-0.641],[119.537,-0.85],[119.453,-1.096],[119.328,-1.214],[119.308,-1.695],[119.354,-1.935],[119.216,-2.01],[119.134,-2.204],[119.141,-2.442],[118.757,-2.776],[118.881,-2.861],[118.764,-3.091],[118.927,-3.566],[119.298,-3.428],[119.498,-3.495],[119.457,-3.715],[119.585,-3.97],[119.627,-4.315],[119.591,-4.564],[119.491,-4.754],[119.525,-4.883],[119.38,-5.192],[119.353,-5.356],[119.438,-5.522],[119.648,-5.679],[119.806,-5.692],[119.915,-5.569],[120.1,-5.596],[120.323,-5.51],[120.381,-5.337],[120.264,-5.15],[120.309,-4.871],[120.387,-4.829],[120.402,-4.574],[120.354,-3.931],[120.447,-3.729],[120.395,-3.382],[120.232,-2.95],[120.776,-2.615],[121.006,-2.661],[121.067,-2.752],[121.067,-3.194],[120.87,-3.446],[120.894,-3.539],[121.354,-3.968],[121.628,-4.087],[121.536,-4.231],[121.485,-4.656],[121.704,-4.835],[121.992,-4.856],[122.108,-4.52],[122.599,-4.397],[122.769,-4.478],[122.9,-4.389],[122.907,-4.196],[122.675,-4.123],[122.624,-3.952],[122.441,-3.731],[122.201,-3.557],[122.386,-3.132],[122.313,-2.927],[122.016,-2.694],[122.019,-2.615],[121.823,-2.287],[121.327,-1.919],[121.692,-1.908],[121.799,-1.718],[122.036,-1.614],[122.184,-1.614],[122.369,-1.493],[122.812,-0.924],[123.061,-0.881],[123.239,-1.025],[123.383,-1.004],[123.454,-0.758],[123.24,-0.57],[122.823,-0.612],[122.912,-0.763],[122.208,-0.765],[122.105,-0.926],[121.714,-0.935],[121.501,-0.859],[121.073,-1.421],[120.804,-1.343],[120.676,-1.395],[120.582,-1.105],[120.412,-0.905],[120.244,-0.888],[120.089,-0.657],[119.996,-0.209],[120.128,0.181],[120.375,0.478],[120.68,0.531],[120.892,0.423],[121.69,0.524],[121.8,0.426],[122.324,0.497],[122.978,0.483],[123.074,0.516],[123.239,0.325],[123.746,0.311],[124.322,0.399],[124.503,0.534],[124.664,0.806],[124.899,0.973],[125.144,1.421],[125.249,1.485],[125.18,1.667],[124.973,1.723],[124.85,1.49],[124.548,1.36],[124.594,1.196],[124.389,1.186],[124.315,1.038],[123.948,0.839],[123.563,0.867],[123.369,0.927],[122.968,0.963],[122.849,0.818],[122.454,1.021],[122.235,1.01],[121.926,1.099],[121.631,1.062],[121.43,1.233],[121.265,1.23],[120.967,1.346],[120.821,1.31],[120.803,1.068],[120.683,0.992],[120.568,0.782],[120.34,0.872],[120.063,0.743],[120.032,0.516],[119.912,0.474],[119.794,0.197],[119.888,0.071],[119.792,-0.107],[119.758,-0.47],[119.854,-0.716],[119.847,-0.875]]],[[[100.947,1.825],[100.856,1.999],[100.561,2.157],[100.382,2.355],[100.203,2.71],[100.019,2.732],[99.98,2.948],[99.751,3.18],[98.958,3.671],[98.797,3.725],[98.677,3.915],[98.477,4.046],[98.306,4.08],[98.276,4.425],[98.054,4.553],[97.909,4.89],[97.497,5.252],[97.268,5.155],[96.973,5.273],[96.651,5.216],[96.126,5.282],[95.888,5.512],[95.612,5.627],[95.413,5.65],[95.197,5.546],[95.426,4.827],[96.01,4.226],[96.191,4.126],[96.43,3.825],[96.56,3.747],[96.761,3.749],[97.019,3.523],[97.183,3.246],[97.271,3.214],[97.422,2.928],[97.603,2.866],[97.658,2.412],[97.744,2.281],[97.984,2.244],[98.355,2.004],[98.535,1.936],[98.819,1.62],[98.73,1.514],[98.917,1.117],[98.981,0.832],[99.09,0.622],[99.139,0.274],[99.316,0.243],[99.611,0.099],[99.747,-0.03],[99.814,-0.295],[100.001,-0.456],[100.301,-0.816],[100.413,-1.039],[100.406,-1.264],[100.571,-1.443],[100.887,-2.037],[100.832,-2.141],[101.105,-2.587],[101.327,-2.739],[101.637,-3.251],[102.222,-3.643],[102.313,-3.991],[102.701,-4.27],[102.92,-4.493],[103.173,-4.618],[103.415,-4.869],[103.705,-4.955],[103.913,-5.139],[103.901,-5.219],[104.298,-5.643],[104.542,-5.842],[104.689,-5.808],[104.533,-5.56],[104.623,-5.491],[105.118,-5.782],[105.311,-5.466],[105.602,-5.81],[105.783,-5.829],[105.906,-4.469],[105.813,-4.239],[105.952,-3.834],[105.82,-3.673],[105.929,-3.365],[106.063,-3.267],[106.016,-2.969],[105.792,-2.862],[105.778,-2.69],[105.608,-2.552],[105.624,-2.402],[104.883,-2.285],[104.874,-2.08],[104.664,-2.031],[104.454,-1.531],[104.377,-1.032],[104.212,-1.073],[103.956,-0.977],[103.839,-1.033],[103.65,-0.943],[103.376,-0.727],[103.482,-0.374],[103.494,-0.118],[103.792,-0.013],[103.711,0.311],[103.362,0.536],[103.075,0.442],[103.056,0.558],[102.877,0.726],[102.552,0.738],[102.24,0.982],[102.118,1.387],[101.779,1.644],[101.592,1.655],[101.378,1.773],[101.3,2.047],[100.908,2.3],[100.803,2.162],[100.947,1.825]]],[[[120.792,-9.961],[120.436,-9.631],[120.071,-9.441],[119.946,-9.288],[119.821,-9.379],[119.629,-9.342],[119.169,-9.386],[118.942,-9.57],[119.037,-9.676],[119.406,-9.79],[119.477,-9.749],[119.976,-9.992],[120.156,-10.221],[120.392,-10.263],[120.711,-10.207],[120.827,-10.091],[120.792,-9.961]]],[[[116.633,-8.275],[116.376,-8.202],[116.028,-8.445],[116.06,-8.714],[116.002,-8.899],[116.565,-8.896],[116.5,-8.803],[116.743,-8.392],[116.633,-8.275]]],[[[119.204,-8.611],[119.076,-8.652],[118.988,-8.309],[118.444,-8.258],[118.244,-8.329],[118.115,-8.114],[117.895,-8.09],[117.706,-8.23],[118.003,-8.474],[118.068,-8.656],[117.805,-8.72],[117.558,-8.405],[117.353,-8.447],[117.195,-8.358],[116.79,-8.584],[116.821,-8.787],[116.763,-9.016],[117.01,-9.107],[117.226,-9.024],[117.334,-9.059],[117.738,-8.91],[117.89,-8.937],[118.299,-8.758],[118.465,-8.865],[118.898,-8.688],[119.152,-8.742],[119.204,-8.611]]],[[[123.026,-8.289],[122.98,-8.147],[122.796,-8.11],[122.758,-8.361],[122.494,-8.475],[122.288,-8.634],[122.026,-8.5],[121.835,-8.474],[121.51,-8.602],[120.976,-8.337],[120.655,-8.262],[120.277,-8.269],[119.919,-8.461],[119.804,-8.597],[119.824,-8.78],[120.131,-8.771],[120.244,-8.823],[120.594,-8.796],[120.923,-8.926],[121.341,-8.918],[121.396,-8.794],[121.794,-8.884],[122.115,-8.732],[122.408,-8.741],[122.807,-8.611],[122.807,-8.487],[123.026,-8.289]]],[[[115.619,-8.289],[115.502,-8.173],[115.216,-8.06],[115.023,-8.173],[114.691,-8.135],[114.468,-8.219],[114.639,-8.399],[114.927,-8.467],[115.254,-8.715],[115.323,-8.624],[115.605,-8.501],[115.619,-8.289]]],[[[116.304,-3.718],[116.263,-3.406],[116.126,-3.319],[116.013,-3.65],[116.116,-4.037],[116.308,-3.879],[116.304,-3.718]]],[[[100.399,-3.184],[100.468,-3.015],[100.255,-2.791],[100.189,-2.967],[100.399,-3.184]]],[[[100.207,-2.694],[99.984,-2.485],[100.008,-2.82],[100.207,-2.694]]],[[[99.823,-2.293],[99.694,-2.068],[99.531,-2.156],[99.713,-2.313],[99.823,-2.293]]],[[[109.76,-1.104],[109.705,-0.984],[109.452,-1.004],[109.479,-1.299],[109.76,-1.104]]],[[[99.274,-1.635],[99.21,-1.573],[98.883,-0.913],[98.658,-0.963],[98.594,-1.198],[98.885,-1.679],[99.101,-1.799],[99.274,-1.635]]],[[[103.049,0.797],[102.556,1.126],[102.502,0.973],[102.407,0.873],[102.558,0.78],[103.049,0.797]]],[[[104.655,1.096],[104.4,1.203],[104.483,0.859],[104.662,0.937],[104.655,1.096]]],[[[102.473,1.242],[102.291,1.405],[102.201,1.298],[102.233,1.1],[102.334,0.964],[102.465,0.963],[102.473,1.242]]],[[[102.496,1.364],[102.349,1.555],[102.135,1.456],[102.496,1.364]]],[[[101.721,2.058],[101.649,2.128],[101.441,2.065],[101.394,1.931],[101.46,1.766],[101.715,1.778],[101.721,2.058]]],[[[96.48,2.415],[95.884,2.919],[95.698,2.779],[95.931,2.596],[96.066,2.579],[96.308,2.374],[96.48,2.415]]],[[[108.396,3.875],[108.391,3.997],[108.17,4.179],[107.985,4.012],[108.062,3.856],[108.318,3.684],[108.396,3.875]]],[[[123.39,-10.591],[123.225,-10.544],[123.049,-10.711],[122.813,-10.778],[122.842,-10.921],[123.209,-10.813],[123.39,-10.591]]],[[[123.928,-8.227],[123.798,-8.18],[123.358,-8.411],[123.399,-8.586],[123.729,-8.393],[123.928,-8.227]]],[[[138.897,-8.337],[138.831,-8.186],[138.689,-8.181],[138.558,-8.367],[138.897,-8.337]]],[[[125.134,-8.217],[125.093,-8.162],[124.451,-8.149],[124.418,-8.465],[125.123,-8.352],[125.134,-8.217]]],[[[129.841,-7.878],[129.725,-7.796],[129.594,-7.924],[129.776,-8.055],[129.841,-7.878]]],[[[126.837,-7.726],[126.631,-7.565],[126.328,-7.696],[125.948,-7.678],[125.808,-7.864],[126.422,-7.933],[126.559,-7.82],[126.837,-7.726]]],[[[138.939,-7.542],[138.805,-7.374],[138.621,-7.365],[138.244,-7.456],[138.028,-7.61],[137.759,-8.073],[137.637,-8.389],[138.444,-8.379],[138.661,-8.169],[138.818,-8.093],[138.904,-8.076],[138.884,-7.933],[138.983,-7.83],[139.046,-7.562],[138.939,-7.542]]],[[[131.699,-7.227],[131.529,-7.17],[131.347,-7.438],[131.255,-7.472],[131.12,-7.734],[131.116,-8.001],[131.361,-7.947],[131.39,-7.847],[131.643,-7.599],[131.699,-7.227]]],[[[114.046,-6.915],[113.924,-6.865],[112.915,-6.892],[112.693,-7.059],[112.743,-7.161],[113.128,-7.231],[113.549,-7.234],[113.665,-7.11],[113.833,-7.132],[114.046,-6.915]]],[[[134.484,-6.576],[134.45,-6.441],[134.124,-6.172],[134.073,-6.827],[134.311,-6.859],[134.484,-6.576]]],[[[134.758,-6.158],[134.765,-5.89],[134.697,-5.534],[134.491,-5.448],[134.352,-5.714],[134.276,-6.084],[134.334,-6.221],[134.608,-6.37],[134.758,-6.158]]],[[[122.067,-5.215],[121.854,-5.102],[121.807,-5.26],[121.968,-5.468],[122.067,-5.215]]],[[[122.78,-4.917],[122.736,-4.644],[122.405,-4.738],[122.327,-4.835],[122.403,-5.062],[122.275,-5.328],[122.543,-5.429],[122.655,-5.323],[122.643,-5.079],[122.78,-4.917]]],[[[123.15,-5.225],[122.984,-5.088],[123.046,-4.753],[123.204,-4.612],[123.02,-4.39],[122.909,-4.475],[122.763,-5.208],[122.567,-5.507],[122.638,-5.662],[122.828,-5.676],[122.978,-5.394],[123.15,-5.225]]],[[[123.204,-3.993],[123.016,-3.981],[122.978,-4.129],[123.087,-4.234],[123.253,-4.09],[123.204,-3.993]]],[[[128.331,-3.512],[128.035,-3.589],[128.127,-3.749],[128.337,-3.612],[128.331,-3.512]]],[[[127.241,-3.471],[127.26,-3.371],[127.094,-3.201],[126.72,-3.06],[126.421,-3.07],[125.992,-3.248],[126.174,-3.603],[126.589,-3.817],[126.742,-3.859],[127.243,-3.606],[127.241,-3.471]]],[[[130.873,-3.574],[130.667,-3.404],[130.578,-3.123],[130.345,-2.978],[130.047,-2.992],[129.612,-2.807],[129.444,-2.785],[129.122,-2.958],[129.053,-2.804],[128.865,-2.862],[128.516,-2.834],[128.175,-2.857],[127.875,-3.209],[128.282,-3.221],[128.484,-3.462],[128.877,-3.203],[128.961,-3.356],[129.114,-3.349],[129.486,-3.463],[129.545,-3.298],[129.89,-3.333],[129.983,-3.46],[130.419,-3.637],[130.818,-3.869],[130.873,-3.574]]],[[[108.294,-2.848],[108.067,-2.594],[107.67,-2.561],[107.581,-3.011],[107.753,-3.198],[108.188,-3.137],[108.294,-2.848]]],[[[126.329,-1.819],[125.993,-1.786],[125.703,-1.819],[125.402,-1.775],[125.438,-1.933],[126.272,-1.867],[126.329,-1.819]]],[[[130.386,-1.888],[130.352,-1.741],[130.012,-1.75],[129.745,-1.863],[129.926,-2.004],[130.126,-2.067],[130.374,-2.013],[130.386,-1.888]]],[[[125.315,-1.779],[124.633,-1.631],[124.385,-1.668],[124.331,-1.827],[124.406,-2.004],[124.543,-2.007],[124.853,-1.897],[125.014,-1.944],[125.322,-1.864],[125.315,-1.779]]],[[[136.848,-1.765],[136.39,-1.726],[136.191,-1.654],[135.897,-1.648],[135.718,-1.703],[136.273,-1.909],[136.645,-1.876],[136.848,-1.765]]],[[[106.769,-2.56],[106.354,-2.463],[106.264,-2.351],[106.163,-2.007],[106.175,-1.879],[105.876,-1.489],[105.46,-1.563],[105.35,-1.649],[105.376,-1.822],[105.154,-1.936],[105.147,-2.08],[105.306,-2.135],[105.607,-2.115],[105.796,-2.172],[105.829,-2.395],[105.987,-2.821],[106.447,-2.981],[106.613,-2.943],[106.769,-2.56]]],[[[128.145,-1.594],[127.899,-1.427],[127.625,-1.33],[127.404,-1.492],[127.379,-1.632],[127.533,-1.731],[127.703,-1.69],[128.052,-1.715],[128.145,-1.594]]],[[[123.503,-1.264],[123.201,-1.155],[122.899,-1.184],[122.812,-1.444],[122.874,-1.585],[123.095,-1.346],[123.185,-1.486],[123.529,-1.433],[123.503,-1.264]]],[[[131.057,-1.001],[130.913,-0.894],[130.681,-0.957],[130.75,-1.223],[130.983,-1.349],[131.057,-1.001]]],[[[136.376,-1.094],[136.196,-1.067],[136.066,-0.872],[135.847,-0.696],[135.37,-0.653],[135.641,-0.882],[135.781,-0.873],[135.828,-1.108],[136.143,-1.223],[136.376,-1.094]]],[[[104.549,-0.398],[104.325,-0.365],[104.256,-0.476],[104.522,-0.597],[104.549,-0.398]]],[[[127.889,-0.765],[127.606,-0.629],[127.683,-0.46],[127.532,-0.305],[127.303,-0.511],[127.47,-0.818],[127.626,-0.752],[127.749,-0.885],[127.889,-0.765]]],[[[131.298,-0.237],[131.154,-0.086],[130.825,-0.004],[130.369,-0.122],[130.316,-0.26],[130.681,-0.34],[130.696,-0.08],[130.952,-0.346],[131.158,-0.333],[131.298,-0.237]]],[[[104.929,-0.237],[104.766,-0.188],[104.62,-0.004],[104.494,-0.136],[104.541,-0.271],[104.736,-0.214],[104.929,-0.237]]],[[[97.928,0.996],[97.694,1.186],[97.486,1.477],[97.35,1.545],[97.233,1.277],[97.389,0.952],[97.614,0.824],[97.704,0.573],[97.883,0.643],[97.928,0.996]]],[[[127.666,-0.209],[127.851,-0.365],[128.049,-0.713],[128.228,-0.71],[128.043,-0.415],[127.892,-0.017],[127.881,0.302],[127.96,0.483],[128.262,0.391],[128.704,0.332],[128.684,0.542],[128.313,0.668],[128.214,0.774],[128.315,0.902],[128.701,1.071],[128.719,1.571],[128.46,1.545],[128.187,1.374],[128.196,1.196],[127.936,1.007],[127.796,0.799],[127.638,1.001],[127.894,1.157],[128.035,1.538],[128.015,1.719],[127.852,1.825],[128.05,2.148],[127.917,2.172],[127.581,1.752],[127.541,1.476],[127.406,1.23],[127.492,1.055],[127.555,0.74],[127.572,0.422],[127.714,0.277],[127.666,-0.209]]],[[[128.686,2.484],[128.467,2.594],[128.197,2.266],[128.345,2.04],[128.567,2.11],[128.686,2.484]]],[[[126.871,4.331],[126.734,4.536],[126.665,4.034],[126.81,4.037],[126.871,4.331]]]]},"properties":{"id":"indonesia","name":"インドネシア","nameEn":"Indonesia","guide":true,"small":false,"center":[100.639,-0.138]}},
{"type":"Feature","geometry":{"type":"MultiPolygon","coordinates":[[[[102.073,6.258],[102.06,6.095],[101.8,5.74],[101.535,5.906],[101.249,5.787],[101.105,5.638],[100.967,5.781],[101.071,5.92],[101.082,6.246],[100.822,6.26],[100.806,6.415],[100.387,6.522],[100.281,6.689],[100.167,6.695],[100.127,6.442],[100.349,6.013],[100.344,5.669],[100.43,5.303],[100.365,5.084],[100.454,4.909],[100.577,4.854],[100.633,4.533],[100.565,4.319],[100.633,4.155],[100.776,4.086],[100.721,3.868],[101.041,3.622],[101.298,3.275],[101.373,3.002],[101.283,2.911],[101.542,2.661],[101.783,2.576],[101.858,2.419],[101.989,2.395],[102.188,2.216],[102.489,2.093],[102.722,1.847],[102.804,1.86],[103.367,1.538],[103.504,1.29],[103.681,1.442],[103.84,1.477],[104.219,1.346],[104.295,1.447],[104.121,1.954],[103.949,2.34],[103.767,2.624],[103.638,2.672],[103.435,2.962],[103.428,3.367],[103.482,3.512],[103.339,3.758],[103.438,3.975],[103.395,4.116],[103.494,4.337],[103.449,4.795],[103.12,5.381],[102.5,5.897],[102.316,6.19],[102.073,6.258]]],[[[115.146,4.909],[115.273,4.637],[115.324,4.315],[115.113,4.382],[115.03,4.821],[114.982,4.889],[114.752,4.739],[114.836,4.357],[114.767,4.132],[114.587,4.021],[114.42,4.26],[114.297,4.317],[114.246,4.481],[113.999,4.601],[113.947,4.274],[113.737,4.001],[113.434,3.753],[113.278,3.484],[112.974,3.144],[112.014,2.886],[111.67,2.843],[111.44,2.68],[111.365,2.341],[111.209,2.389],[111.211,2.074],[110.968,1.503],[110.727,1.547],[110.366,1.716],[109.928,1.692],[109.655,1.937],[109.645,2.083],[109.528,1.89],[109.647,1.762],[109.677,1.573],[109.976,1.288],[110.17,1.174],[110.257,1.039],[110.554,0.851],[110.784,0.908],[110.853,0.997],[111.198,1.075],[111.352,1.014],[111.823,1.008],[111.91,1.114],[112.1,1.155],[112.18,1.449],[112.47,1.568],[113.023,1.537],[113.089,1.431],[113.503,1.314],[113.65,1.233],[113.91,1.442],[114.16,1.425],[114.356,1.502],[114.501,1.436],[114.669,1.694],[114.671,1.821],[114.832,1.903],[114.779,2.247],[114.92,2.296],[115.127,2.479],[115.056,2.609],[115.067,2.828],[115.242,3.042],[115.464,3.031],[115.647,4.169],[115.879,4.352],[116.021,4.271],[116.126,4.379],[116.494,4.325],[117.165,4.333],[117.567,4.16],[117.671,4.426],[117.892,4.257],[118.543,4.36],[118.6,4.519],[118.334,4.652],[118.136,4.882],[118.357,5.039],[118.509,4.931],[118.681,4.944],[119.156,5.106],[119.267,5.201],[119.205,5.443],[118.971,5.428],[118.737,5.548],[118.411,5.796],[118.125,5.864],[118.017,6.061],[117.884,5.955],[117.655,5.959],[117.606,6.182],[117.744,6.39],[117.51,6.602],[117.309,6.629],[117.144,7.004],[117.029,6.91],[116.974,6.708],[116.746,7.01],[116.645,6.717],[116.503,6.495],[116.201,6.218],[116.051,5.842],[115.92,5.747],[115.849,5.56],[115.55,5.54],[115.36,5.32],[115.561,5.208],[115.557,5.067],[115.358,4.903],[115.146,4.909]]]]},"properties":{"id":"malaysia","name":"マレーシア","nameEn":"Malaysia","guide":true,"small":false,"center":[114.403,3.939]}},
{"type":"Feature","geometry":{"type":"MultiPolygon","coordinates":[[[[-69.51,-17.507],[-69.858,-17.734],[-69.783,-17.982],[-69.97,-18.251],[-70.395,-18.338],[-70.304,-18.445],[-70.357,-18.773],[-70.277,-19.109],[-70.288,-19.301],[-70.151,-19.719],[-70.123,-20.072],[-70.192,-20.367],[-70.206,-20.739],[-70.059,-21.433],[-70.152,-21.665],[-70.297,-22.918],[-70.451,-23.097],[-70.562,-23.06],[-70.585,-23.424],[-70.413,-23.511],[-70.499,-23.785],[-70.5,-24.097],[-70.583,-24.525],[-70.576,-24.732],[-70.473,-24.975],[-70.445,-25.345],[-70.651,-25.541],[-70.71,-25.835],[-70.631,-26.01],[-70.642,-26.315],[-70.789,-26.996],[-70.96,-27.161],[-70.912,-27.622],[-71.039,-27.666],[-71.138,-27.946],[-71.174,-28.361],[-71.302,-28.675],[-71.522,-28.94],[-71.494,-29.193],[-71.307,-29.421],[-71.287,-29.91],[-71.412,-29.992],[-71.383,-30.148],[-71.639,-30.252],[-71.713,-30.615],[-71.668,-31.15],[-71.515,-31.775],[-71.544,-32.193],[-71.412,-32.37],[-71.446,-32.643],[-71.568,-33.002],[-71.72,-33.168],[-71.641,-33.501],[-71.688,-33.721],[-71.808,-33.777],[-72.027,-34.163],[-72.057,-34.659],[-72.188,-34.886],[-72.231,-35.116],[-72.364,-35.208],[-72.53,-35.49],[-72.647,-35.567],[-72.598,-35.81],[-72.78,-35.953],[-72.832,-36.308],[-73.002,-36.714],[-73.16,-36.735],[-73.173,-37.076],[-73.283,-37.214],[-73.672,-37.363],[-73.604,-37.512],[-73.668,-37.719],[-73.463,-38.092],[-73.543,-38.421],[-73.283,-39.075],[-73.242,-39.49],[-73.402,-39.804],[-73.683,-39.942],[-73.781,-40.437],[-73.947,-40.973],[-73.798,-41.566],[-73.66,-41.758],[-73.201,-41.785],[-73.112,-41.586],[-72.957,-41.484],[-72.752,-41.548],[-72.645,-41.723],[-72.864,-41.906],[-72.488,-42.065],[-72.81,-42.243],[-72.842,-42.838],[-72.761,-43.009],[-73.111,-43.461],[-72.979,-43.761],[-73.278,-44.11],[-72.687,-44.488],[-72.728,-44.759],[-73.117,-44.948],[-73.348,-44.958],[-73.304,-45.145],[-73.461,-45.266],[-73.555,-45.878],[-73.77,-46.235],[-74.189,-45.794],[-74.691,-45.842],[-74.713,-45.984],[-74.958,-46.215],[-75.091,-46.216],[-75.517,-46.554],[-75.705,-46.639],[-75.552,-46.948],[-75.353,-46.901],[-75.437,-46.65],[-75.083,-46.641],[-74.651,-46.788],[-74.267,-46.782],[-73.958,-47.06],[-74.139,-47.222],[-74.325,-47.219],[-74.736,-47.705],[-74.628,-47.768],[-73.71,-47.776],[-73.592,-48.141],[-73.891,-48.022],[-74.415,-47.984],[-74.197,-48.473],[-74.392,-48.599],[-74.424,-49.371],[-74.215,-49.523],[-74.322,-49.633],[-74.251,-50.081],[-74.574,-50.099],[-74.126,-50.762],[-74.256,-50.939],[-74.13,-51.188],[-73.784,-51.224],[-73.934,-51.399],[-73.904,-51.612],[-73.68,-51.769],[-73.54,-52.055],[-73.316,-52.166],[-73.145,-51.94],[-72.467,-51.79],[-72.529,-51.955],[-72.803,-51.937],[-73.334,-52.219],[-73.581,-52.208],[-73.531,-52.457],[-73.688,-52.598],[-73.269,-52.674],[-73.327,-53.071],[-72.954,-53.024],[-73.005,-52.833],[-72.791,-52.753],[-72.656,-52.522],[-71.572,-52.561],[-71.851,-52.695],[-72.161,-52.652],[-72.562,-52.834],[-72.96,-52.825],[-72.891,-53.057],[-73.199,-53.241],[-72.523,-53.544],[-72.467,-53.283],[-71.531,-52.867],[-71.169,-52.813],[-71.254,-53.017],[-71.835,-53.252],[-72.282,-53.243],[-72.453,-53.407],[-72.053,-53.707],[-71.645,-53.824],[-71.229,-53.875],[-70.974,-53.756],[-70.993,-53.383],[-70.817,-52.992],[-70.812,-52.821],[-70.583,-52.672],[-69.847,-52.487],[-69.672,-52.531],[-69.482,-52.29],[-69.235,-52.203],[-68.898,-52.304],[-68.449,-52.347],[-69.212,-52.138],[-69.485,-52.132],[-69.953,-52.007],[-71.918,-51.99],[-71.958,-51.868],[-72.281,-51.701],[-72.382,-51.161],[-72.263,-50.836],[-72.303,-50.649],[-72.778,-50.62],[-73.096,-50.771],[-73.262,-50.557],[-73.323,-50.268],[-73.531,-50.141],[-73.573,-49.932],[-73.465,-49.76],[-73.587,-49.53],[-73.458,-49.308],[-73.098,-49.273],[-73.01,-48.99],[-72.592,-48.791],[-72.577,-48.452],[-72.326,-48.286],[-72.343,-48.07],[-72.544,-47.915],[-72.344,-47.602],[-72.01,-47.198],[-71.934,-46.8],[-71.687,-46.69],[-71.77,-46.113],[-71.612,-45.971],[-71.799,-45.74],[-71.765,-45.572],[-71.526,-45.519],[-71.312,-45.299],[-71.589,-44.978],[-71.855,-44.791],[-71.497,-44.743],[-71.336,-44.802],[-71.123,-44.53],[-71.21,-44.428],[-71.822,-44.403],[-71.859,-44.108],[-71.66,-43.926],[-71.819,-43.758],[-71.724,-43.595],[-71.937,-43.457],[-71.743,-43.19],[-72.01,-43.12],[-72.149,-42.999],[-72.148,-42.593],[-72.042,-42.491],[-72.125,-42.263],[-71.736,-42.084],[-71.926,-41.623],[-71.851,-40.938],[-71.956,-40.72],[-71.804,-40.426],[-71.824,-40.21],[-71.625,-39.931],[-71.719,-39.623],[-71.52,-39.615],[-71.402,-39.236],[-71.416,-38.935],[-71.228,-38.809],[-70.874,-38.691],[-70.849,-38.528],[-70.974,-38.425],[-71.01,-38.066],[-71.185,-37.706],[-71.123,-37.443],[-71.145,-36.688],[-71.043,-36.484],[-70.719,-36.415],[-70.703,-36.26],[-70.38,-36.046],[-70.408,-35.506],[-70.543,-35.209],[-70.387,-35.167],[-70.228,-34.585],[-70.04,-34.277],[-69.833,-34.243],[-69.91,-33.956],[-69.895,-33.662],[-69.788,-33.379],[-69.905,-33.238],[-70.101,-33.187],[-70,-32.877],[-70.14,-32.768],[-70.172,-32.465],[-70.322,-32.28],[-70.242,-31.961],[-70.428,-31.87],[-70.591,-31.55],[-70.48,-31.097],[-70.34,-31.042],[-70.319,-30.801],[-70.217,-30.515],[-69.903,-30.313],[-69.85,-30.127],[-69.976,-30.059],[-69.929,-29.718],[-70.043,-29.363],[-69.804,-29.099],[-69.741,-28.641],[-69.653,-28.398],[-69.42,-28.213],[-69.303,-28],[-69.173,-27.924],[-69.124,-27.734],[-68.801,-27.113],[-68.586,-27.163],[-68.33,-27.045],[-68.32,-26.87],[-68.57,-26.551],[-68.575,-26.304],[-68.42,-26.179],[-68.498,-25.755],[-68.606,-25.437],[-68.516,-25.184],[-68.367,-25.103],[-68.572,-24.77],[-68.504,-24.612],[-68.244,-24.385],[-67.362,-24.03],[-67.014,-23.001],[-67.194,-22.822],[-67.547,-22.893],[-67.876,-22.834],[-67.859,-22.567],[-67.99,-22.058],[-68.096,-21.954],[-68.198,-21.572],[-68.208,-21.284],[-68.416,-20.96],[-68.572,-20.872],[-68.482,-20.643],[-68.686,-20.517],[-68.679,-20.329],[-68.776,-20.09],[-68.588,-20.056],[-68.554,-19.858],[-68.698,-19.746],[-68.496,-19.458],[-68.99,-18.946],[-68.955,-18.857],[-69.141,-18.031],[-69.302,-17.976],[-69.334,-17.806],[-69.51,-17.507]]],[[[-68.642,-54.799],[-68.642,-54.783],[-68.635,-53.711],[-68.628,-52.64],[-68.746,-52.557],[-69.14,-52.684],[-69.374,-52.47],[-69.584,-52.51],[-69.734,-52.774],[-70.001,-52.842],[-70.243,-53.062],[-70.419,-53.012],[-70.474,-53.309],[-70.257,-53.461],[-69.675,-53.358],[-69.353,-53.356],[-69.361,-53.522],[-70.137,-53.739],[-70.073,-54.249],[-70.322,-54.325],[-70.933,-54.114],[-70.86,-54.318],[-71.011,-54.449],[-71.725,-54.405],[-71.94,-54.511],[-71.477,-54.676],[-71.29,-54.676],[-70.24,-54.858],[-69.795,-54.788],[-69.067,-54.949],[-68.654,-54.886],[-68.642,-54.799]]],[[[-67.999,-55.628],[-68.239,-55.292],[-68.531,-55.11],[-68.441,-54.94],[-69.32,-54.993],[-69.886,-55.064],[-70.031,-55.153],[-69.608,-55.365],[-69.272,-55.213],[-68.856,-55.258],[-68.967,-55.43],[-68.253,-55.525],[-67.999,-55.628]]],[[[-67.883,-55.244],[-67.423,-55.216],[-67.062,-55.072],[-67.302,-54.929],[-67.942,-54.905],[-68.186,-54.978],[-68.157,-55.196],[-67.883,-55.244]]],[[[-71.631,-54.079],[-71.5,-54.211],[-71.114,-54.38],[-70.99,-54.266],[-71.463,-53.942],[-71.631,-54.079]]],[[[-72.015,-54.202],[-71.713,-54.148],[-71.727,-53.899],[-71.946,-53.853],[-72.258,-53.945],[-72.015,-54.202]]],[[[-70.455,-53.612],[-70.882,-53.842],[-70.823,-54.114],[-70.54,-54.222],[-70.336,-54.007],[-70.452,-53.887],[-70.455,-53.612]]],[[[-72.53,-54.075],[-72.187,-53.777],[-72.656,-53.537],[-73.132,-53.489],[-73.585,-53.583],[-73.066,-53.831],[-72.743,-53.894],[-72.934,-54.058],[-72.53,-54.075]]],[[[-73.207,-53.318],[-73.435,-53.14],[-73.876,-53.003],[-74.407,-52.914],[-74.263,-53.091],[-73.88,-53.058],[-73.42,-53.283],[-73.207,-53.318]]],[[[-73.837,-52.701],[-73.678,-52.473],[-73.895,-52.408],[-74.128,-52.666],[-73.837,-52.701]]],[[[-74.386,-50.981],[-74.879,-50.886],[-74.893,-51.049],[-74.386,-50.981]]],[[[-74.31,-50.834],[-74.383,-50.456],[-74.581,-50.634],[-74.31,-50.834]]],[[[-75.041,-50.289],[-75.133,-50.083],[-75.397,-50.172],[-75.461,-50.35],[-75.041,-50.289]]],[[[-75.198,-49.771],[-74.962,-49.785],[-74.868,-50.016],[-74.485,-49.953],[-74.421,-49.69],[-74.536,-49.508],[-74.448,-49.322],[-74.526,-48.723],[-74.756,-48.678],[-75.052,-48.857],[-74.805,-49.104],[-74.93,-49.314],[-75.467,-49.333],[-75.198,-49.771]]],[[[-74.499,-48.583],[-74.667,-48.264],[-75.033,-48.504],[-74.947,-48.62],[-74.621,-48.692],[-74.499,-48.583]]],[[[-75.161,-48.298],[-74.837,-48.345],[-74.828,-48.145],[-75.256,-48.069],[-75.161,-48.298]]],[[[-75.15,-48.658],[-75.071,-48.596],[-75.378,-48.008],[-75.585,-48.086],[-75.555,-48.379],[-75.271,-48.418],[-75.15,-48.658]]],[[[-74.753,-45.808],[-75.113,-45.886],[-75.074,-46.094],[-74.766,-45.989],[-74.753,-45.808]]],[[[-74.503,-45.732],[-74.208,-45.636],[-74.421,-45.454],[-74.503,-45.732]]],[[[-73.732,-45.215],[-73.915,-44.995],[-74.207,-45.043],[-74.007,-45.232],[-73.732,-45.215]]],[[[-73.927,-44.629],[-74.401,-44.626],[-74.28,-44.804],[-73.927,-44.629]]],[[[-73.382,-44.588],[-73.408,-44.822],[-73.147,-44.912],[-72.838,-44.71],[-72.721,-44.528],[-73.002,-44.361],[-73.382,-44.588]]],[[[-74.335,-43.282],[-73.877,-43.422],[-73.682,-43.381],[-73.721,-43.142],[-73.49,-43.1],[-73.65,-42.883],[-73.517,-42.789],[-73.809,-42.609],[-73.682,-42.37],[-73.374,-42.257],[-73.489,-42.146],[-73.537,-41.84],[-73.691,-41.809],[-74.055,-41.945],[-74.053,-42.13],[-74.19,-42.432],[-74.128,-42.671],[-74.335,-43.282]]]]},"properties":{"id":"chile","name":"チリ","nameEn":"Chile","guide":true,"small":false,"center":[-71.363,-35.696]}},
{"type":"Feature","geometry":{"type":"Polygon","coordinates":[[[-69.51,-17.507],[-69.334,-17.806],[-69.302,-17.976],[-69.141,-18.031],[-68.955,-18.857],[-68.99,-18.946],[-68.496,-19.458],[-68.698,-19.746],[-68.554,-19.858],[-68.588,-20.056],[-68.776,-20.09],[-68.679,-20.329],[-68.686,-20.517],[-68.482,-20.643],[-68.572,-20.872],[-68.416,-20.96],[-68.208,-21.284],[-68.198,-21.572],[-68.096,-21.954],[-67.99,-22.058],[-67.859,-22.567],[-67.876,-22.834],[-67.547,-22.893],[-67.194,-22.822],[-67.038,-22.655],[-67.033,-22.525],[-66.796,-22.435],[-66.736,-22.225],[-66.377,-22.127],[-66.24,-21.792],[-66.094,-21.833],[-65.745,-22.114],[-65.02,-22.097],[-64.587,-22.213],[-64.572,-22.343],[-64.294,-22.691],[-63.948,-22.008],[-62.804,-22.004],[-62.65,-22.234],[-62.276,-21.067],[-62.277,-20.58],[-61.944,-20.104],[-61.761,-19.658],[-60.006,-19.298],[-59.09,-19.287],[-58.175,-19.821],[-58.159,-20.165],[-57.86,-19.98],[-58.125,-19.73],[-57.789,-19.059],[-57.782,-18.91],[-57.551,-18.184],[-57.73,-17.846],[-57.791,-17.556],[-58.01,-17.497],[-58.381,-17.267],[-58.48,-16.684],[-58.356,-16.51],[-58.465,-16.331],[-60.13,-16.273],[-60.18,-16.222],[-60.238,-15.503],[-60.529,-15.144],[-60.275,-15.095],[-60.292,-14.63],[-60.474,-14.117],[-60.39,-13.975],[-60.465,-13.817],[-60.897,-13.553],[-61.348,-13.494],[-61.848,-13.531],[-61.869,-13.464],[-62.222,-13.121],[-62.807,-12.989],[-62.975,-12.853],[-63.075,-12.653],[-63.247,-12.701],[-63.496,-12.553],[-63.801,-12.455],[-63.921,-12.544],[-64.396,-12.457],[-64.469,-12.261],[-64.716,-12.147],[-64.793,-12.033],[-64.997,-11.996],[-65.066,-11.753],[-65.353,-11.391],[-65.303,-10.991],[-65.405,-10.799],[-65.45,-10.468],[-65.288,-10.216],[-65.304,-9.826],[-65.452,-9.681],[-65.584,-9.837],[-65.789,-9.733],[-66.632,-9.904],[-67.064,-10.257],[-67.338,-10.326],[-67.585,-10.502],[-67.756,-10.714],[-67.863,-10.659],[-68.098,-10.698],[-68.293,-10.979],[-68.616,-11.112],[-68.787,-11.126],[-68.884,-11.016],[-69.396,-10.935],[-69.578,-10.952],[-68.684,-12.502],[-68.981,-12.868],[-68.963,-13.284],[-69.016,-13.753],[-68.884,-14.211],[-68.99,-14.379],[-69.247,-14.594],[-69.391,-14.964],[-69.148,-15.233],[-69.291,-15.351],[-69.424,-15.656],[-69.22,-16.153],[-68.844,-16.302],[-69.002,-16.423],[-69.037,-16.67],[-69.192,-16.743],[-69.427,-17.087],[-69.623,-17.186],[-69.51,-17.507]]]},"properties":{"id":"bolivia","name":"ボリビア","nameEn":"Bolivia","guide":true,"small":false,"center":[-63.566,-16.289]}},
{"type":"Feature","geometry":{"type":"Polygon","coordinates":[[[-69.51,-17.507],[-69.623,-17.186],[-69.427,-17.087],[-69.192,-16.743],[-69.037,-16.67],[-69.002,-16.423],[-68.844,-16.302],[-69.22,-16.153],[-69.424,-15.656],[-69.291,-15.351],[-69.148,-15.233],[-69.391,-14.964],[-69.247,-14.594],[-68.99,-14.379],[-68.884,-14.211],[-69.016,-13.753],[-68.963,-13.284],[-68.981,-12.868],[-68.684,-12.502],[-69.578,-10.952],[-69.956,-10.919],[-70.289,-11.065],[-70.534,-10.938],[-70.641,-11.011],[-70.638,-9.852],[-70.543,-9.727],[-70.681,-9.528],[-71.197,-9.94],[-71.391,-10.007],[-72.196,-10.006],[-72.16,-9.888],[-72.262,-9.667],[-72.43,-9.482],[-72.813,-9.411],[-73.215,-9.409],[-72.959,-9.086],[-73.175,-8.721],[-73.351,-8.598],[-73.356,-8.48],[-73.527,-8.372],[-73.668,-8.014],[-73.712,-7.788],[-73.969,-7.585],[-73.979,-7.375],[-73.761,-7.337],[-73.812,-7.103],[-73.765,-6.904],[-73.371,-6.584],[-73.132,-6.435],[-73.235,-6.078],[-73.001,-5.709],[-72.897,-5.272],[-72.918,-5.132],[-72.627,-5.022],[-72.071,-4.605],[-71.774,-4.482],[-70.969,-4.385],[-70.832,-4.179],[-70.585,-4.195],[-70.43,-4.134],[-70.231,-4.304],[-69.965,-4.236],[-70.188,-4.029],[-70.311,-3.829],[-70.544,-3.865],[-70.734,-3.782],[-70.051,-2.715],[-70.236,-2.625],[-70.874,-2.23],[-70.993,-2.197],[-71.22,-2.342],[-71.387,-2.369],[-71.456,-2.255],[-71.768,-2.142],[-71.966,-2.328],[-72.397,-2.447],[-72.644,-2.334],[-72.943,-2.419],[-73.195,-2.187],[-73.111,-2.073],[-73.186,-1.8],[-73.34,-1.792],[-73.531,-1.674],[-73.497,-1.478],[-73.637,-1.255],[-74.289,-0.943],[-74.413,-0.573],[-74.825,-0.17],[-74.933,-0.209],[-75.142,-0.043],[-75.283,-0.107],[-75.455,-0.161],[-75.434,-0.403],[-75.272,-0.526],[-75.297,-0.747],[-75.413,-0.924],[-75.56,-1.503],[-76.091,-2.129],[-76.685,-2.574],[-77.849,-2.981],[-78.196,-3.364],[-78.363,-3.489],[-78.502,-3.954],[-78.682,-4.327],[-78.673,-4.551],[-78.853,-4.652],[-79.009,-4.96],[-79.303,-4.961],[-79.451,-4.81],[-79.507,-4.532],[-79.658,-4.439],[-79.796,-4.485],[-80.08,-4.309],[-80.408,-4.478],[-80.489,-4.396],[-80.481,-3.999],[-80.305,-4.005],[-80.165,-3.89],[-80.216,-3.632],[-80.341,-3.393],[-80.772,-3.71],[-80.868,-3.873],[-81.253,-4.239],[-81.338,-4.678],[-81.063,-5.022],[-81.198,-5.208],[-80.932,-5.464],[-80.856,-5.65],[-80.94,-5.851],[-81.15,-5.883],[-81.101,-6.072],[-80.791,-6.3],[-80.298,-6.544],[-79.965,-6.787],[-79.613,-7.266],[-79.583,-7.464],[-79.466,-7.716],[-79.3,-7.939],[-78.986,-8.217],[-78.94,-8.436],[-78.759,-8.608],[-78.764,-8.775],[-78.497,-9.19],[-78.37,-9.615],[-78.229,-9.794],[-78.235,-9.953],[-78.056,-10.348],[-77.671,-10.928],[-77.595,-11.165],[-77.647,-11.292],[-77.32,-11.494],[-77.225,-11.627],[-77.146,-11.932],[-77.175,-12.072],[-76.854,-12.303],[-76.812,-12.483],[-76.516,-12.87],[-76.483,-13.036],[-76.221,-13.358],[-76.181,-13.539],[-76.277,-13.945],[-76.282,-14.141],[-76.149,-14.224],[-75.981,-14.461],[-75.931,-14.649],[-75.551,-14.885],[-75.362,-15.145],[-75.241,-15.205],[-75.161,-15.393],[-74.848,-15.566],[-74.463,-15.727],[-74.442,-15.798],[-74.047,-15.96],[-73.7,-16.221],[-73.42,-16.293],[-73.28,-16.388],[-72.692,-16.661],[-72.362,-16.761],[-72.293,-16.881],[-71.808,-17.191],[-71.515,-17.285],[-71.4,-17.4],[-71.36,-17.633],[-71.087,-17.869],[-70.915,-17.947],[-70.683,-18.162],[-70.395,-18.338],[-69.97,-18.251],[-69.783,-17.982],[-69.858,-17.734],[-69.51,-17.507]]]},"properties":{"id":"peru","name":"ペルー","nameEn":"Peru","guide":true,"small":false,"center":[-75.011,-9.183]}},
{"type":"Feature","geometry":{"type":"MultiPolygon","coordinates":[[[[-67.194,-22.822],[-67.014,-23.001],[-67.362,-24.03],[-68.244,-24.385],[-68.504,-24.612],[-68.572,-24.77],[-68.367,-25.103],[-68.516,-25.184],[-68.606,-25.437],[-68.498,-25.755],[-68.42,-26.179],[-68.575,-26.304],[-68.57,-26.551],[-68.32,-26.87],[-68.33,-27.045],[-68.586,-27.163],[-68.801,-27.113],[-69.124,-27.734],[-69.173,-27.924],[-69.303,-28],[-69.42,-28.213],[-69.653,-28.398],[-69.741,-28.641],[-69.804,-29.099],[-70.043,-29.363],[-69.929,-29.718],[-69.976,-30.059],[-69.85,-30.127],[-69.903,-30.313],[-70.217,-30.515],[-70.319,-30.801],[-70.34,-31.042],[-70.48,-31.097],[-70.591,-31.55],[-70.428,-31.87],[-70.242,-31.961],[-70.322,-32.28],[-70.172,-32.465],[-70.14,-32.768],[-70,-32.877],[-70.101,-33.187],[-69.905,-33.238],[-69.788,-33.379],[-69.895,-33.662],[-69.91,-33.956],[-69.833,-34.243],[-70.04,-34.277],[-70.228,-34.585],[-70.387,-35.167],[-70.543,-35.209],[-70.408,-35.506],[-70.38,-36.046],[-70.703,-36.26],[-70.719,-36.415],[-71.043,-36.484],[-71.145,-36.688],[-71.123,-37.443],[-71.185,-37.706],[-71.01,-38.066],[-70.974,-38.425],[-70.849,-38.528],[-70.874,-38.691],[-71.228,-38.809],[-71.416,-38.935],[-71.402,-39.236],[-71.52,-39.615],[-71.719,-39.623],[-71.625,-39.931],[-71.824,-40.21],[-71.804,-40.426],[-71.956,-40.72],[-71.851,-40.938],[-71.926,-41.623],[-71.736,-42.084],[-72.125,-42.263],[-72.042,-42.491],[-72.148,-42.593],[-72.149,-42.999],[-72.01,-43.12],[-71.743,-43.19],[-71.937,-43.457],[-71.724,-43.595],[-71.819,-43.758],[-71.66,-43.926],[-71.859,-44.108],[-71.822,-44.403],[-71.21,-44.428],[-71.123,-44.53],[-71.336,-44.802],[-71.497,-44.743],[-71.855,-44.791],[-71.589,-44.978],[-71.312,-45.299],[-71.526,-45.519],[-71.765,-45.572],[-71.799,-45.74],[-71.612,-45.971],[-71.77,-46.113],[-71.687,-46.69],[-71.934,-46.8],[-72.01,-47.198],[-72.344,-47.602],[-72.544,-47.915],[-72.343,-48.07],[-72.326,-48.286],[-72.577,-48.452],[-72.592,-48.791],[-73.01,-48.99],[-73.098,-49.273],[-73.06,-49.555],[-73.465,-49.76],[-73.573,-49.932],[-73.531,-50.141],[-73.323,-50.268],[-73.262,-50.557],[-73.096,-50.771],[-72.778,-50.62],[-72.303,-50.649],[-72.263,-50.836],[-72.382,-51.161],[-72.281,-51.701],[-71.958,-51.868],[-71.918,-51.99],[-69.953,-52.007],[-69.485,-52.132],[-69.212,-52.138],[-68.449,-52.347],[-68.936,-51.646],[-69.168,-50.978],[-69.077,-50.56],[-68.876,-50.331],[-68.076,-50.087],[-67.833,-49.955],[-67.732,-49.781],[-67.653,-49.377],[-67.704,-49.304],[-67.557,-49.016],[-67.198,-48.818],[-67.114,-48.674],[-66.651,-48.431],[-66.468,-48.4],[-65.847,-47.944],[-65.736,-47.51],[-65.745,-47.204],[-65.98,-47.066],[-66.2,-47.09],[-66.786,-47.007],[-67.13,-46.707],[-67.423,-46.567],[-67.622,-46.164],[-67.548,-45.933],[-67.361,-45.777],[-67.332,-45.613],[-67.065,-45.35],[-66.869,-45.236],[-66.524,-45.216],[-66.468,-45.077],[-66.2,-44.993],[-65.603,-45.028],[-65.686,-44.713],[-65.326,-44.508],[-65.217,-44.366],[-65.309,-44.2],[-65.222,-44.037],[-65.334,-43.673],[-64.765,-43.147],[-64.448,-43.069],[-64.513,-42.936],[-64.997,-42.785],[-64.946,-42.654],[-64.615,-42.515],[-64.323,-42.542],[-64.108,-42.884],[-63.62,-42.751],[-63.59,-42.341],[-63.81,-42.07],[-64.162,-42.209],[-64.128,-42.433],[-64.566,-42.436],[-64.531,-42.244],[-64.857,-42.194],[-65.07,-41.986],[-64.993,-41.553],[-65.175,-41.01],[-65.122,-40.834],[-64.947,-40.711],[-64.773,-40.806],[-63.779,-41.159],[-63.1,-41.155],[-62.338,-40.873],[-62.251,-40.622],[-62.484,-40.288],[-62.369,-40.211],[-62.315,-39.869],[-62.164,-39.859],[-62.056,-39.452],[-62.316,-39.265],[-62.358,-39.102],[-62.157,-38.81],[-62.027,-38.938],[-61.518,-39.011],[-60.866,-38.976],[-59.889,-38.838],[-59.063,-38.694],[-58.156,-38.43],[-57.594,-38.153],[-57.512,-37.872],[-57.056,-37.413],[-56.665,-36.851],[-56.698,-36.396],[-56.929,-36.364],[-57.248,-36.17],[-57.366,-35.988],[-57.353,-35.728],[-57.145,-35.484],[-57.249,-35.249],[-57.522,-35.013],[-57.871,-34.83],[-58.155,-34.75],[-58.511,-34.436],[-58.379,-34.188],[-58.395,-34.031],[-58.549,-33.683],[-58.522,-33.449],[-58.412,-33.298],[-58.383,-33.075],[-58.147,-33.05],[-58.223,-32.534],[-58.2,-32.447],[-58.102,-32.311],[-58.187,-32.153],[-58.169,-31.846],[-58.059,-31.811],[-57.987,-31.554],[-58.075,-31.475],[-57.905,-31.241],[-57.807,-30.908],[-57.85,-30.485],[-57.653,-30.329],[-57.642,-30.193],[-57.612,-30.183],[-57.325,-29.981],[-57.309,-29.849],[-57.094,-29.752],[-56.677,-29.313],[-56.617,-29.161],[-56.416,-29.051],[-56.185,-28.744],[-55.898,-28.461],[-55.773,-28.232],[-55.441,-28.079],[-55.33,-27.928],[-55.026,-27.84],[-54.828,-27.545],[-54.7,-27.553],[-54.461,-27.413],[-54.287,-27.428],[-54.19,-27.261],[-53.819,-27.14],[-53.711,-26.874],[-53.746,-26.694],[-53.667,-26.219],[-53.826,-25.973],[-53.91,-25.629],[-54.215,-25.531],[-54.461,-25.642],[-54.6,-25.575],[-54.588,-25.811],[-54.662,-25.98],[-54.638,-26.197],[-54.706,-26.442],[-54.975,-26.788],[-55.414,-26.98],[-55.599,-27.183],[-55.591,-27.328],[-55.755,-27.444],[-55.913,-27.328],[-56.125,-27.299],[-56.28,-27.39],[-56.368,-27.581],[-56.546,-27.455],[-56.771,-27.507],[-56.904,-27.419],[-57.18,-27.487],[-58.022,-27.26],[-58.511,-27.278],[-58.653,-27.156],[-58.248,-26.758],[-58.206,-26.403],[-58.087,-26.127],[-57.873,-26.01],[-57.875,-25.876],[-57.557,-25.46],[-57.754,-25.181],[-58.224,-24.941],[-58.809,-24.777],[-59.341,-24.488],[-59.46,-24.359],[-60.034,-24.007],[-60.328,-24.018],[-61.006,-23.805],[-61.11,-23.607],[-61.492,-23.413],[-61.956,-23.034],[-62.287,-22.484],[-62.65,-22.234],[-62.804,-22.004],[-63.948,-22.008],[-64.294,-22.691],[-64.572,-22.343],[-64.587,-22.213],[-65.02,-22.097],[-65.745,-22.114],[-66.094,-21.833],[-66.24,-21.792],[-66.377,-22.127],[-66.736,-22.225],[-66.796,-22.435],[-67.033,-22.525],[-67.038,-22.655],[-67.194,-22.822]]],[[[-68.642,-54.783],[-68.52,-54.852],[-68.078,-54.846],[-67.031,-54.905],[-66.541,-55.051],[-65.993,-54.972],[-65.966,-54.902],[-65.332,-54.914],[-65.156,-54.641],[-65.844,-54.647],[-66.482,-54.466],[-66.767,-54.25],[-67.298,-54.054],[-67.558,-53.836],[-67.984,-53.601],[-68.111,-53.344],[-68.451,-53.298],[-68.521,-53.121],[-68.266,-52.981],[-68.628,-52.64],[-68.635,-53.711],[-68.642,-54.783]]]]},"properties":{"id":"argentina","name":"アルゼンチン","nameEn":"Argentina","guide":true,"small":false,"center":[-63.617,-37.089]}},
{"type":"Feature","geometry":{"type":"MultiPolygon","coordinates":[[[[33.781,34.976],[33.782,34.976],[33.892,34.958],[33.898,35.061],[33.907,35.069],[33.679,35.034],[33.703,34.988],[33.702,34.973],[33.781,34.976]]],[[[33.703,34.988],[33.497,35.026],[33.446,35.001],[33.457,35.101],[33.416,35.16],[33.174,35.163],[32.922,35.072],[32.816,35.063],[32.807,35.095],[32.713,35.134],[32.692,35.184],[32.66,35.187],[32.585,35.173],[32.372,35.041],[32.413,34.753],[32.761,34.653],[33.016,34.634],[33.606,34.822],[33.702,34.973],[33.703,34.988]]],[[[33.898,35.061],[33.892,34.958],[34.022,35.057],[33.898,35.061]]],[[[34.012,35.064],[33.9,35.164],[34.036,35.471],[33.428,35.329],[32.92,35.398],[32.929,35.233],[32.711,35.182],[32.855,35.079],[33.096,35.17],[33.19,35.19],[33.4,35.198],[33.477,35.095],[33.477,35.057],[33.679,35.034],[33.907,35.069],[34.012,35.064]]],[[[33.907,35.069],[33.898,35.061],[34.022,35.057],[34.012,35.064],[33.907,35.069]]],[[[33.679,35.034],[33.477,35.057],[33.477,35.095],[33.4,35.198],[33.19,35.19],[33.096,35.17],[32.855,35.079],[32.711,35.182],[32.692,35.184],[32.713,35.134],[32.807,35.095],[32.816,35.063],[32.922,35.072],[33.174,35.163],[33.416,35.16],[33.457,35.101],[33.446,35.001],[33.497,35.026],[33.703,34.988],[33.679,35.034]]],[[[32.641,35.187],[32.602,35.179],[32.585,35.173],[32.66,35.187],[32.641,35.187]]]]},"properties":{"id":"cyprus","name":"キプロス","nameEn":"Cyprus","guide":true,"small":true,"center":[33.652,35.347]}},
{"type":"Feature","geometry":{"type":"MultiPolygon","coordinates":[[[[77.8,35.495],[77.049,35.11],[76.921,34.921],[76.553,34.726],[76.023,34.677],[75.777,34.504],[75.348,34.557],[74.286,34.769],[73.962,34.668],[73.775,34.371],[73.998,34.197],[73.946,34.01],[74.035,33.829],[73.977,33.648],[74.142,33.549],[74.002,33.178],[74.322,32.972],[74.419,32.785],[74.65,32.723],[74.725,32.461],[75.024,32.466],[75.359,32.262],[75.295,32.149],[74.829,32.025],[74.566,31.841],[74.489,31.711],[74.612,31.44],[74.506,31.175],[74.601,31.057],[74.33,30.9],[74.164,30.665],[73.852,30.373],[73.944,30.188],[73.74,30.048],[73.37,29.927],[73.233,29.537],[72.902,29.023],[72.382,28.784],[72.256,28.646],[72.15,28.354],[71.892,28.097],[71.861,27.95],[71.561,27.869],[71.311,27.862],[70.832,27.701],[70.71,27.741],[70.633,27.932],[70.342,28.011],[70.091,27.794],[70.017,27.601],[69.576,27.188],[69.465,26.808],[69.816,26.58],[70.158,26.53],[70.132,26.18],[70.065,25.98],[70.265,25.697],[70.657,25.634],[70.647,25.431],[70.86,25.139],[71.064,24.683],[70.955,24.585],[70.918,24.362],[70.755,24.231],[70.56,24.287],[70.563,24.424],[70.11,24.305],[69.972,24.165],[69.671,24.189],[69.563,24.277],[68.981,24.255],[68.726,24.289],[68.724,23.965],[68.432,23.967],[68.183,23.842],[68.164,23.758],[68.552,23.26],[68.866,23.02],[69.239,22.842],[69.716,22.747],[69.833,22.858],[70.269,22.959],[70.399,22.946],[70.178,22.562],[69.962,22.535],[69.616,22.356],[69.36,22.329],[68.974,22.405],[68.994,22.204],[69.198,21.98],[69.815,21.434],[70.054,21.153],[70.542,20.808],[70.84,20.702],[70.982,20.71],[71.462,20.885],[72.105,21.205],[72.296,21.654],[72.166,21.794],[72.317,22.185],[72.553,22.282],[72.507,21.962],[72.532,21.714],[72.798,21.674],[72.62,21.487],[72.606,21.267],[72.945,20.77],[72.879,20.512],[72.748,20.28],[72.65,19.842],[72.824,19.054],[72.927,18.827],[72.852,18.77],[72.977,18.295],[72.981,18.081],[73.123,17.723],[73.132,17.539],[73.235,17.302],[73.322,16.692],[73.319,16.51],[73.447,16.069],[73.588,15.903],[73.766,15.497],[73.886,15.435],[73.947,15.161],[74.111,14.78],[74.263,14.702],[74.394,14.411],[74.505,14.01],[74.615,13.836],[74.818,12.862],[75.131,12.208],[75.531,11.694],[75.695,11.42],[75.833,11.098],[75.922,10.766],[76.178,10.171],[76.359,9.915],[76.312,9.493],[76.544,8.913],[76.996,8.368],[77.316,8.128],[77.511,8.076],[78.063,8.373],[78.128,8.488],[78.178,8.861],[78.45,9.117],[78.957,9.275],[78.913,9.474],[78.981,9.667],[79.279,10.036],[79.236,10.167],[79.398,10.325],[79.76,10.258],[79.864,10.379],[79.855,11.16],[79.752,11.577],[79.862,12.022],[80.156,12.475],[80.229,12.675],[80.333,13.198],[80.327,13.43],[80.119,13.501],[80.237,13.84],[80.121,14.242],[80.197,14.565],[80.111,14.705],[80.055,15.014],[80.091,15.305],[80.263,15.675],[80.469,15.835],[80.69,15.901],[80.999,15.847],[81.155,15.986],[81.249,16.32],[81.317,16.367],[81.763,16.323],[82.307,16.58],[82.366,16.812],[82.299,17.03],[82.475,17.206],[83.239,17.593],[83.614,18.045],[84.077,18.272],[84.424,18.636],[84.872,19.22],[85.18,19.475],[85.221,19.736],[85.464,19.903],[85.549,19.691],[86.269,19.91],[86.495,20.184],[86.702,20.285],[86.734,20.462],[87.004,20.657],[86.844,21.082],[86.918,21.327],[87.201,21.552],[87.704,21.656],[87.97,21.836],[88.204,21.805],[88.249,21.558],[88.393,21.6],[88.762,21.556],[88.882,21.672],[89.083,21.617],[88.993,21.913],[89.06,22.13],[88.843,22.965],[88.955,23.184],[88.686,23.293],[88.719,23.468],[88.54,23.65],[88.738,24.287],[88.475,24.315],[88.139,24.495],[88.022,24.646],[88.202,24.945],[88.323,24.875],[88.431,25.173],[88.899,25.169],[88.772,25.502],[88.53,25.5],[88.419,25.654],[88.074,25.908],[88.164,26.14],[88.495,26.378],[88.656,26.415],[88.808,26.233],[89.044,26.381],[89.132,26.134],[89.351,25.997],[89.603,26.055],[89.83,25.908],[89.795,25.374],[89.908,25.297],[90.365,25.15],[90.822,25.142],[91.236,25.202],[91.471,25.134],[92.002,25.183],[92.304,25.074],[92.458,24.953],[92.234,24.778],[92.108,24.406],[91.597,24.105],[91.363,24.1],[91.216,23.908],[91.141,23.612],[91.227,23.469],[91.301,23.142],[91.464,23.184],[91.537,22.982],[91.796,23.089],[91.744,23.272],[92.151,23.732],[92.253,23.609],[92.357,23.289],[92.379,22.9],[92.496,22.696],[92.577,22.169],[92.576,21.978],[92.708,22.148],[92.854,22.024],[93.169,22.247],[93.08,22.773],[93.375,23.13],[93.457,23.96],[93.612,24.009],[93.998,23.917],[94.19,23.995],[94.29,24.317],[94.709,25.026],[94.55,25.245],[94.608,25.395],[95.009,25.737],[95.001,25.922],[95.14,26.03],[95.046,26.248],[95.041,26.476],[95.119,26.604],[95.393,26.692],[95.778,26.995],[95.889,27.027],[96.143,27.258],[96.759,27.342],[96.865,27.172],[97.135,27.127],[96.905,27.408],[96.87,27.619],[97.223,27.9],[97.334,27.894],[97.323,28.217],[97.116,28.367],[96.934,28.337],[96.717,28.437],[96.336,28.48],[96.598,28.71],[96.458,28.995],[96.142,29.368],[95.745,29.34],[95.515,29.209],[95.488,29.069],[95.225,29.059],[94.777,29.167],[94.63,29.319],[94.271,29.098],[94.25,28.933],[93.992,28.845],[93.863,28.705],[93.446,28.672],[93.186,28.432],[92.655,28.106],[92.736,27.986],[92.575,27.848],[92.24,27.865],[92.065,27.762],[91.628,27.853],[91.595,27.546],[91.78,27.456],[91.975,27.472],[92.085,27.304],[91.996,27.158],[92.036,26.855],[91.521,26.798],[91.406,26.87],[91.198,26.802],[90.588,26.78],[90.383,26.892],[90.089,26.742],[89.822,26.701],[89.342,26.854],[89.185,26.811],[88.955,26.913],[88.73,27.151],[88.892,27.316],[88.741,27.546],[88.854,27.844],[88.818,27.995],[88.61,28.106],[88.118,27.861],[88.16,27.774],[88.023,27.495],[87.971,27.103],[88.169,26.744],[88.074,26.454],[87.871,26.461],[87.326,26.353],[87.083,26.432],[87.041,26.58],[86.714,26.415],[86.284,26.612],[86.011,26.654],[85.822,26.572],[85.599,26.854],[85.287,26.737],[84.802,27.014],[84.64,27.028],[84.577,27.329],[84.289,27.376],[84.08,27.51],[83.834,27.434],[83.133,27.444],[82.752,27.495],[82.652,27.704],[82.402,27.677],[82.052,27.905],[81.856,27.851],[81.307,28.124],[81.146,28.372],[81,28.397],[80.648,28.62],[80.35,28.62],[80.036,28.837],[80.133,29.11],[80.279,29.268],[80.214,29.417],[80.385,29.605],[80.369,29.758],[80.571,29.947],[80.996,30.197],[80.723,30.392],[80.253,30.565],[79.834,30.962],[79.53,30.954],[79.395,31.037],[79.238,31.33],[79.07,31.461],[78.921,31.27],[78.738,31.335],[78.7,31.51],[78.819,31.607],[78.671,31.771],[78.745,31.964],[78.458,32.23],[78.448,32.566],[78.63,32.578],[78.943,32.346],[79.113,32.472],[79.443,32.535],[79.621,32.729],[79.414,32.972],[79.456,33.25],[79.098,33.288],[78.824,33.461],[78.73,34.079],[78.985,34.286],[78.607,34.546],[78.273,34.659],[78.13,35.055],[78.001,35.269],[78.056,35.453],[77.8,35.495]]],[[[93.92,7.024],[93.814,7.242],[93.676,7.182],[93.814,6.808],[93.92,7.024]]],[[[92.585,10.771],[92.376,10.775],[92.403,10.575],[92.574,10.581],[92.585,10.771]]],[[[93.053,13.284],[92.847,13.345],[92.8,12.858],[92.737,12.807],[92.718,12.362],[92.793,12.208],[92.64,12.136],[92.54,11.894],[92.634,11.583],[92.797,11.865],[92.769,12.085],[92.893,12.215],[92.991,12.519],[92.964,12.865],[93.053,13.284]]],[[[77.049,35.11],[77.8,35.495],[77.413,35.469],[76.777,35.646],[77.049,35.11]]]]},"properties":{"id":"india","name":"インド","nameEn":"India","guide":true,"small":false,"center":[82.753,21.786]}},
{"type":"Feature","geometry":{"type":"MultiPolygon","coordinates":[[[[77.8,35.495],[78.056,35.453],[78.001,35.269],[78.13,35.055],[78.273,34.659],[78.607,34.546],[78.985,34.286],[78.73,34.079],[78.824,33.461],[79.098,33.288],[79.456,33.25],[79.414,32.972],[79.621,32.729],[79.443,32.535],[79.113,32.472],[78.943,32.346],[78.63,32.578],[78.448,32.566],[78.458,32.23],[78.745,31.964],[78.671,31.771],[78.819,31.607],[78.7,31.51],[78.738,31.335],[78.921,31.27],[79.07,31.461],[79.238,31.33],[79.395,31.037],[79.53,30.954],[79.834,30.962],[80.253,30.565],[80.723,30.392],[80.996,30.197],[81.195,30.004],[81.592,30.414],[82.089,30.33],[82.145,30.069],[82.542,29.923],[82.837,29.66],[83.162,29.625],[83.328,29.485],[83.517,29.192],[83.946,29.292],[84.099,29.247],[84.235,28.9],[84.678,28.604],[84.919,28.536],[85.168,28.583],[85.08,28.319],[85.26,28.267],[85.675,28.306],[85.848,28.159],[85.98,27.885],[86.203,28.003],[86.439,27.911],[86.662,28.107],[87.156,27.826],[87.756,27.82],[87.826,27.907],[88.118,27.861],[88.61,28.106],[88.818,27.995],[88.854,27.844],[88.741,27.546],[88.892,27.316],[89.051,27.608],[89.336,27.869],[89.561,28.135],[89.863,28.296],[90.262,28.335],[90.588,28.233],[90.684,28.087],[91.093,27.972],[91.27,28.073],[91.622,27.951],[91.628,27.853],[92.065,27.762],[92.24,27.865],[92.575,27.848],[92.736,27.986],[92.655,28.106],[93.186,28.432],[93.446,28.672],[93.863,28.705],[93.992,28.845],[94.25,28.933],[94.271,29.098],[94.63,29.319],[94.777,29.167],[95.225,29.059],[95.488,29.069],[95.515,29.209],[95.745,29.34],[96.142,29.368],[96.458,28.995],[96.598,28.71],[96.336,28.48],[96.717,28.437],[96.934,28.337],[97.116,28.367],[97.323,28.217],[97.437,28.286],[97.528,28.53],[97.7,28.488],[98.119,28.141],[98.107,27.973],[98.295,27.537],[98.4,27.676],[98.679,27.577],[98.673,27.176],[98.749,26.771],[98.706,26.175],[98.546,26.106],[98.692,25.879],[98.461,25.795],[98.333,25.567],[98.15,25.613],[98.108,25.389],[97.738,25.091],[97.664,24.83],[97.536,24.745],[97.52,24.431],[97.64,24.439],[97.708,24.125],[97.516,23.943],[97.637,23.864],[97.89,24.023],[98.182,24.119],[98.503,24.121],[98.663,23.97],[98.857,23.604],[98.911,23.298],[99.217,23.057],[99.351,23.119],[99.535,22.949],[99.308,22.72],[99.358,22.495],[99.166,22.205],[99.439,22.124],[99.942,22.046],[99.95,21.721],[100.082,21.684],[100.187,21.428],[100.327,21.524],[100.622,21.469],[100.797,21.626],[101.069,21.762],[101.159,21.553],[101.275,21.174],[101.723,21.304],[101.752,21.806],[101.607,21.968],[101.518,22.228],[101.655,22.446],[102.119,22.398],[102.218,22.411],[102.443,22.765],[102.845,22.585],[102.989,22.438],[103.142,22.538],[103.31,22.788],[103.473,22.592],[103.647,22.799],[103.867,22.575],[104.213,22.825],[104.34,22.686],[104.554,22.836],[104.728,22.839],[104.798,23.086],[105.061,23.232],[105.332,23.318],[105.854,22.905],[105.999,22.975],[106.316,22.854],[106.488,22.925],[106.667,22.868],[106.736,22.695],[106.569,22.575],[106.527,22.428],[106.663,22.223],[106.722,22.007],[107.021,21.892],[107.348,21.599],[107.745,21.658],[107.991,21.486],[108.135,21.582],[108.448,21.658],[108.571,21.813],[108.752,21.65],[109.136,21.603],[109.215,21.417],[109.531,21.492],[109.918,21.489],[109.67,21.123],[109.661,20.928],[109.773,20.822],[109.746,20.63],[110.015,20.418],[110.128,20.248],[110.4,20.301],[110.534,20.478],[110.337,20.726],[110.157,20.849],[110.157,20.986],[110.481,21.217],[110.636,21.23],[110.869,21.385],[111.206,21.532],[111.63,21.53],[111.992,21.764],[112.173,21.814],[112.245,21.707],[112.443,21.828],[112.608,21.775],[112.826,21.966],[113.029,21.961],[113.231,22.043],[113.303,22.183],[113.588,22.238],[113.599,22.575],[113.368,22.881],[113.612,22.995],[113.89,22.453],[114.082,22.529],[114.23,22.556],[114.717,22.791],[114.866,22.602],[115.065,22.796],[115.246,22.835],[115.374,22.694],[115.584,22.88],[115.81,22.808],[116.171,22.864],[116.298,22.963],[116.495,22.939],[116.534,23.109],[116.731,23.258],[116.918,23.638],[117.078,23.565],[117.582,23.889],[117.894,24.028],[117.989,24.193],[117.989,24.395],[118.131,24.62],[118.571,24.569],[118.747,24.721],[118.716,24.844],[118.987,25.222],[119.289,25.189],[119.289,25.325],[119.11,25.407],[119.558,25.564],[119.616,25.893],[119.566,26.05],[119.674,26.281],[119.675,26.619],[119.585,26.795],[120.08,26.646],[120.126,26.927],[120.237,26.927],[120.518,27.202],[120.546,27.403],[120.835,27.956],[121.237,28.306],[121.656,28.339],[121.51,28.657],[121.67,28.825],[121.682,29.027],[121.841,29.161],[121.966,29.602],[121.983,29.823],[121.678,30.001],[121.377,30.325],[121.15,30.326],[120.893,30.17],[120.734,30.232],[120.978,30.543],[121.411,30.767],[121.977,30.915],[121.725,31.282],[121.32,31.505],[121.115,31.796],[121.286,31.891],[121.676,31.724],[121.922,31.754],[121.822,31.952],[121.443,32.114],[121.354,32.415],[120.911,32.63],[120.896,33.014],[120.73,33.205],[120.628,33.478],[120.407,33.86],[120.257,34.312],[119.641,34.551],[119.347,34.781],[119.202,34.785],[119.207,35.048],[119.358,35.097],[119.424,35.313],[119.648,35.584],[119.812,35.648],[120.243,35.974],[120.105,36.201],[120.362,36.192],[120.354,36.041],[120.697,36.144],[120.648,36.331],[120.751,36.459],[121.409,36.754],[121.56,36.768],[122.04,36.985],[122.32,36.823],[122.525,36.944],[122.448,37.147],[122.549,37.311],[122.13,37.483],[121.477,37.468],[121.191,37.575],[121.138,37.701],[120.738,37.834],[120.463,37.748],[120.06,37.44],[119.859,37.36],[119.771,37.152],[119.441,37.121],[119.146,37.179],[118.972,37.281],[118.977,37.611],[119.243,37.769],[118.84,38.153],[118.543,38.068],[118.085,38.139],[117.716,38.379],[117.566,38.613],[117.584,38.812],[117.718,39.093],[118.045,39.219],[118.344,39.031],[118.619,39.161],[118.94,39.139],[119.305,39.433],[119.34,39.716],[119.536,39.891],[119.95,40.057],[120.436,40.194],[120.621,40.474],[120.94,40.691],[120.991,40.831],[121.361,40.94],[121.575,40.841],[121.851,40.832],[122.049,40.746],[122.302,40.502],[122.092,40.227],[121.774,39.921],[121.536,39.862],[121.436,39.509],[121.674,39.088],[121.09,38.899],[121.153,38.728],[121.655,38.858],[122.127,39.142],[122.396,39.411],[123.009,39.68],[123.174,39.666],[123.623,39.872],[123.986,39.81],[124.202,39.879],[124.37,40.098],[124.896,40.484],[125.364,40.647],[125.761,40.886],[126.008,40.899],[126.501,41.434],[126.618,41.666],[126.887,41.785],[127.269,41.505],[127.638,41.43],[127.944,41.471],[128.186,41.404],[128.303,41.583],[128.04,41.88],[128.035,41.994],[128.502,41.996],[128.964,42.089],[129.211,42.22],[129.243,42.379],[129.703,42.442],[129.761,42.746],[129.88,42.996],[130.239,42.902],[130.243,42.743],[130.531,42.53],[130.407,42.735],[130.77,42.866],[130.992,42.849],[131.281,43.38],[131.17,43.781],[131.264,44.054],[131.066,44.682],[130.933,44.842],[131.42,44.959],[131.818,45.333],[131.97,45.234],[132.953,45.024],[133.115,45.123],[133.202,45.511],[133.413,45.573],[133.514,45.879],[133.658,45.935],[133.687,46.142],[133.902,46.259],[133.849,46.48],[133.988,46.625],[134.154,47.258],[134.293,47.41],[134.485,47.43],[134.773,47.711],[134.567,48.04],[134.701,48.262],[134.386,48.381],[133.721,48.245],[133.464,48.09],[133.092,48.107],[132.659,47.87],[132.525,47.708],[131.577,47.669],[131.418,47.743],[131.023,47.682],[130.663,48.116],[130.819,48.282],[130.716,48.499],[130.533,48.636],[130.674,48.871],[130.249,48.865],[129.913,49.04],[129.711,49.274],[129.051,49.377],[128.666,49.609],[128.092,49.542],[127.831,49.594],[127.508,49.822],[127.578,50.221],[127.331,50.328],[127.365,50.555],[127.287,50.751],[126.932,51.064],[126.955,51.33],[126.446,51.983],[126.531,52.153],[126.035,52.727],[125.621,53.062],[125.127,53.207],[124.72,53.149],[124.408,53.236],[124.233,53.382],[123.64,53.551],[123.253,53.568],[122.86,53.474],[122.338,53.491],[121.889,53.431],[121.203,53.277],[120.874,53.28],[120.28,52.866],[120.033,52.761],[120.056,52.601],[120.43,52.636],[120.724,52.542],[120.626,52.347],[120.779,52.118],[120.648,51.911],[120.108,51.665],[119.748,51.083],[119.518,50.905],[119.497,50.737],[119.294,50.599],[119.353,50.346],[119.316,50.093],[119.092,49.987],[118.644,49.955],[118.169,49.671],[117.759,49.513],[117.473,49.614],[117.058,49.673],[116.684,49.823],[115.8,48.53],[115.809,48.274],[115.515,48.122],[115.562,47.933],[115.853,47.706],[116.244,47.863],[116.853,47.872],[117.317,47.654],[117.742,47.978],[118.182,48.028],[118.542,47.966],[118.767,47.756],[119.083,47.662],[119.158,47.518],[119.7,47.16],[119.903,46.842],[119.904,46.709],[119.68,46.592],[119.317,46.612],[118.816,46.758],[118.72,46.677],[118.238,46.715],[117.696,46.512],[117.394,46.571],[117.302,46.35],[116.805,46.383],[116.604,46.309],[116.213,45.908],[116.17,45.709],[116.012,45.679],[115.638,45.444],[114.939,45.374],[114.534,45.386],[114.419,45.201],[114.055,44.941],[113.635,44.746],[113.105,44.794],[112.614,44.909],[112.441,45.052],[112.011,45.087],[111.739,44.966],[111.406,44.416],[111.519,44.189],[111.839,43.939],[111.933,43.697],[111.597,43.523],[110.934,43.288],[110.407,42.769],[109.667,42.549],[109.485,42.449],[108.994,42.45],[108.797,42.398],[108.177,42.454],[106.768,42.287],[105.869,41.993],[105.274,41.755],[105.015,41.596],[104.498,41.666],[104.501,41.871],[103.721,41.756],[103.073,42.005],[102.034,42.185],[101.638,42.515],[101.219,42.53],[100.017,42.677],[99.474,42.564],[97.193,42.787],[96.351,42.741],[96.294,42.933],[95.908,43.215],[95.51,43.979],[95.328,44.007],[95.379,44.287],[95.037,44.255],[94.698,44.343],[94.338,44.512],[94.195,44.654],[93.975,44.66],[93.525,44.951],[92.753,45.038],[92.475,44.997],[92.009,45.076],[91.663,45.06],[91.135,45.198],[90.905,45.186],[90.651,45.493],[90.711,45.752],[91.002,46.022],[90.896,46.302],[91.047,46.566],[90.828,46.982],[90.712,47.015],[90.469,47.309],[90.441,47.493],[90.083,47.756],[89.751,47.824],[89.542,48.031],[89.046,47.993],[88.581,48.212],[88.565,48.343],[87.943,48.599],[87.806,48.801],[87.816,49.166],[87.324,49.085],[86.887,49.107],[86.728,48.99],[86.745,48.704],[86.565,48.527],[86.192,48.418],[85.784,48.408],[85.586,48.141],[85.515,47.92],[85.67,47.384],[85.66,47.207],[85.499,47.052],[85.205,47.034],[84.916,46.851],[84.664,46.984],[83.905,46.974],[83.15,47.212],[83.014,47.195],[82.986,46.943],[82.839,46.732],[82.489,45.902],[82.291,45.533],[82.616,45.435],[82.585,45.177],[82.295,45.228],[81.95,45.144],[81.739,45.338],[80.854,45.126],[80.062,45.019],[79.858,44.904],[79.992,44.794],[80.218,44.818],[80.376,44.671],[80.345,44.103],[80.713,43.459],[80.773,43.113],[80.368,43.028],[80.476,42.864],[80.227,42.791],[80.14,42.623],[80.268,42.238],[80.21,42.19],[80.182,42.021],[79.843,42.002],[79.748,41.88],[79.304,41.788],[78.672,41.538],[78.36,41.378],[78.36,41.287],[78.075,41.04],[77.867,41.064],[77.475,40.982],[76.861,41.013],[76.631,40.729],[76.449,40.416],[76.244,40.441],[75.921,40.309],[75.682,40.292],[75.56,40.633],[75.194,40.441],[74.835,40.512],[74.706,40.331],[74.37,40.106],[74.004,40.061],[73.823,39.806],[73.927,39.593],[73.633,39.448],[73.602,39.236],[73.816,38.994],[73.684,38.855],[73.797,38.603],[73.933,38.53],[74.14,38.669],[74.334,38.667],[74.776,38.511],[74.791,38.081],[74.965,37.767],[74.892,37.599],[75.164,37.401],[74.892,37.231],[74.487,37.226],[74.542,37.022],[74.91,36.963],[75.1,36.994],[75.351,36.916],[75.411,36.747],[75.791,36.688],[75.977,36.463],[76.014,36.23],[75.894,36.097],[76.061,35.992],[76.166,35.806],[76.565,35.865],[76.571,35.751],[76.777,35.646],[77.413,35.469],[77.8,35.495]]],[[[111.011,19.684],[110.935,19.995],[110.64,20.108],[110.58,19.98],[110.383,20.081],[110.09,19.978],[109.719,20.011],[109.304,19.922],[109.167,19.805],[109.157,19.65],[108.632,19.286],[108.615,19.102],[108.694,18.72],[108.695,18.505],[109.001,18.367],[109.44,18.289],[109.568,18.193],[109.746,18.396],[110.053,18.39],[110.103,18.539],[110.271,18.668],[110.427,18.681],[110.466,18.882],[110.698,19.417],[111.011,19.684]]],[[[121.844,31.608],[121.264,31.841],[121.314,31.656],[121.851,31.439],[121.844,31.608]]]]},"properties":{"id":"china","name":"中華人民共和国","nameEn":"China","guide":true,"small":false,"center":[104.187,36.904]}},
{"type":"Feature","geometry":{"type":"MultiPolygon","coordinates":[[[[34.248,31.211],[34.48,30.651],[34.824,29.742],[34.887,29.49],[34.956,29.559],[35.145,30.155],[35.14,30.43],[35.438,31.104],[35.396,31.258],[35.458,31.492],[35.223,31.381],[34.867,31.396],[34.974,31.63],[35.149,31.737],[35.034,31.861],[34.958,32.186],[35.064,32.463],[35.209,32.543],[35.561,32.385],[35.563,32.644],[35.758,32.744],[35.888,32.945],[35.804,33.248],[35.821,33.407],[35.48,33.087],[35.105,33.089],[35.08,32.906],[34.948,32.814],[34.838,32.281],[34.712,31.952],[34.481,31.583],[34.248,31.211]]],[[[34.481,31.583],[34.2,31.314],[34.248,31.211],[34.481,31.583]]],[[[35.561,32.385],[35.209,32.543],[35.064,32.463],[34.958,32.186],[35.034,31.861],[35.149,31.737],[34.974,31.63],[34.867,31.396],[35.223,31.381],[35.458,31.492],[35.559,31.765],[35.523,32.058],[35.561,32.385]]]]},"properties":{"id":"israel-west-bank","name":"イスラエル・ヨルダン川西岸","nameEn":"Israel & West Bank","guide":true,"small":false,"center":[35.068,31.448]}},
{"type":"Feature","geometry":{"type":"Polygon","coordinates":[[[35.105,33.089],[35.48,33.087],[35.821,33.407],[36.013,33.608],[36.05,33.816],[36.267,33.91],[36.604,34.199],[36.531,34.414],[36.262,34.627],[35.97,34.65],[35.627,34.201],[35.578,33.917],[35.349,33.514],[35.271,33.458],[35.105,33.089]]]},"properties":{"id":"lebanon","name":"レバノン","nameEn":"Lebanon","guide":true,"small":false,"center":[35.852,33.872]}},
{"type":"Feature","geometry":{"type":"Polygon","coordinates":[[[34.071,9.455],[34.112,8.627],[33.971,8.445],[33.696,8.373],[33.6,8.464],[33.174,8.404],[33.207,8.241],[32.99,7.917],[33.051,7.801],[33.462,7.75],[33.716,7.657],[34.007,7.41],[34.031,7.255],[34.298,6.969],[34.504,6.89],[34.525,6.753],[34.734,6.638],[34.845,6.249],[34.951,6.081],[34.984,5.841],[35.099,5.622],[35.43,5.427],[35.804,5.318],[35.756,5.063],[35.785,4.764],[35.921,4.619],[36.041,4.444],[36.844,4.432],[37.112,4.282],[37.977,3.726],[38.102,3.613],[38.497,3.624],[38.895,3.514],[39.436,3.462],[39.575,3.498],[39.745,3.661],[39.848,3.867],[40.764,4.285],[41.115,3.962],[41.43,3.949],[41.885,3.977],[42.135,4.2],[42.79,4.286],[43.119,4.648],[43.528,4.842],[43.969,4.954],[44.942,4.911],[45.936,5.997],[46.424,6.497],[47.299,7.34],[47.979,7.997],[46.979,7.997],[45.514,8.497],[44.024,8.986],[43.622,9.337],[43.419,9.413],[43.235,9.692],[43.187,9.883],[43.068,9.923],[42.836,10.208],[42.7,10.659],[42.924,10.999],[42.616,11.09],[42.392,11.006],[41.799,10.971],[41.749,11.538],[41.808,11.736],[41.936,11.827],[42.379,12.466],[42.137,12.773],[41.947,12.876],[41.712,13.248],[41.192,13.616],[41.044,13.872],[40.833,14.106],[40.422,14.274],[40.105,14.466],[39.911,14.423],[39.767,14.505],[39.489,14.524],[39.208,14.44],[39.075,14.637],[38.866,14.494],[38.427,14.417],[38.229,14.68],[38.007,14.724],[37.891,14.88],[37.565,14.117],[37.294,14.457],[37.121,14.421],[37.073,14.285],[36.748,14.332],[36.526,14.264],[36.437,13.991],[36.458,13.82],[36.382,13.571],[36.234,13.362],[36.114,12.934],[36.124,12.721],[35.728,12.674],[35.617,12.575],[35.216,11.897],[35.048,11.771],[35.073,11.549],[34.947,11.275],[34.98,11.155],[34.934,10.845],[34.839,10.729],[34.587,10.879],[34.437,10.796],[34.279,10.566],[34.325,10.269],[34.098,9.68],[34.071,9.455]]]},"properties":{"id":"x-ETH","name":"エチオピア","nameEn":"Ethiopia","guide":false,"small":false,"center":[40.484,9.141]}},
{"type":"Feature","geometry":{"type":"Polygon","coordinates":[[[35.921,4.619],[35.785,4.764],[35.756,5.063],[35.804,5.318],[35.43,5.427],[35.099,5.622],[34.984,5.841],[34.951,6.081],[34.845,6.249],[34.734,6.638],[34.525,6.753],[34.504,6.89],[34.298,6.969],[34.031,7.255],[34.007,7.41],[33.716,7.657],[33.462,7.75],[33.051,7.801],[32.99,7.917],[33.207,8.241],[33.174,8.404],[33.6,8.464],[33.696,8.373],[33.971,8.445],[34.112,8.627],[34.071,9.455],[33.901,9.455],[33.905,9.711],[33.969,9.838],[33.902,10.192],[33.371,10.651],[33.151,10.731],[33.182,10.843],[33.083,11.585],[33.209,12.21],[32.732,12.216],[32.747,12.003],[32.082,12],[32.345,11.709],[32.364,11.24],[32.414,11.051],[31.943,10.656],[31.864,10.472],[31.665,10.214],[31.235,9.792],[30.749,9.736],[30.485,9.972],[30.013,10.27],[29.615,10.058],[29.614,9.914],[29.483,9.762],[29.009,9.603],[28.829,9.427],[28.844,9.325],[28.045,9.331],[27.895,9.595],[27.08,9.607],[26.694,9.477],[26.557,9.52],[26.179,9.959],[25.901,10.191],[25.843,10.418],[25.084,10.293],[24.976,9.967],[24.793,9.798],[24.794,9.532],[24.68,9.373],[24.558,8.887],[24.38,8.844],[24.17,8.689],[24.244,8.57],[24.131,8.343],[24.832,8.166],[25.09,7.885],[25.217,7.864],[25.279,7.659],[25.19,7.501],[25.36,7.336],[26.026,6.997],[26.081,6.842],[26.378,6.653],[26.29,6.387],[26.452,6.28],[26.528,6.043],[26.705,6.01],[27.17,5.72],[27.301,5.205],[27.441,5.071],[27.553,4.901],[27.767,4.735],[27.772,4.596],[28.009,4.499],[28.178,4.347],[28.404,4.278],[28.755,4.554],[28.986,4.496],[29.173,4.348],[29.304,4.387],[29.494,4.668],[29.778,4.524],[29.776,4.406],[30.123,4.102],[30.206,3.95],[30.539,3.842],[30.573,3.601],[30.693,3.632],[30.84,3.49],[30.944,3.679],[31.141,3.785],[31.505,3.66],[31.781,3.816],[31.944,3.591],[32.188,3.619],[32.372,3.731],[32.756,3.769],[33.017,3.877],[33.195,3.757],[33.533,3.774],[33.977,4.22],[34.381,4.62],[34.666,4.765],[35.246,4.982],[35.571,4.904],[35.522,4.78],[35.611,4.62],[35.921,4.619]]]},"properties":{"id":"x-SDS","name":"南スーダン","nameEn":"S. Sudan","guide":false,"small":false,"center":[30.021,7.853]}},
{"type":"Feature","geometry":{"type":"MultiPolygon","coordinates":[[[[47.979,7.997],[47.299,7.34],[46.424,6.497],[45.936,5.997],[44.942,4.911],[43.969,4.954],[43.528,4.842],[43.119,4.648],[42.79,4.286],[42.135,4.2],[41.885,3.977],[41.343,3.201],[40.965,2.814],[40.968,1.747],[40.968,0.622],[40.98,-0.871],[41.523,-1.573],[41.535,-1.696],[41.652,-1.565],[42.081,-0.863],[42.648,-0.229],[42.77,-0.129],[43.468,0.621],[43.782,0.922],[44.55,1.559],[45.001,1.866],[45.232,1.968],[46.027,2.438],[46.626,3.024],[47.489,3.936],[47.948,4.457],[48.202,4.909],[48.647,5.48],[49.036,6.144],[49.075,6.415],[49.367,7.026],[49.587,7.315],[49.819,7.74],[49.842,7.963],[50.058,8.13],[50.29,8.487],[50.422,8.857],[50.648,9.11],[50.677,9.259],[50.84,9.456],[50.806,9.624],[50.9,10.024],[50.927,10.328],[51.241,10.426],[51.138,10.677],[51.086,11.188],[51.121,11.505],[51.248,11.652],[51.293,11.833],[51.029,11.885],[50.798,11.989],[50.576,11.921],[50.513,11.771],[50.268,11.589],[49.851,11.465],[49.577,11.46],[49.24,11.3],[48.939,11.249],[48.939,9.451],[47.979,7.997]]],[[[48.939,11.249],[48.655,11.331],[48.343,11.275],[48.161,11.146],[47.678,11.108],[47.367,11.173],[47.008,10.939],[46.66,10.754],[46.448,10.693],[46.207,10.796],[46.102,10.771],[45.803,10.875],[45.487,10.685],[45.337,10.671],[44.962,10.416],[44.586,10.384],[44.274,10.457],[43.83,10.803],[43.488,11.239],[43.46,11.351],[43.241,11.488],[42.924,10.999],[42.7,10.659],[42.836,10.208],[43.068,9.923],[43.187,9.883],[43.235,9.692],[43.419,9.413],[43.622,9.337],[44.024,8.986],[45.514,8.497],[46.979,7.997],[47.979,7.997],[48.939,9.451],[48.939,11.249]]]]},"properties":{"id":"x-SOM","name":"ソマリア","nameEn":"Somalia","guide":false,"small":false,"center":[46.191,5.146]}},
{"type":"Feature","geometry":{"type":"Polygon","coordinates":[[[35.921,4.619],[35.611,4.62],[35.522,4.78],[35.571,4.904],[35.246,4.982],[34.666,4.765],[34.381,4.62],[33.977,4.22],[34.061,4.008],[34.279,3.71],[34.44,3.668],[34.382,3.466],[34.434,3.182],[34.575,2.946],[34.73,2.853],[34.819,2.598],[34.924,2.477],[34.866,2.348],[34.968,2.102],[34.979,1.676],[34.779,1.389],[34.798,1.232],[34.507,1.103],[34.388,0.816],[34.132,0.573],[34.088,0.367],[33.894,0.11],[33.954,-0.154],[33.895,-0.663],[33.904,-1.003],[34.053,-1.04],[35.416,-1.801],[36.704,-2.52],[37.645,-3.046],[37.7,-3.314],[37.59,-3.404],[37.771,-3.655],[39.191,-4.678],[39.362,-4.634],[39.551,-4.402],[39.67,-4.088],[39.786,-3.917],[39.849,-3.625],[39.965,-3.399],[40.129,-3.252],[40.225,-2.994],[40.175,-2.763],[40.39,-2.56],[40.616,-2.553],[40.829,-2.375],[40.904,-2.08],[41.199,-1.943],[41.303,-1.956],[41.535,-1.696],[41.523,-1.573],[40.98,-0.871],[40.968,0.622],[40.968,1.747],[40.965,2.814],[41.343,3.201],[41.885,3.977],[41.43,3.949],[41.115,3.962],[40.764,4.285],[39.848,3.867],[39.745,3.661],[39.575,3.498],[39.436,3.462],[38.895,3.514],[38.497,3.624],[38.102,3.613],[37.977,3.726],[37.112,4.282],[36.844,4.432],[36.041,4.444],[35.921,4.619]]]},"properties":{"id":"kenya","name":"ケニア","nameEn":"Kenya","guide":true,"small":false,"center":[37.888,0.176]}},
{"type":"Feature","geometry":{"type":"Polygon","coordinates":[[[34.965,-11.574],[34.887,-11.375],[34.759,-11.337],[34.593,-11.016],[34.672,-10.739],[34.581,-10.54],[34.585,-10.301],[34.483,-9.946],[34.288,-9.708],[34.013,-9.477],[33.865,-9.67],[33.735,-9.584],[33.404,-9.605],[32.921,-9.408],[32.975,-9.601],[33.217,-9.727],[33.366,-9.899],[33.31,-10.013],[33.533,-10.231],[33.674,-10.577],[33.501,-10.769],[33.319,-10.818],[33.304,-11.035],[33.391,-11.165],[33.23,-11.417],[33.303,-11.61],[33.313,-11.899],[33.255,-12.073],[33.33,-12.298],[33.518,-12.372],[33.373,-12.519],[33.025,-12.613],[32.941,-12.77],[33.005,-12.893],[32.995,-13.191],[32.874,-13.443],[32.723,-13.573],[32.859,-13.808],[33.049,-13.997],[33.203,-14.014],[33.439,-14.381],[33.604,-14.524],[34.344,-14.387],[34.502,-14.576],[34.584,-14.984],[34.569,-15.271],[34.41,-15.481],[34.404,-15.647],[34.233,-15.89],[34.388,-16.037],[34.385,-16.186],[34.525,-16.301],[35.005,-16.815],[35.096,-16.817],[35.081,-17.124],[35.305,-17.104],[35.278,-16.701],[35.214,-16.484],[35.259,-16.272],[35.375,-16.141],[35.698,-16.107],[35.796,-16.005],[35.841,-15.417],[35.785,-15.195],[35.904,-14.887],[35.853,-14.667],[35.456,-14.137],[35.084,-13.704],[34.894,-13.535],[34.641,-13.492],[34.545,-13.326],[34.494,-12.687],[34.354,-12.199],[34.564,-11.831],[34.651,-11.57],[34.965,-11.574]]]},"properties":{"id":"x-MWI","name":"マラウイ","nameEn":"Malawi","guide":false,"small":false,"center":[34.284,-13.258]}},
{"type":"Feature","geometry":{"type":"MultiPolygon","coordinates":[[[[32.921,-9.408],[33.404,-9.605],[33.735,-9.584],[33.865,-9.67],[34.013,-9.477],[34.288,-9.708],[34.483,-9.946],[34.585,-10.301],[34.581,-10.54],[34.672,-10.739],[34.593,-11.016],[34.759,-11.337],[34.887,-11.375],[34.965,-11.574],[35.655,-11.578],[35.826,-11.413],[36.168,-11.579],[36.2,-11.702],[36.747,-11.666],[36.82,-11.574],[37.044,-11.596],[37.428,-11.723],[37.784,-11.559],[37.875,-11.319],[38.071,-11.256],[38.257,-11.277],[38.492,-11.413],[38.654,-11.276],[38.896,-11.168],[39.287,-11.154],[39.483,-10.999],[39.76,-10.943],[40.008,-10.811],[40.437,-10.475],[40.232,-10.2],[39.987,-10.14],[39.779,-9.93],[39.651,-9.445],[39.644,-9.189],[39.493,-9.08],[39.409,-8.87],[39.28,-8.309],[39.454,-8.01],[39.444,-7.833],[39.296,-7.688],[39.304,-7.448],[39.427,-7.192],[39.548,-7.118],[39.465,-6.858],[39.294,-6.815],[39.213,-6.642],[38.852,-6.349],[38.778,-6.031],[38.833,-5.816],[39.139,-5.103],[39.207,-4.872],[39.191,-4.678],[37.771,-3.655],[37.59,-3.404],[37.7,-3.314],[37.645,-3.046],[36.704,-2.52],[35.416,-1.801],[34.053,-1.04],[33.904,-1.003],[32.358,-1.003],[30.828,-1.003],[30.472,-1.067],[30.555,-1.318],[30.738,-1.407],[30.831,-1.594],[30.83,-1.961],[30.888,-2.083],[30.834,-2.345],[30.555,-2.401],[30.416,-2.646],[30.416,-2.852],[30.719,-2.99],[30.832,-3.173],[30.469,-3.513],[30.003,-4.272],[29.728,-4.462],[29.404,-4.45],[29.321,-4.836],[29.378,-5.088],[29.594,-5.62],[29.603,-5.782],[29.476,-6.002],[29.526,-6.273],[29.739,-6.652],[30.091,-6.89],[30.37,-7.31],[30.442,-7.596],[30.655,-7.927],[30.752,-8.194],[30.96,-8.55],[31.12,-8.617],[31.353,-8.587],[31.539,-8.704],[31.673,-8.913],[31.918,-9.022],[32.383,-9.134],[32.518,-9.258],[32.713,-9.286],[32.921,-9.408]]],[[[39.543,-6.321],[39.354,-5.897],[39.19,-5.914],[39.264,-6.302],[39.508,-6.463],[39.543,-6.321]]],[[[39.643,-5.414],[39.796,-5.407],[39.856,-5.229],[39.806,-4.961],[39.643,-5.414]]]]},"properties":{"id":"tanzania","name":"タンザニア","nameEn":"Tanzania","guide":true,"small":false,"center":[34.885,-6.359]}},
{"type":"Feature","geometry":{"type":"Polygon","coordinates":[[[35.758,32.744],[35.896,32.713],[36.07,32.517],[36.373,32.386],[36.819,32.317],[38.057,32.994],[38.775,33.372],[39.88,33.926],[40.69,34.331],[40.988,34.429],[41.196,34.768],[41.192,35.182],[41.261,35.494],[41.364,35.655],[41.241,36.043],[41.277,36.355],[41.415,36.527],[41.844,36.618],[42.282,36.994],[42.357,37.11],[42.179,37.306],[42.009,37.176],[41.48,37.076],[40.709,37.1],[40.19,36.884],[39.765,36.742],[39.24,36.661],[38.664,36.72],[38.529,36.834],[38.19,36.906],[37.446,36.634],[37.015,36.642],[36.965,36.754],[36.659,36.828],[36.535,36.494],[36.588,36.325],[36.36,36.182],[36.356,36.022],[36.138,35.82],[35.911,35.918],[35.812,35.835],[35.778,35.541],[35.909,35.426],[35.962,35.198],[35.867,34.924],[35.97,34.65],[36.262,34.627],[36.531,34.414],[36.604,34.199],[36.267,33.91],[36.05,33.816],[36.013,33.608],[35.821,33.407],[35.804,33.248],[35.888,32.945],[35.758,32.744]]]},"properties":{"id":"x-SYR","name":"シリア","nameEn":"Syria","guide":false,"small":false,"center":[39.05,34.819]}},
{"type":"Feature","geometry":{"type":"Polygon","coordinates":[[[-54.615,2.326],[-54.477,2.214],[-54.135,2.111],[-53.867,2.305],[-53.532,2.247],[-53.344,2.35],[-53.234,2.251],[-52.96,2.175],[-52.708,2.359],[-52.353,3.058],[-52.013,3.619],[-51.988,3.705],[-51.683,4.039],[-51.651,4.19],[-51.802,4.613],[-51.931,4.59],[-52.094,4.758],[-52.402,4.974],[-52.995,5.458],[-53.252,5.549],[-53.517,5.581],[-53.944,5.745],[-54.061,5.437],[-54.171,5.348],[-54.43,5.053],[-54.482,4.913],[-54.451,4.484],[-54.355,4.067],[-54.187,3.815],[-53.989,3.611],[-54.003,3.455],[-54.19,3.178],[-54.163,2.97],[-54.213,2.776],[-54.359,2.508],[-54.615,2.326]]]},"properties":{"id":"x-GUF","name":"フランス領ギアナ","nameEn":"French Guiana","guide":false,"small":false,"center":[-53.132,3.928]}},
{"type":"Feature","geometry":{"type":"Polygon","coordinates":[[[-60.81,14.462],[-61.002,14.811],[-61.16,14.667],[-61.006,14.476],[-60.81,14.462]]]},"properties":{"id":"martinique","name":"マルティニーク","nameEn":"Martinique","guide":true,"small":true,"center":[-61.02,14.643]}},
{"type":"Feature","geometry":{"type":"MultiPolygon","coordinates":[[[[-61.552,16.286],[-61.797,16.251],[-61.695,15.949],[-61.558,16.086],[-61.552,16.286]]],[[[-61.544,16.285],[-61.503,16.213],[-61.188,16.264],[-61.534,16.449],[-61.544,16.285]]]]},"properties":{"id":"x-GLP","name":"グアドループ","nameEn":"Guadeloupe","guide":false,"small":true,"center":[-61.356,16.358]}},
{"type":"Feature","geometry":{"type":"Polygon","coordinates":[[[55.788,-21.103],[55.578,-20.875],[55.303,-20.905],[55.225,-21.048],[55.355,-21.275],[55.554,-21.364],[55.821,-21.325],[55.788,-21.103]]]},"properties":{"id":"reunion","name":"レユニオン","nameEn":"Réunion","guide":true,"small":true,"center":[55.54,-21.116]}},
{"type":"Feature","geometry":{"type":"Polygon","coordinates":[[[45.201,-12.723],[45.087,-12.76],[45.132,-12.989],[45.213,-12.852],[45.201,-12.723]]]},"properties":{"id":"x-MYT","name":"マヨット","nameEn":"Mayotte","guide":false,"small":true,"center":[45.134,-12.818]}},
{"type":"Feature","geometry":{"type":"MultiPolygon","coordinates":[[[[2.522,51.088],[1.973,51.007],[1.581,50.869],[1.521,50.215],[1.173,49.961],[0.675,49.876],[0.236,49.729],[0.08,49.542],[0.257,49.464],[-0.219,49.28],[-0.411,49.343],[-1.072,49.397],[-1.391,49.713],[-1.812,49.691],[-1.885,49.531],[-1.61,49.216],[-1.58,48.643],[-2.312,48.687],[-2.636,48.539],[-3.077,48.828],[-3.515,48.842],[-3.614,48.683],[-3.974,48.733],[-4.564,48.63],[-4.765,48.52],[-4.783,48.376],[-4.458,48.249],[-4.435,47.976],[-4.225,47.802],[-4.094,47.875],[-3.345,47.721],[-3.074,47.576],[-2.758,47.639],[-2.502,47.527],[-2.405,47.286],[-1.993,47.052],[-2.119,46.82],[-1.857,46.635],[-1.805,46.504],[-1.504,46.419],[-1.18,46.229],[-1.049,46.039],[-1.194,45.71],[-1.14,45.49],[-1.247,44.505],[-1.346,44.019],[-1.477,43.58],[-1.794,43.386],[-1.747,43.291],[-1.404,43.243],[-1.275,43.047],[-0.76,42.947],[-0.561,42.774],[-0.307,42.832],[-0.039,42.685],[0.608,42.688],[0.656,42.838],[1.319,42.713],[1.429,42.595],[1.707,42.503],[2.052,42.352],[2.277,42.429],[2.465,42.341],[2.934,42.47],[3.181,42.431],[3.052,42.555],[3.039,42.943],[3.114,43.106],[3.385,43.284],[3.939,43.533],[4.566,43.371],[5.339,43.334],[5.538,43.207],[6.027,43.078],[6.68,43.202],[6.731,43.408],[7.366,43.723],[7.407,43.764],[7.437,43.743],[7.502,43.792],[7.692,44.085],[7.381,44.123],[7.033,44.243],[6.839,44.503],[7.019,44.739],[6.728,44.929],[6.603,45.103],[7.062,45.219],[7.161,45.411],[6.983,45.511],[6.801,45.826],[7.022,45.925],[6.854,46.123],[6.763,46.429],[6.483,46.449],[6.214,46.315],[6.064,46.471],[6.132,46.596],[6.429,46.761],[6.443,46.944],[6.665,47.021],[7.044,47.34],[7.104,47.496],[7.379,47.431],[7.586,47.585],[7.526,47.783],[7.573,48.095],[7.752,48.355],[7.81,48.615],[8.103,48.821],[8.189,48.966],[7.649,49.036],[6.843,49.211],[6.726,49.156],[6.495,49.436],[6.345,49.455],[5.961,49.441],[5.791,49.538],[5.478,49.495],[5.402,49.602],[4.989,49.791],[4.788,49.974],[4.435,49.932],[4.21,50.06],[4.023,50.338],[3.755,50.346],[3.463,50.519],[3.271,50.527],[3.146,50.769],[2.787,50.723],[2.62,50.816],[2.522,51.088]]],[[[8.566,42.209],[8.805,41.907],[8.696,41.729],[8.936,41.489],[9.211,41.441],[9.402,41.706],[9.403,41.953],[9.553,42.113],[9.528,42.564],[9.343,42.749],[9.107,42.726],[8.667,42.51],[8.566,42.209]]]]},"properties":{"id":"france","name":"フランス","nameEn":"France","guide":true,"small":false,"center":[1.708,46.707]}},
{"type":"Feature","geometry":{"type":"Polygon","coordinates":[[[-54.615,2.326],[-54.359,2.508],[-54.213,2.776],[-54.163,2.97],[-54.19,3.178],[-54.003,3.455],[-53.989,3.611],[-54.187,3.815],[-54.355,4.067],[-54.451,4.484],[-54.482,4.913],[-54.43,5.053],[-54.171,5.348],[-53.986,5.746],[-54.037,5.842],[-54.774,5.985],[-55.336,5.963],[-55.844,5.976],[-55.999,5.811],[-56.66,5.98],[-56.957,6.012],[-57.126,5.818],[-57.164,5.557],[-57.248,5.485],[-57.324,5.339],[-57.315,5.026],[-57.72,4.99],[-57.919,4.83],[-57.837,4.651],[-58.068,4.151],[-58.032,3.988],[-57.83,3.662],[-57.644,3.517],[-57.565,3.35],[-57.284,3.344],[-57.275,3.134],[-57.175,2.819],[-56.705,2.03],[-56.482,1.942],[-56.02,1.834],[-55.926,2.062],[-56.117,2.333],[-55.989,2.521],[-55.724,2.397],[-55.4,2.43],[-55.355,2.495],[-55.018,2.591],[-54.88,2.447],[-54.703,2.446],[-54.615,2.326]]]},"properties":{"id":"x-SUR","name":"スリナム","nameEn":"Suriname","guide":false,"small":false,"center":[-56.027,3.923]}},
{"type":"Feature","geometry":{"type":"Polygon","coordinates":[[[-56.482,1.942],[-56.705,2.03],[-57.175,2.819],[-57.275,3.134],[-57.284,3.344],[-57.565,3.35],[-57.644,3.517],[-57.83,3.662],[-58.032,3.988],[-58.068,4.151],[-57.837,4.651],[-57.919,4.83],[-57.72,4.99],[-57.315,5.026],[-57.324,5.339],[-57.248,5.485],[-57.162,5.639],[-57.167,6.085],[-57.29,6.235],[-57.599,6.427],[-58.068,6.822],[-58.398,6.883],[-58.485,7.011],[-58.464,7.312],[-58.663,7.585],[-58.779,7.662],[-59.165,8.059],[-60.021,8.558],[-59.816,8.288],[-60.019,8.06],[-60.231,7.964],[-60.375,7.824],[-60.503,7.821],[-60.731,7.525],[-60.602,7.33],[-60.643,7.221],[-60.292,7.105],[-60.421,6.942],[-60.934,6.732],[-61.13,6.716],[-61.205,6.596],[-61.122,6.187],[-61.269,6.107],[-61.38,5.905],[-60.74,5.202],[-60.456,5.175],[-60.213,5.267],[-59.983,5.086],[-60.088,4.608],[-59.687,4.381],[-59.738,4.203],[-59.529,3.932],[-59.68,3.702],[-59.838,3.609],[-59.828,3.383],[-59.959,3.066],[-60,2.694],[-59.903,2.36],[-59.742,2.264],[-59.765,1.921],[-59.242,1.378],[-59.011,1.328],[-58.898,1.218],[-58.519,1.267],[-58.514,1.439],[-58.332,1.593],[-58.027,1.517],[-57.991,1.65],[-57.561,1.709],[-57.429,1.9],[-57.104,2.021],[-57.011,1.919],[-56.806,1.874],[-56.482,1.942]]]},"properties":{"id":"x-GUY","name":"ガイアナ","nameEn":"Guyana","guide":false,"small":false,"center":[-58.939,4.872]}},
{"type":"Feature","geometry":{"type":"MultiPolygon","coordinates":[[[[128.365,38.624],[128.268,38.454],[128.04,38.304],[127.157,38.307],[127.027,38.254],[126.667,37.828],[126.531,37.755],[126.596,37.44],[126.755,37.049],[126.336,36.825],[126.572,36.306],[126.535,36.22],[126.733,35.886],[126.513,35.577],[126.362,35.269],[126.45,35.067],[126.409,34.844],[126.271,34.642],[126.49,34.509],[126.48,34.349],[126.81,34.451],[127.01,34.612],[127.316,34.445],[128.019,34.999],[128.435,34.843],[128.526,35.103],[128.997,35.076],[129.194,35.156],[129.455,35.513],[129.543,36.066],[129.382,36.202],[129.471,36.772],[129.331,37.282],[129.064,37.679],[128.632,38.145],[128.365,38.624]]],[[[126.946,33.478],[126.792,33.564],[126.311,33.464],[126.171,33.269],[126.286,33.2],[126.841,33.31],[126.946,33.478]]]]},"properties":{"id":"south-korea","name":"大韓民国","nameEn":"South Korea","guide":true,"small":false,"center":[127.858,36.458]}},
{"type":"Feature","geometry":{"type":"Polygon","coordinates":[[[128.365,38.624],[128.015,38.858],[127.77,39.109],[127.452,39.166],[127.378,39.371],[127.575,39.595],[127.521,39.747],[127.875,39.893],[128.007,40.045],[128.302,40.033],[128.665,40.201],[128.655,40.32],[129.078,40.473],[129.206,40.676],[129.753,40.91],[129.712,41.123],[129.8,41.369],[129.659,41.465],[129.691,41.65],[129.965,41.899],[130.073,42.078],[130.481,42.34],[130.7,42.295],[130.531,42.53],[130.243,42.743],[130.239,42.902],[129.88,42.996],[129.761,42.746],[129.703,42.442],[129.243,42.379],[129.211,42.22],[128.964,42.089],[128.502,41.996],[128.035,41.994],[128.04,41.88],[128.303,41.583],[128.186,41.404],[127.944,41.471],[127.638,41.43],[127.269,41.505],[126.887,41.785],[126.618,41.666],[126.501,41.434],[126.008,40.899],[125.761,40.886],[125.364,40.647],[124.896,40.484],[124.37,40.098],[124.434,39.831],[124.675,39.622],[124.866,39.714],[125.225,39.591],[125.432,39.301],[125.287,39.152],[125.137,38.804],[125.26,38.67],[125.058,38.568],[124.884,38.355],[124.905,38.125],[125.013,37.906],[125.301,37.895],[125.349,37.738],[125.609,37.806],[125.804,37.989],[126.063,37.802],[126.398,37.892],[126.667,37.828],[127.027,38.254],[127.157,38.307],[128.04,38.304],[128.268,38.454],[128.365,38.624]]]},"properties":{"id":"x-PRK","name":"朝鮮民主主義人民共和国","nameEn":"North Korea","guide":false,"small":false,"center":[127.511,40.343]}},
{"type":"Feature","geometry":{"type":"Polygon","coordinates":[[[-17.014,21.42],[-16.73,21.47],[-15.75,21.49],[-15.46,21.45],[-14.84,21.45],[-14.67,21.6],[-14.63,21.86],[-14.22,22.31],[-14.17,22.76],[-14.02,23.41],[-13.89,23.69],[-13.77,23.79],[-13.31,23.981],[-13.06,24.4],[-12.43,24.83],[-12.31,25.11],[-12.17,25.64],[-12.03,26.03],[-11.717,26.104],[-11.636,26.295],[-11.337,26.633],[-11.392,26.883],[-10.922,27.01],[-10.55,26.99],[-10.25,26.86],[-10.032,26.91],[-9.734,26.86],[-9.412,27.088],[-9.001,27.09],[-8.753,27.19],[-8.817,27.661],[-8.682,27.661],[-8.682,28.666],[-8.383,28.906],[-8.07,29.079],[-7.619,29.389],[-7.35,29.383],[-7.147,29.509],[-6.784,29.446],[-6.7,29.516],[-5.756,29.614],[-5.54,29.523],[-5.274,29.887],[-4.876,30.18],[-4.624,30.285],[-4.372,30.509],[-3.834,30.627],[-3.646,30.711],[-3.555,30.956],[-3.815,31.221],[-3.673,31.389],[-3.66,31.648],[-2.828,31.795],[-2.939,32.049],[-2.516,32.132],[-1.25,32.082],[-1.218,32.393],[-1.048,32.517],[-1.423,32.742],[-1.559,32.934],[-1.5,33.06],[-1.674,33.238],[-1.613,33.521],[-1.719,33.898],[-1.675,34.106],[-1.871,34.597],[-1.788,34.757],[-2.194,35.004],[-2.223,35.089],[-2.563,35.096],[-2.905,35.174],[-2.913,35.277],[-2.948,35.33],[-3.413,35.198],[-3.674,35.288],[-4.376,35.152],[-4.77,35.241],[-5.249,35.585],[-5.341,35.847],[-5.399,35.925],[-5.599,35.822],[-5.927,35.781],[-6.292,34.881],[-6.558,34.418],[-6.822,34.04],[-7.099,33.84],[-7.497,33.65],[-8.243,33.405],[-8.629,33.128],[-8.868,32.882],[-9.26,32.577],[-9.27,32.227],[-9.366,32.026],[-9.667,31.731],[-9.848,31.402],[-9.82,30.792],[-9.887,30.687],[-9.612,30.404],[-9.655,30.127],[-9.82,29.839],[-10.053,29.6],[-10.142,29.429],[-10.574,28.99],[-11.048,28.762],[-11.486,28.326],[-12.061,28.089],[-12.968,27.915],[-13.171,27.685],[-13.301,27.324],[-13.402,27.177],[-13.501,26.858],[-13.62,26.689],[-13.924,26.501],[-14.157,26.434],[-14.41,26.26],[-14.52,25.924],[-14.782,25.447],[-14.85,25.214],[-14.836,24.919],[-14.908,24.685],[-15.172,24.494],[-15.62,24.026],[-15.768,23.96],[-15.773,23.788],[-15.967,23.513],[-16.135,23.185],[-16.173,22.973],[-16.29,22.9],[-16.357,22.583],[-16.522,22.315],[-16.707,22.275],[-16.817,22.131],[-16.967,21.781],[-17.014,21.42]]]},"properties":{"id":"x-MAR","name":"モロッコ","nameEn":"Morocco","guide":false,"small":false,"center":[-9.023,28.673]}},
{"type":"Feature","geometry":{"type":"Polygon","coordinates":[[[-8.682,27.661],[-8.817,27.661],[-8.753,27.19],[-9.001,27.09],[-9.412,27.088],[-9.734,26.86],[-10.032,26.91],[-10.25,26.86],[-10.55,26.99],[-10.922,27.01],[-11.392,26.883],[-11.337,26.633],[-11.636,26.295],[-11.717,26.104],[-12.03,26.03],[-12.17,25.64],[-12.31,25.11],[-12.43,24.83],[-13.06,24.4],[-13.31,23.981],[-13.77,23.79],[-13.89,23.69],[-14.02,23.41],[-14.17,22.76],[-14.22,22.31],[-14.63,21.86],[-14.67,21.6],[-14.84,21.45],[-15.46,21.45],[-15.75,21.49],[-16.73,21.47],[-17.014,21.42],[-17.1,20.838],[-17.057,20.767],[-17.081,20.875],[-16.959,21.333],[-15.002,21.333],[-14.015,21.333],[-13.015,21.333],[-13.093,22.495],[-13.165,22.753],[-13.015,23.018],[-12.619,23.271],[-12.354,23.322],[-12.015,23.495],[-12.015,24.937],[-12.015,25.995],[-10.202,25.995],[-8.707,25.995],[-8.681,26.013],[-8.682,27.285],[-8.682,27.661]]]},"properties":{"id":"x-SAH","name":"西サハラ","nameEn":"W. Sahara","guide":false,"small":false,"center":[-12.893,24.214]}},
{"type":"Feature","geometry":{"type":"Polygon","coordinates":[[[-83.696,10.937],[-83.663,10.807],[-83.933,10.718],[-84.023,10.787],[-84.676,11.07],[-84.931,10.942],[-85.631,11.196],[-85.702,11.081],[-85.741,10.94],[-85.632,10.621],[-85.809,10.495],[-85.862,10.347],[-85.779,10.08],[-85.639,9.905],[-85.332,9.827],[-85.146,9.613],[-84.865,9.823],[-84.96,9.946],[-85.145,9.999],[-85.09,10.172],[-84.635,9.783],[-84.678,9.693],[-84.522,9.519],[-84.273,9.482],[-83.918,9.295],[-83.63,9.035],[-83.588,8.835],[-83.74,8.624],[-83.576,8.445],[-83.276,8.402],[-83.405,8.589],[-83.384,8.74],[-83.143,8.55],[-83.151,8.369],[-82.968,8.221],[-82.898,8.035],[-82.944,8.249],[-82.85,8.63],[-82.924,8.741],[-82.749,8.974],[-82.939,9.06],[-82.944,9.437],[-82.829,9.603],[-82.574,9.576],[-82.772,9.661],[-83.017,9.963],[-83.204,10.129],[-83.466,10.495],[-83.665,10.935],[-83.687,10.938],[-83.696,10.937]]]},"properties":{"id":"costa-rica","name":"コスタリカ","nameEn":"Costa Rica","guide":true,"small":false,"center":[-84.255,9.622]}},
{"type":"Feature","geometry":{"type":"Polygon","coordinates":[[[-85.702,11.081],[-85.631,11.196],[-84.931,10.942],[-84.676,11.07],[-84.023,10.787],[-83.933,10.718],[-83.663,10.807],[-83.696,10.937],[-83.837,11.143],[-83.868,11.375],[-83.653,11.612],[-83.713,12.049],[-83.664,12.256],[-83.767,12.547],[-83.589,12.632],[-83.508,12.903],[-83.57,13.287],[-83.431,13.957],[-83.219,14.25],[-83.192,14.387],[-83.299,14.771],[-83.13,14.997],[-83.39,15.031],[-83.869,14.777],[-84.483,14.619],[-84.699,14.675],[-84.77,14.805],[-85.002,14.741],[-85.03,14.589],[-85.432,14.133],[-85.824,13.848],[-86.097,14.044],[-86.41,13.749],[-86.766,13.745],[-86.702,13.314],[-86.911,13.24],[-86.948,13.07],[-87.314,12.982],[-87.647,12.872],[-87.455,12.744],[-87.071,12.389],[-86.798,12.219],[-86.496,11.759],[-85.928,11.311],[-85.702,11.081]]]},"properties":{"id":"x-NIC","name":"ニカラグア","nameEn":"Nicaragua","guide":false,"small":false,"center":[-85.408,12.872]}},
{"type":"Feature","geometry":{"type":"Polygon","coordinates":[[[18.626,3.477],[18.513,3.592],[17.856,3.537],[17.459,3.708],[17.334,3.619],[16.969,3.533],[16.639,3.529],[16.568,3.464],[16.479,2.836],[16.197,2.236],[16.104,2.194],[16.065,1.979],[16.159,1.735],[15.89,1.793],[15.765,1.909],[15.483,1.976],[15.349,1.923],[15.234,2.031],[15.092,1.984],[14.871,2.102],[14.706,2.106],[14.562,2.209],[14.267,2.152],[13.295,2.161],[13.207,1.994],[13.13,1.592],[13.239,1.428],[13.25,1.222],[13.543,1.283],[13.795,1.434],[14.184,1.381],[14.275,1.156],[14.468,0.913],[14.232,0.543],[14.076,0.539],[13.871,0.196],[13.921,-0.053],[13.831,-0.205],[14.121,-0.302],[14.499,-0.631],[14.392,-1.023],[14.482,-1.389],[14.374,-1.604],[14.371,-1.921],[14.252,-1.968],[14.227,-2.323],[14.081,-2.5],[13.885,-2.488],[13.771,-2.119],[13.593,-2.327],[13.361,-2.429],[13.011,-2.288],[12.805,-1.919],[12.583,-1.827],[12.423,-1.898],[12.459,-2.33],[12.062,-2.415],[11.938,-2.329],[11.756,-2.415],[11.558,-2.349],[11.637,-2.833],[11.764,-2.983],[11.688,-3.171],[11.944,-3.303],[11.828,-3.548],[11.649,-3.673],[11.57,-3.545],[11.213,-3.697],[11.114,-3.937],[11.358,-4.112],[11.401,-4.221],[11.806,-4.577],[11.782,-4.68],[12.01,-5.02],[12.378,-4.619],[12.608,-4.565],[12.762,-4.391],[13.074,-4.635],[13.359,-4.795],[13.393,-4.885],[13.69,-4.691],[13.711,-4.464],[13.955,-4.492],[14.369,-4.278],[14.467,-4.448],[14.35,-4.567],[14.396,-4.856],[14.634,-4.904],[14.831,-4.815],[14.931,-4.647],[15.204,-4.339],[15.459,-4.214],[15.567,-4.038],[15.883,-3.945],[16.208,-3.362],[16.177,-2.882],[16.226,-2.635],[16.177,-2.287],[16.231,-2.129],[16.523,-1.862],[16.84,-1.263],[17.029,-1.094],[17.298,-1.021],[17.75,-0.523],[17.716,-0.196],[17.854,0.241],[17.94,0.361],[17.867,1.017],[17.963,1.191],[18.071,1.551],[18.072,2.16],[18.246,2.519],[18.393,2.714],[18.528,3.065],[18.613,3.128],[18.626,3.477]]]},"properties":{"id":"x-COG","name":"コンゴ共和国","nameEn":"Congo","guide":false,"small":false,"center":[14.878,-0.656]}},
{"type":"Feature","geometry":{"type":"Polygon","coordinates":[[[18.626,3.477],[18.613,3.128],[18.528,3.065],[18.393,2.714],[18.246,2.519],[18.072,2.16],[18.071,1.551],[17.963,1.191],[17.867,1.017],[17.94,0.361],[17.854,0.241],[17.716,-0.196],[17.75,-0.523],[17.298,-1.021],[17.029,-1.094],[16.84,-1.263],[16.523,-1.862],[16.231,-2.129],[16.177,-2.287],[16.226,-2.635],[16.177,-2.882],[16.208,-3.362],[15.883,-3.945],[15.567,-4.038],[15.459,-4.214],[15.204,-4.339],[14.931,-4.647],[14.831,-4.815],[14.634,-4.904],[14.396,-4.856],[14.35,-4.567],[14.467,-4.448],[14.369,-4.278],[13.955,-4.492],[13.711,-4.464],[13.69,-4.691],[13.393,-4.885],[13.359,-4.795],[13.074,-4.635],[12.833,-4.723],[12.679,-4.924],[12.444,-5.055],[12.531,-5.163],[12.509,-5.726],[12.211,-5.763],[12.449,-6.052],[12.723,-5.979],[12.822,-5.83],[13.184,-5.856],[14.021,-5.873],[14.577,-5.905],[14.704,-5.881],[16.316,-5.855],[16.597,-5.925],[16.727,-6.189],[16.731,-6.57],[16.833,-6.828],[16.927,-6.889],[16.996,-7.298],[17.537,-8.015],[17.901,-8.048],[18.098,-8.109],[18.177,-7.999],[19.356,-8.002],[19.334,-7.867],[19.425,-7.58],[19.513,-7.479],[19.476,-7.316],[19.522,-7.002],[20.294,-7.002],[20.331,-6.917],[20.611,-6.916],[20.521,-7.286],[21.785,-7.283],[21.854,-7.586],[21.758,-8.015],[21.936,-8.413],[21.86,-8.846],[21.841,-9.276],[21.793,-9.394],[21.854,-9.618],[22.16,-9.931],[22.313,-10.369],[22.274,-10.503],[22.322,-10.742],[22.165,-10.852],[22.282,-11.237],[22.538,-11.037],[22.728,-11.097],[23.014,-11.102],[23.495,-10.964],[23.834,-11.028],[23.967,-10.872],[24.124,-11.043],[24.382,-11.121],[24.31,-11.407],[24.565,-11.445],[24.674,-11.342],[25.279,-11.2],[25.352,-11.646],[25.851,-11.794],[25.994,-11.905],[26.415,-11.912],[26.644,-11.986],[26.874,-11.964],[26.967,-11.87],[27.01,-11.61],[27.18,-11.57],[27.234,-11.809],[27.421,-11.922],[27.52,-12.18],[27.638,-12.294],[27.934,-12.303],[28.131,-12.429],[28.423,-12.521],[28.584,-12.889],[28.668,-12.849],[28.903,-13.162],[28.994,-13.396],[29.169,-13.434],[29.574,-13.225],[29.602,-13.374],[29.798,-13.424],[29.799,-12.154],[29.474,-12.243],[29.447,-12.335],[29.03,-12.376],[28.835,-12.092],[28.497,-11.857],[28.357,-11.447],[28.44,-11.348],[28.564,-10.812],[28.7,-10.643],[28.635,-10.519],[28.624,-9.951],[28.668,-9.822],[28.516,-9.378],[28.372,-9.235],[28.765,-8.934],[28.93,-8.68],[28.915,-8.473],[30.752,-8.194],[30.655,-7.927],[30.442,-7.596],[30.37,-7.31],[30.091,-6.89],[29.739,-6.652],[29.526,-6.273],[29.476,-6.002],[29.603,-5.782],[29.594,-5.62],[29.378,-5.088],[29.321,-4.836],[29.404,-4.45],[29.339,-4.093],[29.215,-3.9],[29.207,-3.335],[29.235,-3.047],[29.09,-2.926],[29.015,-2.721],[28.891,-2.653],[28.859,-2.418],[29.151,-2.15],[29.149,-1.799],[29.358,-1.51],[29.578,-1.388],[29.556,-0.919],[29.611,-0.864],[29.629,-0.442],[29.712,0.1],[29.94,0.498],[29.928,0.785],[30.145,0.903],[30.239,1.136],[30.478,1.239],[30.682,1.5],[31.026,1.778],[31.243,2.051],[31.178,2.303],[30.872,2.332],[30.725,2.441],[30.855,2.893],[30.745,3.036],[30.91,3.393],[30.84,3.49],[30.693,3.632],[30.573,3.601],[30.539,3.842],[30.206,3.95],[30.123,4.102],[29.776,4.406],[29.778,4.524],[29.494,4.668],[29.304,4.387],[29.173,4.348],[28.986,4.496],[28.755,4.554],[28.404,4.278],[28.178,4.347],[28.009,4.499],[27.772,4.596],[27.767,4.735],[27.553,4.901],[27.441,5.071],[27.116,5.2],[26.761,5.088],[26.463,5.06],[26.13,5.259],[26.027,5.19],[25.733,5.259],[25.581,5.375],[25.364,5.311],[25.308,5.032],[24.664,4.924],[24.46,5.107],[24.163,4.908],[23.567,4.724],[23.388,4.587],[23.169,4.738],[22.898,4.824],[22.786,4.725],[22.689,4.492],[22.493,4.174],[22.207,4.15],[22.009,4.242],[21.723,4.295],[21.538,4.245],[20.872,4.453],[20.603,4.41],[20.452,4.529],[20.339,4.772],[19.72,5.136],[19.409,5.13],[19.083,4.909],[18.721,4.377],[18.537,4.306],[18.645,3.982],[18.593,3.71],[18.626,3.477]]]},"properties":{"id":"x-COD","name":"コンゴ民主共和国","nameEn":"Dem. Rep. Congo","guide":false,"small":false,"center":[21.745,-4.042]}},
{"type":"Feature","geometry":{"type":"Polygon","coordinates":[[[91.628,27.853],[91.622,27.951],[91.27,28.073],[91.093,27.972],[90.684,28.087],[90.588,28.233],[90.262,28.335],[89.863,28.296],[89.561,28.135],[89.336,27.869],[89.051,27.608],[88.892,27.316],[88.73,27.151],[88.955,26.913],[89.185,26.811],[89.342,26.854],[89.822,26.701],[90.089,26.742],[90.383,26.892],[90.588,26.78],[91.198,26.802],[91.406,26.87],[91.521,26.798],[92.036,26.855],[91.996,27.158],[92.085,27.304],[91.975,27.472],[91.78,27.456],[91.595,27.546],[91.628,27.853]]]},"properties":{"id":"bhutan","name":"ブータン","nameEn":"Bhutan","guide":true,"small":false,"center":[90.409,27.527]}},
{"type":"Feature","geometry":{"type":"Polygon","coordinates":[[[31.764,52.101],[31.475,52.118],[30.941,52.02],[30.662,51.819],[30.534,51.553],[30.638,51.336],[30.355,51.305],[30.149,51.484],[29.829,51.43],[29.618,51.486],[29.297,51.374],[29.16,51.603],[28.8,51.533],[28.347,51.525],[27.477,51.624],[27.178,51.747],[26.855,51.749],[26.408,51.851],[25.768,51.929],[25.183,51.95],[24.391,51.88],[23.981,51.586],[23.75,51.644],[23.606,51.517],[23.634,51.339],[23.875,51.136],[24.106,50.539],[23.981,50.405],[23.748,50.389],[23.101,49.957],[22.641,49.529],[22.724,49.367],[22.744,49.046],[22.54,49.072],[22.322,48.7],[22.154,48.586],[22.133,48.405],[22.878,47.947],[23.231,48.08],[23.36,47.993],[23.977,47.962],[24.231,47.897],[24.562,47.941],[24.897,47.71],[25.262,47.899],[26.173,47.993],[26.303,48.212],[26.618,48.259],[26.843,48.394],[27.176,48.362],[27.504,48.472],[27.752,48.452],[28.2,48.212],[28.799,48.112],[28.95,47.935],[29.124,47.976],[29.239,47.756],[29.117,47.533],[29.359,47.353],[29.557,47.324],[29.559,46.946],[29.844,46.854],[29.953,46.725],[29.727,46.456],[29.283,46.397],[29.163,46.538],[28.946,46.455],[29.015,46.183],[28.932,45.993],[28.474,45.658],[28.481,45.502],[28.199,45.462],[28.33,45.323],[28.71,45.227],[29.322,45.444],[29.65,45.346],[29.659,45.216],[29.969,45.839],[30.138,45.82],[30.494,46.08],[30.772,46.396],[30.755,46.516],[30.991,46.601],[31.481,46.646],[31.858,46.629],[32.112,46.512],[31.968,46.351],[32.262,46.128],[32.503,46.076],[32.79,46.134],[33.629,46.125],[33.846,46.196],[34.689,45.974],[34.789,45.804],[35.002,45.729],[34.811,46.166],[35.291,46.293],[35.902,46.653],[36.189,46.669],[36.886,46.804],[37.208,46.934],[37.335,46.882],[37.581,47.09],[38.217,47.103],[38.201,47.291],[38.353,47.607],[38.735,47.677],[38.877,47.861],[39.759,47.833],[39.843,48.12],[39.993,48.273],[39.809,48.584],[39.632,48.587],[39.759,48.895],[40.142,49.246],[40.041,49.455],[39.57,49.713],[39.238,49.765],[38.344,49.992],[37.995,49.921],[37.728,50.079],[37.435,50.425],[36.683,50.261],[36.269,50.281],[36.106,50.421],[35.697,50.345],[35.425,50.5],[35.445,50.688],[35.342,50.916],[34.962,51.215],[34.748,51.165],[34.409,51.253],[34.28,51.361],[34.128,51.681],[34.386,51.818],[34.068,52.031],[34.056,52.17],[33.804,52.355],[33.197,52.369],[32.927,52.247],[32.528,52.316],[32.096,52.041],[31.764,52.101]]]},"properties":{"id":"ukraine","name":"ウクライナ","nameEn":"Ukraine","guide":true,"small":false,"center":[31.146,48.791]}},
{"type":"Feature","geometry":{"type":"Polygon","coordinates":[[[23.606,51.517],[23.75,51.644],[23.981,51.586],[24.391,51.88],[25.183,51.95],[25.768,51.929],[26.408,51.851],[26.855,51.749],[27.178,51.747],[27.477,51.624],[28.347,51.525],[28.8,51.533],[29.16,51.603],[29.297,51.374],[29.618,51.486],[29.829,51.43],[30.149,51.484],[30.355,51.305],[30.638,51.336],[30.534,51.553],[30.662,51.819],[30.941,52.02],[31.475,52.118],[31.764,52.101],[31.608,52.372],[31.505,52.849],[31.247,53.014],[31.379,53.182],[31.739,53.193],[31.907,53.092],[32.206,53.1],[32.72,53.439],[32.453,53.546],[32.481,53.662],[32.084,53.81],[31.754,53.82],[31.748,54.086],[31.325,54.229],[31.168,54.622],[30.771,54.786],[31.006,55.042],[30.794,55.286],[30.913,55.572],[30.218,55.855],[29.869,55.831],[29.461,55.687],[29.377,55.954],[29.031,56.024],[28.706,55.96],[28.621,56.083],[28.29,56.047],[28.149,56.142],[27.911,56.1],[27.593,55.794],[26.981,55.827],[26.595,55.667],[26.445,55.338],[26.769,55.3],[26.579,55.119],[26.309,55.145],[26.139,54.969],[25.783,54.87],[25.53,54.346],[25.194,54.244],[24.821,54.02],[24.378,53.887],[24.201,53.952],[23.643,53.899],[23.486,53.939],[23.591,53.611],[23.894,53.152],[23.869,52.67],[23.392,52.51],[23.166,52.289],[23.637,52.084],[23.56,51.755],[23.606,51.517]]]},"properties":{"id":"belarus","name":"ベラルーシ","nameEn":"Belarus","guide":true,"small":false,"center":[27.943,53.696]}},
{"type":"Feature","geometry":{"type":"Polygon","coordinates":[[[16.487,-28.573],[16.769,-28.443],[16.764,-28.283],[16.893,-28.083],[17.098,-28.031],[17.192,-28.209],[17.346,-28.228],[17.328,-28.456],[17.404,-28.704],[17.913,-28.781],[18.166,-28.902],[18.746,-28.84],[19.082,-28.959],[19.249,-28.772],[19.483,-28.678],[19.569,-28.531],[19.982,-28.422],[19.983,-26.896],[19.982,-25.942],[19.981,-24.752],[19.98,-23.721],[19.978,-22.001],[20.972,-22.001],[20.985,-21.964],[20.98,-20.626],[20.978,-19.876],[20.975,-18.319],[21.476,-18.3],[22.981,-18.02],[23.311,-18.01],[23.645,-18.466],[24.183,-18.029],[24.422,-17.956],[24.578,-18.044],[24.725,-17.896],[24.958,-17.801],[25.26,-17.794],[24.958,-17.552],[24.684,-17.492],[24.22,-17.479],[23.382,-17.641],[22.231,-17.858],[21.381,-18.013],[21.217,-17.931],[20.806,-18.031],[20.565,-17.985],[20.336,-17.855],[20.034,-17.896],[19.673,-17.843],[19.421,-17.859],[19.021,-17.822],[18.762,-17.748],[18.454,-17.39],[17.623,-17.389],[16.34,-17.389],[15.057,-17.388],[14.207,-17.388],[13.943,-17.408],[13.521,-17.122],[13.364,-16.964],[13.166,-16.951],[12.887,-17.03],[12.555,-17.236],[12.243,-17.225],[12.095,-17.14],[11.766,-17.253],[11.718,-17.546],[11.849,-18.143],[12.032,-18.505],[12.287,-18.698],[12.567,-19.102],[12.705,-19.411],[13.155,-20.154],[13.387,-20.816],[13.832,-21.456],[13.952,-21.784],[14.137,-21.946],[14.386,-22.276],[14.509,-22.548],[14.522,-22.923],[14.41,-22.971],[14.492,-23.309],[14.474,-24.159],[14.612,-24.446],[14.602,-24.562],[14.781,-24.803],[14.853,-25.064],[14.801,-25.263],[14.877,-25.578],[14.843,-25.764],[14.979,-26.059],[14.966,-26.335],[15.129,-26.458],[15.083,-26.695],[15.234,-26.965],[15.295,-27.322],[15.521,-27.634],[15.684,-27.95],[16.419,-28.607],[16.487,-28.573]]]},"properties":{"id":"namibia","name":"ナミビア","nameEn":"Namibia","guide":true,"small":false,"center":[18.489,-22.955]}},
{"type":"Feature","geometry":{"type":"Polygon","coordinates":[[[19.981,-24.752],[19.982,-25.942],[19.983,-26.896],[19.982,-28.422],[19.569,-28.531],[19.483,-28.678],[19.249,-28.772],[19.082,-28.959],[18.746,-28.84],[18.166,-28.902],[17.913,-28.781],[17.404,-28.704],[17.328,-28.456],[17.346,-28.228],[17.192,-28.209],[17.098,-28.031],[16.893,-28.083],[16.764,-28.283],[16.769,-28.443],[16.487,-28.573],[16.6,-28.858],[16.809,-29.078],[17.056,-29.676],[17.282,-30.348],[17.562,-30.838],[17.894,-31.345],[18.173,-31.663],[18.277,-31.893],[18.349,-32.26],[18.273,-32.648],[18.081,-32.781],[17.852,-32.83],[17.913,-33.047],[18.146,-33.356],[18.307,-33.479],[18.475,-33.9],[18.315,-34.029],[18.858,-34.15],[18.808,-34.365],[19.088,-34.343],[19.304,-34.418],[19.399,-34.602],[19.642,-34.772],[19.953,-34.809],[20.524,-34.454],[20.961,-34.356],[21.262,-34.422],[21.516,-34.352],[21.703,-34.391],[22.114,-34.194],[22.275,-34.058],[22.63,-33.996],[22.936,-34.083],[23.408,-34.11],[23.636,-33.98],[24.163,-34.055],[24.584,-34.178],[24.841,-34.133],[25.101,-33.961],[25.598,-34.049],[25.679,-33.795],[25.955,-33.711],[26.515,-33.755],[27.38,-33.357],[27.897,-33.04],[28.211,-32.775],[28.549,-32.562],[28.87,-32.287],[29.392,-31.736],[30.01,-31.292],[30.392,-30.847],[31.016,-29.868],[31.187,-29.56],[31.488,-29.21],[31.752,-28.966],[32.012,-28.866],[32.379,-28.553],[32.544,-28.19],[32.677,-27.521],[32.839,-27.124],[32.893,-26.846],[32.114,-26.84],[31.992,-26.838],[31.942,-27.101],[31.968,-27.316],[31.527,-27.311],[31.157,-27.206],[30.976,-27.035],[30.88,-26.772],[30.786,-26.717],[30.805,-26.397],[30.97,-26.209],[31.12,-25.91],[31.427,-25.744],[31.835,-25.982],[31.949,-25.958],[31.912,-25.785],[31.992,-25.65],[31.987,-24.423],[31.869,-24.164],[31.856,-23.947],[31.741,-23.837],[31.521,-23.416],[31.536,-23.157],[31.289,-22.397],[30.838,-22.282],[30.301,-22.337],[29.759,-22.131],[29.35,-22.187],[29.048,-22.22],[28.913,-22.454],[28.624,-22.563],[28.339,-22.585],[27.937,-22.964],[27.896,-23.079],[27.608,-23.217],[27.549,-23.361],[27.35,-23.391],[27.004,-23.646],[26.85,-24.248],[26.531,-24.459],[26.404,-24.633],[26.279,-24.628],[25.868,-24.748],[25.877,-24.886],[25.587,-25.62],[25.386,-25.744],[25.052,-25.738],[24.799,-25.829],[24.297,-25.723],[24.228,-25.649],[23.925,-25.629],[23.459,-25.282],[23.007,-25.311],[22.845,-25.481],[22.719,-25.984],[22.545,-26.207],[22.257,-26.341],[22.058,-26.618],[21.767,-26.704],[21.687,-26.855],[21.381,-26.824],[21.122,-26.865],[20.852,-26.807],[20.694,-26.889],[20.609,-26.686],[20.623,-26.428],[20.841,-26.131],[20.794,-25.894],[20.365,-25.033],[19.981,-24.752]],[[28.981,-28.909],[29.312,-29.09],[29.436,-29.342],[29.161,-29.667],[29.144,-29.92],[28.86,-30.066],[28.364,-30.159],[28.055,-30.65],[27.744,-30.6],[27.459,-30.317],[27.366,-30.311],[27.015,-29.626],[27.242,-29.549],[27.665,-29.066],[27.747,-28.909],[28.019,-28.857],[28.155,-28.702],[28.667,-28.597],[28.7,-28.688],[28.981,-28.909]]]},"properties":{"id":"south-africa","name":"南アフリカ共和国","nameEn":"South Africa","guide":true,"small":false,"center":[24.682,-28.474]}},
{"type":"Feature","geometry":{"type":"Polygon","coordinates":[[[-63.018,18.033],[-63.018,18.122],[-63.107,18.062],[-63.018,18.033]]]},"properties":{"id":"x-MAF","name":"サン・マルタン","nameEn":"St-Martin","guide":false,"small":true,"center":[-63.079,18.078]}},
{"type":"Feature","geometry":{"type":"Polygon","coordinates":[[[-63.107,18.062],[-63.098,18.036],[-63.018,18.033],[-63.107,18.062]]]},"properties":{"id":"x-SXM","name":"シント・マールテン","nameEn":"Sint Maarten","guide":false,"small":true,"center":[-63.068,18.041]}},
{"type":"Feature","geometry":{"type":"MultiPolygon","coordinates":[[[[56.077,26.061],[56.183,26.015],[56.145,25.671],[56.279,25.627],[56.4,25.99],[56.302,26.205],[56.182,26.246],[56.077,26.061]]],[[[56.383,24.978],[56.118,24.735],[56.006,24.956],[55.789,24.855],[55.76,24.559],[55.807,24.341],[55.998,24.081],[55.5,23.971],[55.538,23.77],[55.375,23.469],[55.191,22.995],[55.187,22.704],[55.638,21.979],[55.303,20.971],[54.978,19.995],[53.63,19.546],[51.979,18.996],[52.73,17.3],[52.802,17.267],[53.09,16.642],[53.339,16.735],[53.583,16.75],[54.023,16.985],[54.592,17.038],[54.808,16.951],[55.027,17.011],[55.255,17.229],[55.301,17.417],[55.225,17.515],[55.445,17.841],[55.653,17.895],[56.188,17.957],[56.345,17.938],[56.561,18.149],[56.66,18.595],[56.915,18.81],[57.208,18.91],[57.71,18.944],[57.84,19.015],[57.751,19.268],[57.699,19.754],[57.848,20.112],[57.856,20.261],[58.104,20.575],[58.224,20.396],[58.519,20.417],[58.68,20.828],[58.919,21.144],[59.166,21.363],[59.336,21.438],[59.498,21.756],[59.792,22.198],[59.845,22.445],[59.776,22.541],[59.535,22.583],[59.298,22.793],[59.084,23.055],[58.786,23.512],[58.491,23.657],[58.412,23.616],[57.913,23.718],[57.152,23.954],[56.939,24.116],[56.611,24.496],[56.383,24.978]]],[[[58.906,20.626],[58.643,20.356],[58.789,20.287],[58.906,20.626]]]]},"properties":{"id":"oman","name":"オマーン","nameEn":"Oman","guide":true,"small":false,"center":[55.912,20.81]}},
{"type":"Feature","geometry":{"type":"Polygon","coordinates":[[[70.959,40.238],[71.365,40.294],[71.673,40.148],[72.099,40.426],[72.37,40.386],[72.784,40.67],[73.003,40.87],[72.619,40.88],[72.477,41.012],[72.186,41.041],[72.17,41.169],[71.872,41.194],[71.684,41.534],[71.586,41.324],[71.276,41.113],[70.756,41.27],[70.634,41.467],[70.477,41.405],[70.169,41.578],[70.55,41.824],[70.825,41.936],[71.218,42.206],[70.948,42.248],[70.734,42.197],[70.61,42.027],[70.315,42.035],[70.136,41.848],[69.871,41.7],[69.625,41.668],[69.044,41.379],[69.039,41.22],[68.746,41.064],[68.55,40.835],[68.627,40.667],[68.462,40.585],[68.068,40.788],[68.131,41.03],[67.937,41.2],[66.815,41.142],[66.688,41.199],[66.504,41.993],[66.017,41.998],[66.101,42.99],[65.795,42.877],[65.517,43.297],[65.271,43.417],[64.957,43.697],[64.855,43.713],[64.427,43.547],[63.208,43.627],[62.026,43.481],[61.162,44.168],[61.036,44.383],[59.676,45.029],[58.531,45.559],[55.978,44.996],[55.977,43.616],[55.977,42.699],[55.978,41.322],[56.793,41.288],[57.01,41.254],[56.95,41.866],[57.382,42.164],[57.85,42.191],[57.998,42.493],[58.283,42.689],[58.493,42.645],[58.612,42.781],[58.894,42.548],[59.122,42.538],[59.245,42.365],[59.478,42.286],[59.866,42.304],[60.028,42.2],[59.984,41.949],[60.156,41.603],[60.094,41.39],[60.415,41.235],[60.86,41.253],[61.281,41.157],[61.47,41.297],[61.878,41.125],[62.045,40.715],[62.192,40.499],[62.353,40.43],[62.453,40.009],[62.593,39.89],[63.478,39.403],[63.709,39.191],[64.121,38.962],[64.337,38.971],[64.635,38.744],[64.978,38.612],[65.604,38.237],[65.877,38.273],[66.554,38.027],[66.52,37.364],[67.006,37.384],[67.237,37.192],[67.482,37.277],[67.781,37.189],[67.829,37.528],[68.249,37.949],[68.361,38.174],[68.055,38.536],[68.038,38.692],[68.173,38.845],[68.086,38.994],[67.691,38.99],[67.62,39.151],[67.378,39.199],[67.436,39.486],[67.765,39.623],[68.338,39.528],[68.517,39.548],[68.616,39.828],[68.877,39.901],[68.602,40.175],[69.019,40.232],[69.285,40.219],[69.198,40.546],[69.436,40.803],[69.66,40.639],[70.28,40.878],[70.446,41.026],[70.756,40.695],[70.354,40.456],[70.582,40.222],[70.959,40.238]]]},"properties":{"id":"x-UZB","name":"ウズベキスタン","nameEn":"Uzbekistan","guide":false,"small":false,"center":[64.562,41.372]}},
{"type":"Feature","geometry":{"type":"MultiPolygon","coordinates":[[[[87.324,49.085],[87.218,49.23],[86.905,49.352],[86.776,49.695],[86.61,49.796],[86.392,49.625],[86.112,49.52],[85.384,49.616],[85.263,49.582],[85.033,49.885],[84.976,50.075],[84.25,50.26],[84.102,50.629],[83.82,50.868],[83.434,50.993],[83.108,50.993],[82.976,50.882],[82.073,50.716],[81.763,50.784],[81.46,50.73],[81.401,50.959],[81.058,50.947],[81.147,51.136],[80.683,51.302],[80.476,51.21],[80.439,50.958],[79.99,50.788],[79.47,51.493],[78.476,52.638],[77.867,53.272],[77.613,53.443],[76.526,53.961],[76.766,54.365],[76.433,54.317],[75.64,54.099],[75.028,53.808],[74.772,53.831],[74.616,53.681],[74.214,53.597],[73.873,53.632],[73.391,53.52],[73.23,53.662],[73.485,53.875],[73.063,53.979],[72.957,54.118],[72.656,54.043],[72.152,54.368],[72.067,54.222],[71.709,54.132],[71.182,54.102],[71.18,54.727],[71.006,54.774],[70.977,55.078],[70.666,55.309],[70.197,55.133],[69.674,55.334],[68.723,55.353],[68.605,55.196],[68.262,55.194],[68.166,54.956],[67.817,54.952],[67.623,54.854],[66.447,54.711],[65.977,54.612],[65.477,54.633],[65.214,54.528],[65.213,54.343],[64.579,54.386],[63.709,54.25],[63.085,54.086],[62.551,54.027],[61.194,54.018],[61.202,53.82],[61.008,53.636],[61.281,53.542],[61.203,53.276],[62.051,53.125],[62.094,52.992],[61.574,52.956],[61.19,53.013],[60.696,52.735],[61.04,52.335],[60.672,52.144],[60.507,52.152],[60.138,51.889],[60.452,51.805],[60.515,51.618],[60.937,51.611],[61.023,51.486],[61.474,51.426],[61.593,51.278],[61.372,50.782],[60.718,50.653],[60.3,50.685],[60.021,50.854],[59.775,50.534],[59.523,50.475],[59.438,50.631],[58.926,50.678],[58.664,50.79],[58.595,51.023],[57.769,51.12],[57.737,50.938],[57.353,50.886],[57.168,51.094],[56.508,51.066],[56.079,50.725],[55.66,50.53],[55.305,50.665],[54.638,51.028],[54.676,50.603],[54.38,50.619],[54.479,50.853],[54.177,50.968],[53.936,51.186],[53.674,51.22],[53.61,51.388],[53.153,51.513],[52.506,51.479],[52.335,51.764],[52.092,51.659],[51.869,51.673],[51.62,51.519],[51.372,51.63],[50.925,51.68],[50.582,51.635],[50.325,51.303],[49.987,51.23],[49.779,51.102],[49.423,51.102],[49.369,50.827],[49.144,50.782],[48.673,50.58],[48.701,50.335],[48.886,50.02],[48.418,49.812],[48.239,49.865],[47.993,50.182],[47.625,50.441],[47.295,50.275],[47.309,50.045],[46.9,49.82],[46.775,49.333],[47.029,49.201],[47.021,49.097],[46.754,48.914],[46.479,48.41],[47.078,48.275],[47.051,47.975],[47.174,47.771],[47.435,47.834],[47.65,47.766],[48.044,47.77],[48.525,47.41],[48.697,47.101],[49.006,46.769],[48.455,46.661],[49.227,46.328],[49.469,46.563],[49.817,46.54],[50.169,46.749],[50.607,46.868],[50.857,47.04],[51.187,47.117],[51.503,47.061],[51.764,46.916],[52.239,46.807],[52.456,47.001],[52.92,46.957],[53.188,46.718],[53.083,46.435],[53.157,46.342],[53.087,46.02],[52.567,45.401],[51.958,45.372],[51.792,45.405],[51.397,45.333],[51.243,45.101],[50.982,44.989],[50.971,44.847],[51.319,44.596],[51.143,44.485],[50.848,44.633],[50.299,44.655],[50.23,44.391],[50.345,44.311],[50.847,44.189],[51.142,43.634],[51.32,43.443],[51.266,43.188],[51.651,43.191],[51.933,42.835],[52.169,42.887],[52.574,42.799],[52.745,42.657],[52.599,42.345],[52.402,42.093],[52.485,41.942],[52.438,41.749],[52.979,42.127],[53.412,42.258],[54.047,42.345],[54.195,42.318],[54.738,42.048],[55.43,41.291],[55.635,41.264],[55.978,41.322],[55.977,42.699],[55.977,43.616],[55.978,44.996],[58.531,45.559],[59.676,45.029],[61.036,44.383],[61.162,44.168],[62.026,43.481],[63.208,43.627],[64.427,43.547],[64.855,43.713],[64.957,43.697],[65.271,43.417],[65.517,43.297],[65.795,42.877],[66.101,42.99],[66.017,41.998],[66.504,41.993],[66.688,41.199],[66.815,41.142],[67.937,41.2],[68.131,41.03],[68.068,40.788],[68.462,40.585],[68.627,40.667],[68.55,40.835],[68.746,41.064],[69.039,41.22],[69.044,41.379],[69.625,41.668],[69.871,41.7],[70.136,41.848],[70.315,42.035],[70.61,42.027],[70.734,42.197],[70.948,42.248],[71.003,42.564],[71.405,42.795],[71.584,42.76],[71.848,42.834],[72.726,42.653],[72.841,42.556],[73.41,42.59],[73.493,42.895],[73.634,43.062],[74.259,43.216],[74.714,43],[75.179,42.85],[75.646,42.806],[75.771,42.926],[76.689,42.91],[76.957,42.989],[77.164,42.922],[78.496,42.876],[79.031,42.756],[79.476,42.454],[79.918,42.424],[80.21,42.19],[80.268,42.238],[80.14,42.623],[80.227,42.791],[80.476,42.864],[80.368,43.028],[80.773,43.113],[80.713,43.459],[80.345,44.103],[80.376,44.671],[80.218,44.818],[79.992,44.794],[79.858,44.904],[80.062,45.019],[80.854,45.126],[81.739,45.338],[81.95,45.144],[82.295,45.228],[82.585,45.177],[82.616,45.435],[82.291,45.533],[82.489,45.902],[82.839,46.732],[82.986,46.943],[83.014,47.195],[83.15,47.212],[83.905,46.974],[84.664,46.984],[84.916,46.851],[85.205,47.034],[85.499,47.052],[85.66,47.207],[85.67,47.384],[85.515,47.92],[85.586,48.141],[85.784,48.408],[86.192,48.418],[86.565,48.527],[86.745,48.704],[86.728,48.99],[86.887,49.107],[87.324,49.085]],[[63.384,45.566],[63.21,45.584],[62.9,45.748],[62.813,45.895],[62.9,46.209],[63.21,46.372],[63.444,46.389],[63.755,46.297],[63.955,46.061],[63.868,45.748],[63.557,45.584],[63.384,45.566]]],[[[63.384,45.566],[63.557,45.584],[63.868,45.748],[63.955,46.061],[63.755,46.297],[63.444,46.389],[63.21,46.372],[62.9,46.209],[62.813,45.895],[62.9,45.748],[63.21,45.584],[63.384,45.566]]]]},"properties":{"id":"kazakhstan","name":"カザフスタン","nameEn":"Kazakhstan","guide":true,"small":false,"center":[66.901,48.01]}},
{"type":"Feature","geometry":{"type":"Polygon","coordinates":[[[70.959,40.238],[70.582,40.222],[70.354,40.456],[70.756,40.695],[70.446,41.026],[70.28,40.878],[69.66,40.639],[69.436,40.803],[69.198,40.546],[69.285,40.219],[69.019,40.232],[68.602,40.175],[68.877,39.901],[68.616,39.828],[68.517,39.548],[68.338,39.528],[67.765,39.623],[67.436,39.486],[67.378,39.199],[67.62,39.151],[67.691,38.99],[68.086,38.994],[68.173,38.845],[68.038,38.692],[68.055,38.536],[68.361,38.174],[68.249,37.949],[67.829,37.528],[67.781,37.189],[68.011,36.931],[68.307,37.114],[69.005,37.306],[69.124,37.169],[69.324,37.121],[69.445,37.236],[69.378,37.437],[69.529,37.586],[70.158,37.541],[70.283,37.705],[70.165,37.89],[70.483,38.137],[70.596,38.338],[70.974,38.474],[71.334,38.281],[71.256,37.95],[71.598,37.898],[71.497,37.567],[71.431,37.067],[71.611,36.705],[71.837,36.699],[72.26,36.967],[72.658,37.029],[72.761,37.187],[73.276,37.459],[73.753,37.428],[73.798,37.229],[74.163,37.33],[74.224,37.403],[74.66,37.394],[74.892,37.231],[75.164,37.401],[74.892,37.599],[74.965,37.767],[74.791,38.081],[74.776,38.511],[74.334,38.667],[74.14,38.669],[73.933,38.53],[73.797,38.603],[73.684,38.855],[73.816,38.994],[73.602,39.236],[73.633,39.448],[73.368,39.444],[73.168,39.355],[72.65,39.394],[72.316,39.329],[72.05,39.369],[71.733,39.285],[71.74,39.448],[71.492,39.494],[71.46,39.612],[71.009,39.408],[70.74,39.386],[70.622,39.564],[70.46,39.6],[70.206,39.524],[69.669,39.578],[69.286,39.54],[69.226,39.751],[69.314,39.987],[69.97,40.212],[70.627,39.994],[70.639,40.085],[70.959,40.238]]]},"properties":{"id":"x-TJK","name":"タジキスタン","nameEn":"Tajikistan","guide":false,"small":false,"center":[71.253,38.859]}},
{"type":"Feature","geometry":{"type":"Polygon","coordinates":[[[26.595,55.667],[26.179,55.85],[25.65,56.144],[25.109,56.183],[24.892,56.439],[24.447,56.261],[23.288,56.373],[23.017,56.324],[22.094,56.417],[21.596,56.308],[21.053,56.073],[21.074,55.745],[21.223,55.52],[21.268,55.249],[22.1,55.03],[22.581,55.058],[22.809,54.894],[22.68,54.453],[22.767,54.356],[22.973,54.375],[23.433,54.169],[23.486,53.939],[23.643,53.899],[24.201,53.952],[24.378,53.887],[24.821,54.02],[25.194,54.244],[25.53,54.346],[25.783,54.87],[26.139,54.969],[26.309,55.145],[26.579,55.119],[26.769,55.3],[26.445,55.338],[26.595,55.667]]]},"properties":{"id":"lithuania","name":"リトアニア","nameEn":"Lithuania","guide":true,"small":false,"center":[23.923,55.165]}},
{"type":"Feature","geometry":{"type":"MultiPolygon","coordinates":[[[[-57.603,-30.191],[-57.536,-30.274],[-57.213,-30.287],[-57.102,-30.121],[-56.831,-30.102],[-56.011,-30.798],[-56.011,-31.082],[-55.864,-31.077],[-55.592,-30.848],[-55.354,-31.056],[-55.26,-31.229],[-54.82,-31.435],[-54.592,-31.471],[-54.464,-31.672],[-54.135,-31.909],[-53.772,-32.047],[-53.649,-32.339],[-53.416,-32.564],[-53.186,-32.647],[-53.127,-32.755],[-53.512,-33.099],[-53.54,-33.649],[-53.379,-33.741],[-52.819,-33.323],[-52.622,-33.102],[-52.375,-32.499],[-52.127,-32.178],[-52.259,-32.054],[-52.246,-31.841],[-52.001,-31.551],[-51.923,-31.307],[-51.653,-31.259],[-51.443,-31.081],[-51.29,-30.624],[-51.123,-30.256],[-50.537,-30.32],[-50.731,-30.792],[-50.939,-30.896],[-50.988,-31.046],[-51.176,-31.149],[-51.18,-31.359],[-51.435,-31.497],[-51.563,-31.777],[-51.152,-31.482],[-50.721,-31.045],[-50.316,-30.462],[-50.045,-29.815],[-49.811,-29.443],[-49.343,-28.924],[-48.941,-28.645],[-48.815,-28.61],[-48.655,-28.213],[-48.566,-27.86],[-48.647,-27.647],[-48.575,-27.016],[-48.682,-26.719],[-48.644,-26.385],[-48.798,-26.305],[-48.583,-26.157],[-48.613,-26.041],[-48.433,-25.622],[-48.407,-25.284],[-48.247,-25.411],[-47.952,-25.201],[-47.826,-24.894],[-47.541,-24.703],[-47.181,-24.533],[-46.966,-24.299],[-46.407,-24.009],[-46.234,-23.986],[-46.08,-23.828],[-45.864,-23.756],[-45.509,-23.838],[-45.434,-23.665],[-45.08,-23.498],[-44.919,-23.349],[-44.584,-23.353],[-44.714,-23.187],[-44.673,-23.059],[-44.436,-22.997],[-44.191,-23.049],[-43.864,-22.896],[-43.542,-23.049],[-43.22,-22.995],[-43.27,-22.747],[-43.076,-22.666],[-43.031,-22.974],[-42.624,-22.94],[-42.058,-22.954],[-41.99,-22.826],[-41.966,-22.535],[-41.666,-22.282],[-41.244,-22.145],[-40.967,-21.948],[-41.072,-21.523],[-40.732,-20.844],[-40.583,-20.802],[-40.349,-20.5],[-40.191,-20.19],[-40.027,-19.764],[-39.835,-19.657],[-39.71,-19.416],[-39.741,-18.902],[-39.725,-18.519],[-39.625,-18.193],[-39.499,-18.006],[-39.275,-17.867],[-39.184,-17.601],[-39.209,-17.162],[-39.054,-16.436],[-38.864,-15.843],[-38.924,-15.716],[-39.002,-15.232],[-39.023,-14.816],[-39.067,-14.675],[-38.924,-14.004],[-39.011,-13.832],[-38.968,-13.674],[-39.062,-13.4],[-38.842,-13.161],[-38.736,-12.883],[-38.738,-12.737],[-38.509,-12.723],[-38.51,-13.021],[-38.32,-12.935],[-38.051,-12.641],[-37.655,-12.05],[-37.435,-11.569],[-36.903,-10.773],[-36.577,-10.55],[-36.408,-10.502],[-36.251,-10.248],[-36.036,-10.064],[-35.853,-9.731],[-35.583,-9.533],[-35.305,-9.193],[-35.147,-8.912],[-34.94,-8.351],[-34.812,-7.906],[-34.9,-7.718],[-34.805,-7.623],[-34.797,-7.158],[-34.859,-7.071],[-35.038,-6.237],[-35.093,-6.186],[-35.262,-5.483],[-35.511,-5.144],[-35.997,-5.048],[-36.131,-5.096],[-36.59,-5.103],[-36.791,-5.051],[-36.899,-4.938],[-37.183,-4.911],[-37.325,-4.696],[-37.607,-4.608],[-37.769,-4.396],[-38.107,-4.158],[-38.378,-3.87],[-38.457,-3.718],[-38.66,-3.676],[-39.358,-3.184],[-39.485,-3.146],[-39.986,-2.848],[-40.5,-2.786],[-40.582,-2.827],[-41.343,-2.92],[-41.675,-2.88],[-41.821,-2.734],[-42.004,-2.813],[-42.453,-2.752],[-42.71,-2.56],[-43.312,-2.346],[-43.454,-2.341],[-43.477,-2.538],[-43.739,-2.517],[-44.014,-2.635],[-44.073,-2.4],[-44.368,-2.55],[-44.433,-2.95],[-44.614,-3.112],[-44.694,-2.995],[-44.646,-2.768],[-44.474,-2.402],[-44.362,-2.31],[-44.497,-2.148],[-44.522,-1.847],[-45.091,-1.464],[-45.34,-1.583],[-45.401,-1.438],[-45.696,-1.161],[-45.81,-1.275],[-45.956,-1.22],[-46.221,-1.011],[-46.48,-1.022],[-46.614,-0.813],[-46.77,-0.867],[-46.859,-0.766],[-47.085,-0.751],[-47.294,-0.593],[-47.415,-0.661],[-47.585,-0.578],[-47.946,-0.74],[-48.154,-0.782],[-48.161,-0.96],[-48.34,-1.316],[-48.483,-1.281],[-48.642,-1.386],[-48.812,-1.621],[-48.966,-1.6],[-49.232,-1.948],[-49.332,-2.205],[-49.446,-2.184],[-49.379,-1.896],[-49.485,-1.764],[-49.676,-1.909],[-49.977,-1.826],[-50.281,-1.894],[-50.373,-1.974],[-50.565,-1.891],[-50.819,-1.436],[-50.824,-1.031],[-51.033,-1.038],[-51.268,-1.22],[-51.67,-1.402],[-51.915,-1.571],[-52.124,-1.619],[-52.402,-1.422],[-52.195,-1.345],[-52.066,-1.405],[-51.921,-1.326],[-51.929,-1.178],[-51.724,-1.039],[-51.697,-0.747],[-51.445,-0.471],[-51.202,-0.049],[-51.069,-0.019],[-50.929,0.155],[-50.791,0.17],[-50.609,0.374],[-50.466,0.646],[-50.312,0.817],[-49.979,1.072],[-49.873,1.36],[-49.91,1.664],[-50.183,1.819],[-50.467,1.815],[-50.713,2.237],[-50.903,2.794],[-50.945,2.822],[-51.093,3.376],[-51.08,3.882],[-51.224,4.165],[-51.516,4.441],[-51.683,4.039],[-51.988,3.705],[-52.013,3.619],[-52.353,3.058],[-52.708,2.359],[-52.96,2.175],[-53.234,2.251],[-53.344,2.35],[-53.532,2.247],[-53.867,2.305],[-54.135,2.111],[-54.477,2.214],[-54.615,2.326],[-54.703,2.446],[-54.88,2.447],[-55.018,2.591],[-55.355,2.495],[-55.4,2.43],[-55.724,2.397],[-55.989,2.521],[-56.117,2.333],[-55.926,2.062],[-56.02,1.834],[-56.482,1.942],[-56.806,1.874],[-57.011,1.919],[-57.104,2.021],[-57.429,1.9],[-57.561,1.709],[-57.991,1.65],[-58.027,1.517],[-58.332,1.593],[-58.514,1.439],[-58.519,1.267],[-58.898,1.218],[-59.011,1.328],[-59.242,1.378],[-59.765,1.921],[-59.742,2.264],[-59.903,2.36],[-60,2.694],[-59.959,3.066],[-59.828,3.383],[-59.838,3.609],[-59.68,3.702],[-59.529,3.932],[-59.738,4.203],[-59.687,4.381],[-60.088,4.608],[-59.983,5.086],[-60.213,5.267],[-60.456,5.175],[-60.74,5.202],[-60.664,5.17],[-60.613,4.901],[-60.903,4.7],[-61.012,4.518],[-61.297,4.524],[-61.458,4.419],[-61.542,4.263],[-61.719,4.255],[-61.931,4.146],[-62.193,4.095],[-62.384,4.173],[-62.561,4.038],[-62.766,4.021],[-62.75,3.66],[-62.997,3.599],[-63.286,3.921],[-63.425,3.968],[-64.064,3.912],[-64.125,4.088],[-64.365,4.152],[-64.59,4.119],[-64.663,3.997],[-64.203,3.595],[-64.246,3.419],[-64.223,3.124],[-63.998,2.706],[-64.048,2.471],[-63.831,2.429],[-63.385,2.421],[-63.412,2.149],[-63.618,2.101],[-63.763,1.986],[-63.995,1.958],[-64.081,1.647],[-64.302,1.447],[-64.409,1.508],[-64.731,1.248],[-64.839,1.271],[-65.137,1.127],[-65.203,0.924],[-65.327,0.91],[-65.451,0.69],[-65.583,0.978],[-65.745,0.974],[-66.156,0.733],[-66.346,0.759],[-66.875,1.223],[-67.098,1.253],[-67.074,1.541],[-67.117,1.71],[-67.341,2.09],[-67.593,2.055],[-67.79,1.813],[-67.998,1.75],[-68.201,2.008],[-68.261,1.858],[-68.163,1.721],[-69.352,1.72],[-69.58,1.77],[-69.849,1.669],[-69.852,1.059],[-69.371,1.063],[-69.204,0.944],[-69.137,0.65],[-69.363,0.641],[-69.504,0.73],[-69.619,0.651],[-70.054,0.588],[-70.074,-0.125],[-69.944,-0.305],[-69.632,-0.507],[-69.628,-0.733],[-69.45,-0.997],[-69.399,-1.183],[-69.566,-2.106],[-69.771,-3.234],[-69.965,-4.236],[-70.231,-4.304],[-70.43,-4.134],[-70.585,-4.195],[-70.832,-4.179],[-70.969,-4.385],[-71.774,-4.482],[-72.071,-4.605],[-72.627,-5.022],[-72.918,-5.132],[-72.897,-5.272],[-73.001,-5.709],[-73.235,-6.078],[-73.132,-6.435],[-73.371,-6.584],[-73.765,-6.904],[-73.812,-7.103],[-73.761,-7.337],[-73.979,-7.375],[-73.969,-7.585],[-73.712,-7.788],[-73.668,-8.014],[-73.527,-8.372],[-73.356,-8.48],[-73.351,-8.598],[-73.175,-8.721],[-72.959,-9.086],[-73.215,-9.409],[-72.813,-9.411],[-72.43,-9.482],[-72.262,-9.667],[-72.16,-9.888],[-72.196,-10.006],[-71.391,-10.007],[-71.197,-9.94],[-70.681,-9.528],[-70.543,-9.727],[-70.638,-9.852],[-70.641,-11.011],[-70.534,-10.938],[-70.289,-11.065],[-69.956,-10.919],[-69.578,-10.952],[-69.396,-10.935],[-68.884,-11.016],[-68.787,-11.126],[-68.616,-11.112],[-68.293,-10.979],[-68.098,-10.698],[-67.863,-10.659],[-67.756,-10.714],[-67.585,-10.502],[-67.338,-10.326],[-67.064,-10.257],[-66.632,-9.904],[-65.789,-9.733],[-65.584,-9.837],[-65.452,-9.681],[-65.304,-9.826],[-65.288,-10.216],[-65.45,-10.468],[-65.405,-10.799],[-65.303,-10.991],[-65.353,-11.391],[-65.066,-11.753],[-64.997,-11.996],[-64.793,-12.033],[-64.716,-12.147],[-64.469,-12.261],[-64.396,-12.457],[-63.921,-12.544],[-63.801,-12.455],[-63.496,-12.553],[-63.247,-12.701],[-63.075,-12.653],[-62.975,-12.853],[-62.807,-12.989],[-62.222,-13.121],[-61.869,-13.464],[-61.848,-13.531],[-61.348,-13.494],[-60.897,-13.553],[-60.465,-13.817],[-60.39,-13.975],[-60.474,-14.117],[-60.292,-14.63],[-60.275,-15.095],[-60.529,-15.144],[-60.238,-15.503],[-60.18,-16.222],[-60.13,-16.273],[-58.465,-16.331],[-58.356,-16.51],[-58.48,-16.684],[-58.381,-17.267],[-58.01,-17.497],[-57.791,-17.556],[-57.73,-17.846],[-57.551,-18.184],[-57.782,-18.91],[-57.789,-19.059],[-58.125,-19.73],[-57.86,-19.98],[-58.159,-20.165],[-57.989,-20.433],[-57.991,-20.621],[-57.86,-20.73],[-57.825,-20.999],[-57.856,-21.331],[-57.93,-21.453],[-57.896,-21.688],[-57.987,-22.035],[-57.844,-22.144],[-57.385,-22.213],[-57.214,-22.188],[-56.843,-22.289],[-56.655,-22.237],[-56.422,-22.074],[-56.197,-22.279],[-55.893,-22.307],[-55.752,-22.416],[-55.631,-22.627],[-55.638,-23.001],[-55.535,-23.229],[-55.531,-23.603],[-55.398,-23.977],[-55.201,-24.02],[-54.944,-23.969],[-54.613,-23.811],[-54.245,-24.051],[-54.335,-24.149],[-54.261,-24.329],[-54.321,-24.628],[-54.462,-25.037],[-54.43,-25.131],[-54.61,-25.433],[-54.6,-25.575],[-54.461,-25.642],[-54.215,-25.531],[-53.91,-25.629],[-53.826,-25.973],[-53.667,-26.219],[-53.746,-26.694],[-53.711,-26.874],[-53.819,-27.14],[-54.19,-27.261],[-54.287,-27.428],[-54.461,-27.413],[-54.7,-27.553],[-54.828,-27.545],[-55.026,-27.84],[-55.33,-27.928],[-55.441,-28.079],[-55.773,-28.232],[-55.898,-28.461],[-56.185,-28.744],[-56.416,-29.051],[-56.617,-29.161],[-56.677,-29.313],[-57.094,-29.752],[-57.309,-29.849],[-57.325,-29.981],[-57.612,-30.183],[-57.603,-30.191]]],[[[-51.186,-0.614],[-51.308,-0.519],[-51.505,-0.607],[-51.676,-0.847],[-51.718,-1.13],[-51.872,-1.243],[-51.954,-1.422],[-51.786,-1.45],[-51.435,-1.187],[-51.271,-1.018],[-51.156,-0.682],[-51.186,-0.614]]],[[[-48.463,-0.576],[-48.373,-0.374],[-48.427,-0.26],[-48.892,-0.216],[-49.215,-0.141],[-49.425,-0.23],[-49.653,-0.241],[-50.096,-0.132],[-50.368,-0.106],[-50.583,-0.192],[-50.696,-0.36],[-50.78,-0.661],[-50.804,-1.425],[-50.588,-1.685],[-50.405,-1.831],[-50.052,-1.704],[-49.824,-1.817],[-49.559,-1.724],[-49.557,-1.645],[-49.223,-1.621],[-48.839,-1.443],[-48.842,-1.213],[-48.643,-1.084],[-48.538,-0.894],[-48.463,-0.576]]],[[[-50.974,-0.291],[-50.923,-0.33],[-50.627,-0.086],[-50.766,0.046],[-50.947,-0.012],[-51.033,-0.168],[-50.974,-0.291]]],[[[-49.832,-0.103],[-49.439,-0.121],[-49.428,0.071],[-49.628,0.058],[-49.832,-0.103]]],[[[-50.037,0.3],[-50.107,0.222],[-50.367,0.215],[-50.298,0.012],[-49.83,0.011],[-49.692,0.205],[-49.65,0.386],[-50.037,0.3]]],[[[-57.642,-30.193],[-57.603,-30.191],[-57.612,-30.183],[-57.642,-30.193]]]]},"properties":{"id":"brazil","name":"ブラジル","nameEn":"Brazil","guide":true,"small":false,"center":[-54.406,-14.238]}},
{"type":"Feature","geometry":{"type":"Polygon","coordinates":[[[-57.603,-30.191],[-57.642,-30.193],[-57.653,-30.329],[-57.85,-30.485],[-57.807,-30.908],[-57.905,-31.241],[-58.075,-31.475],[-57.987,-31.554],[-58.059,-31.811],[-58.169,-31.846],[-58.187,-32.153],[-58.102,-32.311],[-58.2,-32.447],[-58.12,-32.819],[-58.048,-32.912],[-58.174,-33.11],[-58.367,-33.154],[-58.435,-33.785],[-58.389,-33.942],[-58.196,-34.159],[-58.077,-34.192],[-57.823,-34.475],[-57.12,-34.463],[-56.795,-34.698],[-56.448,-34.758],[-56.311,-34.906],[-56.07,-34.901],[-55.792,-34.774],[-55.377,-34.801],[-55.26,-34.898],[-54.939,-34.97],[-54.146,-34.668],[-53.972,-34.487],[-53.765,-34.39],[-53.711,-34.199],[-53.539,-34.062],[-53.379,-33.741],[-53.54,-33.649],[-53.512,-33.099],[-53.127,-32.755],[-53.186,-32.647],[-53.416,-32.564],[-53.649,-32.339],[-53.772,-32.047],[-54.135,-31.909],[-54.464,-31.672],[-54.592,-31.471],[-54.82,-31.435],[-55.26,-31.229],[-55.354,-31.056],[-55.592,-30.848],[-55.864,-31.077],[-56.011,-31.082],[-56.011,-30.798],[-56.831,-30.102],[-57.102,-30.121],[-57.213,-30.287],[-57.536,-30.274],[-57.603,-30.191]]]},"properties":{"id":"uruguay","name":"ウルグアイ","nameEn":"Uruguay","guide":true,"small":false,"center":[-55.775,-32.535]}},
{"type":"Feature","geometry":{"type":"Polygon","coordinates":[[[116.684,49.823],[116.575,49.922],[116.218,50.014],[115.751,49.885],[115.369,49.895],[114.997,50.144],[114.754,50.236],[114.286,50.277],[113.85,50.081],[113.58,50.02],[113.212,49.822],[113.044,49.589],[112.734,49.493],[112.432,49.529],[112.03,49.412],[111.338,49.365],[110.731,49.138],[110.371,49.242],[110.181,49.162],[109.287,49.339],[108.538,49.327],[108.033,49.589],[107.947,49.933],[107.225,49.997],[106.974,50.196],[106.657,50.327],[106.245,50.29],[105.985,50.4],[105.329,50.476],[104.406,50.301],[104.122,50.148],[103.601,50.134],[102.587,50.415],[102.328,50.546],[102.147,51.098],[102.184,51.324],[102.051,51.384],[101.388,51.451],[100.511,51.727],[100.006,51.732],[99.679,51.889],[99.324,51.934],[98.856,52.107],[98.711,51.845],[98.332,51.718],[98.22,51.475],[98.051,51.466],[97.806,51.001],[97.99,50.836],[98.023,50.642],[98.293,50.519],[98.262,50.284],[98.106,50.064],[97.847,49.93],[97.567,49.917],[97.302,49.726],[96.969,49.887],[96.373,49.886],[95.867,50.015],[95.481,49.892],[95.076,49.946],[94.922,50.046],[94.625,50.015],[94.344,50.249],[94.238,50.565],[93.011,50.623],[92.962,50.778],[92.65,50.674],[92.302,50.843],[92.159,50.689],[91.75,50.684],[91.416,50.461],[91.012,50.425],[90.684,50.216],[90.475,50.215],[90.051,50.084],[89.969,49.967],[89.624,49.903],[89.682,49.708],[89.252,49.629],[89.161,49.503],[88.871,49.436],[88.2,49.454],[88.144,49.271],[87.816,49.166],[87.806,48.801],[87.943,48.599],[88.565,48.343],[88.581,48.212],[89.046,47.993],[89.542,48.031],[89.751,47.824],[90.083,47.756],[90.441,47.493],[90.469,47.309],[90.712,47.015],[90.828,46.982],[91.047,46.566],[90.896,46.302],[91.002,46.022],[90.711,45.752],[90.651,45.493],[90.905,45.186],[91.135,45.198],[91.663,45.06],[92.009,45.076],[92.475,44.997],[92.753,45.038],[93.525,44.951],[93.975,44.66],[94.195,44.654],[94.338,44.512],[94.698,44.343],[95.037,44.255],[95.379,44.287],[95.328,44.007],[95.51,43.979],[95.908,43.215],[96.294,42.933],[96.351,42.741],[97.193,42.787],[99.474,42.564],[100.017,42.677],[101.219,42.53],[101.638,42.515],[102.034,42.185],[103.073,42.005],[103.721,41.756],[104.501,41.871],[104.498,41.666],[105.015,41.596],[105.274,41.755],[105.869,41.993],[106.768,42.287],[108.177,42.454],[108.797,42.398],[108.994,42.45],[109.485,42.449],[109.667,42.549],[110.407,42.769],[110.934,43.288],[111.597,43.523],[111.933,43.697],[111.839,43.939],[111.519,44.189],[111.406,44.416],[111.739,44.966],[112.011,45.087],[112.441,45.052],[112.614,44.909],[113.105,44.794],[113.635,44.746],[114.055,44.941],[114.419,45.201],[114.534,45.386],[114.939,45.374],[115.638,45.444],[116.012,45.679],[116.17,45.709],[116.213,45.908],[116.604,46.309],[116.805,46.383],[117.302,46.35],[117.394,46.571],[117.696,46.512],[118.238,46.715],[118.72,46.677],[118.816,46.758],[119.317,46.612],[119.68,46.592],[119.904,46.709],[119.903,46.842],[119.7,47.16],[119.158,47.518],[119.083,47.662],[118.767,47.756],[118.542,47.966],[118.182,48.028],[117.742,47.978],[117.317,47.654],[116.853,47.872],[116.244,47.863],[115.853,47.706],[115.562,47.933],[115.515,48.122],[115.809,48.274],[115.8,48.53],[116.684,49.823]]]},"properties":{"id":"mongolia","name":"モンゴル国","nameEn":"Mongolia","guide":true,"small":false,"center":[103.821,46.858]}},
{"type":"Feature","geometry":{"type":"MultiPolygon","coordinates":[[[[87.816,49.166],[88.144,49.271],[88.2,49.454],[88.871,49.436],[89.161,49.503],[89.252,49.629],[89.682,49.708],[89.624,49.903],[89.969,49.967],[90.051,50.084],[90.475,50.215],[90.684,50.216],[91.012,50.425],[91.416,50.461],[91.75,50.684],[92.159,50.689],[92.302,50.843],[92.65,50.674],[92.962,50.778],[93.011,50.623],[94.238,50.565],[94.344,50.249],[94.625,50.015],[94.922,50.046],[95.076,49.946],[95.481,49.892],[95.867,50.015],[96.373,49.886],[96.969,49.887],[97.302,49.726],[97.567,49.917],[97.847,49.93],[98.106,50.064],[98.262,50.284],[98.293,50.519],[98.023,50.642],[97.99,50.836],[97.806,51.001],[98.051,51.466],[98.22,51.475],[98.332,51.718],[98.711,51.845],[98.856,52.107],[99.324,51.934],[99.679,51.889],[100.006,51.732],[100.511,51.727],[101.388,51.451],[102.051,51.384],[102.184,51.324],[102.147,51.098],[102.328,50.546],[102.587,50.415],[103.601,50.134],[104.122,50.148],[104.406,50.301],[105.329,50.476],[105.985,50.4],[106.245,50.29],[106.657,50.327],[106.974,50.196],[107.225,49.997],[107.947,49.933],[108.033,49.589],[108.538,49.327],[109.287,49.339],[110.181,49.162],[110.371,49.242],[110.731,49.138],[111.338,49.365],[112.03,49.412],[112.432,49.529],[112.734,49.493],[113.044,49.589],[113.212,49.822],[113.58,50.02],[113.85,50.081],[114.286,50.277],[114.754,50.236],[114.997,50.144],[115.369,49.895],[115.751,49.885],[116.218,50.014],[116.575,49.922],[116.684,49.823],[117.058,49.673],[117.473,49.614],[117.759,49.513],[118.169,49.671],[118.644,49.955],[119.092,49.987],[119.316,50.093],[119.353,50.346],[119.294,50.599],[119.497,50.737],[119.518,50.905],[119.748,51.083],[120.108,51.665],[120.648,51.911],[120.779,52.118],[120.626,52.347],[120.724,52.542],[120.43,52.636],[120.056,52.601],[120.033,52.761],[120.28,52.866],[120.874,53.28],[121.203,53.277],[121.889,53.431],[122.338,53.491],[122.86,53.474],[123.253,53.568],[123.64,53.551],[124.233,53.382],[124.408,53.236],[124.72,53.149],[125.127,53.207],[125.621,53.062],[126.035,52.727],[126.531,52.153],[126.446,51.983],[126.955,51.33],[126.932,51.064],[127.287,50.751],[127.365,50.555],[127.331,50.328],[127.578,50.221],[127.508,49.822],[127.831,49.594],[128.092,49.542],[128.666,49.609],[129.051,49.377],[129.711,49.274],[129.913,49.04],[130.249,48.865],[130.674,48.871],[130.533,48.636],[130.716,48.499],[130.819,48.282],[130.663,48.116],[131.023,47.682],[131.418,47.743],[131.577,47.669],[132.525,47.708],[132.659,47.87],[133.092,48.107],[133.464,48.09],[133.721,48.245],[134.386,48.381],[134.701,48.262],[134.567,48.04],[134.773,47.711],[134.485,47.43],[134.293,47.41],[134.154,47.258],[133.988,46.625],[133.849,46.48],[133.902,46.259],[133.687,46.142],[133.658,45.935],[133.514,45.879],[133.413,45.573],[133.202,45.511],[133.115,45.123],[132.953,45.024],[131.97,45.234],[131.818,45.333],[131.42,44.959],[130.933,44.842],[131.066,44.682],[131.264,44.054],[131.17,43.781],[131.281,43.38],[130.992,42.849],[130.77,42.866],[130.407,42.735],[130.531,42.53],[130.7,42.295],[130.858,42.525],[131.472,42.873],[131.518,43.009],[131.75,43.225],[131.952,43.072],[132.356,43.286],[132.404,42.942],[132.578,42.84],[132.774,42.875],[133.158,42.688],[133.605,42.846],[133.927,42.883],[134.194,43.08],[134.587,43.229],[135.14,43.508],[135.227,43.682],[135.488,43.833],[135.656,44.169],[135.889,44.402],[136.123,44.476],[136.365,44.793],[136.553,44.895],[136.826,45.204],[137.145,45.375],[137.397,45.624],[137.671,45.795],[138.1,46.228],[138.535,46.987],[138.959,47.313],[139.39,47.904],[140.165,48.449],[140.186,48.65],[140.377,49.144],[140.344,49.218],[140.561,49.575],[140.416,49.863],[140.661,50.058],[140.523,50.151],[140.545,50.344],[140.443,50.544],[140.542,50.877],[140.657,50.938],[140.706,51.335],[140.896,51.429],[140.906,51.615],[141.109,51.679],[141.43,51.942],[141.515,52.172],[141.167,52.365],[141.281,52.579],[141.189,52.987],[141.433,53.149],[140.95,53.489],[140.54,53.672],[140.252,53.891],[140.241,54.057],[139.816,54.215],[139.162,54.205],[138.739,54.316],[138.761,53.975],[138.502,53.544],[137.918,53.587],[137.335,53.529],[137.597,53.824],[137.451,54.318],[137.061,54.146],[137.291,54.036],[137.186,53.851],[136.685,53.808],[136.883,54.591],[136.249,54.62],[135.75,54.571],[135.654,54.666],[135.265,54.722],[135.22,54.894],[135.534,55.087],[135.869,55.174],[136.22,55.355],[136.319,55.487],[136.773,55.661],[137.572,56.117],[137.914,56.36],[138.662,56.978],[139.197,57.273],[139.418,57.297],[139.79,57.483],[139.982,57.688],[140.496,57.845],[140.667,58.191],[140.904,58.383],[141.584,58.618],[141.947,58.943],[142.262,59.125],[143.16,59.354],[143.494,59.319],[143.841,59.402],[145.001,59.37],[145.675,59.423],[146.05,59.139],[146.312,59.279],[146.44,59.46],[146.72,59.382],[147.591,59.304],[147.914,59.39],[148.394,59.379],[148.788,59.236],[148.992,59.356],[149.133,59.641],[149.598,59.758],[150.457,59.613],[151.638,59.482],[151.76,59.299],[152.137,59.296],[152.109,59.156],[151.438,59.17],[151.217,59.092],[151.359,58.856],[152.02,58.875],[152.405,59.023],[152.916,58.917],[153.369,59.241],[153.802,59.172],[154.049,59.053],[154.502,59.218],[155.194,59.176],[155.21,59.344],[154.963,59.496],[154.429,59.547],[154.221,59.87],[154.488,59.896],[154.564,60.094],[154.952,60.367],[155.921,60.755],[156.008,60.95],[156.547,61.209],[156.679,61.524],[157.465,61.782],[158.08,61.734],[158.26,61.826],[158.853,61.826],[159.36,61.893],[159.577,61.653],[159.967,61.759],[160.414,61.765],[159.965,61.378],[160,61.106],[160.425,60.984],[160.17,60.825],[160.382,60.702],[160.828,60.755],[161.596,61.255],[161.986,61.373],[162.417,61.676],[163.327,61.658],[162.978,61.81],[163.148,62.038],[163.091,62.227],[163.267,62.522],[164.055,62.656],[164.598,62.673],[164.538,62.451],[164.127,62.262],[164.045,61.683],[163.759,61.479],[164.029,61.347],[163.487,61.002],[163.346,60.799],[162.889,60.752],[162.754,60.646],[162.206,60.538],[161.939,60.417],[161.897,60.203],[161.533,60.068],[161.284,59.871],[160.805,59.605],[160.497,59.552],[160.31,59.346],[159.864,59.141],[159.751,58.926],[159.024,58.415],[158.168,58.021],[157.723,58.025],[157.47,57.804],[156.931,57.658],[157.001,57.426],[156.832,57.213],[156.386,56.912],[156.125,56.832],[155.924,56.585],[155.686,56.039],[155.551,55.284],[155.728,54.427],[155.936,53.865],[156.111,52.935],[156.373,52.405],[156.501,51.775],[156.535,51.289],[156.722,51.195],[156.72,50.886],[157.759,51.544],[158.287,51.968],[158.548,52.296],[158.516,52.746],[159.003,53.077],[159.632,53.257],[159.922,53.284],[159.969,53.57],[159.844,53.797],[160.053,54.176],[160.741,54.535],[161.066,54.597],[161.312,54.49],[161.753,54.52],[162.153,54.85],[161.813,55.179],[161.777,55.608],[162.142,56.129],[162.593,56.268],[162.822,56.056],[163.366,56.181],[163.241,56.593],[163.281,56.688],[162.784,56.763],[162.86,57.051],[162.833,57.383],[163.075,57.461],[163.33,57.709],[162.712,57.967],[162.456,57.784],[162.026,57.929],[161.993,58.087],[162.17,58.406],[162.405,58.654],[163.069,58.968],[162.887,59.114],[163.081,59.271],[163.169,59.511],[163.39,59.632],[163.378,59.814],[163.698,59.904],[163.652,60.052],[164.339,59.992],[164.489,60.111],[165.014,59.848],[165.13,60.084],[165.721,60.27],[166.052,60.454],[166.25,60.384],[166.11,59.827],[166.288,59.845],[167.048,60.328],[168.096,60.571],[169.167,60.567],[169.708,60.399],[169.956,60.059],[170.401,59.966],[170.581,60.434],[171.179,60.559],[171.407,60.75],[172.007,60.855],[172.476,61.056],[172.931,61.352],[173.497,61.571],[173.545,61.749],[173.991,61.715],[174.138,61.845],[174.49,61.815],[175.633,62.191],[176.279,62.317],[176.594,62.486],[177.307,62.582],[178.061,62.541],[179.15,62.342],[179.609,62.706],[179.25,62.985],[179.335,63.196],[178.595,63.411],[178.763,63.643],[178.694,63.91],[178.468,63.993],[178.4,64.243],[178,64.21],[177.454,64.421],[177.492,64.768],[176.986,64.711],[176.727,64.579],[176.21,64.874],[177.298,64.838],[177.744,64.706],[178.758,64.641],[179.479,64.823],[180,65.066],[180,65.069],[180,65.568],[180,66.066],[180,66.565],[180,67.064],[180,67.562],[180,68.061],[180,68.56],[180,68.981],[178.773,69.415],[178.212,69.443],[176.504,69.754],[175.926,69.776],[175.5,69.874],[175.088,69.846],[173.461,69.949],[171.994,69.993],[170.611,70.116],[170.584,69.6],[170.913,69.304],[171.028,69.055],[170.351,68.828],[169.625,68.777],[169.42,69.024],[168.851,69.188],[168.288,69.243],[168.241,69.558],[167.674,69.772],[166.939,69.502],[166.075,69.523],[165.675,69.596],[164.834,69.567],[164.027,69.774],[163.773,69.694],[163.165,69.721],[162.21,69.656],[161.436,69.38],[161.566,69.015],[160.963,69.106],[160.926,69.642],[160.384,69.675],[159.689,69.891],[160.106,70.264],[159.689,70.671],[159.238,70.829],[158.524,70.969],[157.586,71.075],[155.936,71.099],[154.239,70.965],[153.93,70.894],[152.613,70.835],[151.969,70.945],[152.104,71.05],[151.492,71.333],[149.968,71.535],[149.709,71.773],[150.067,71.922],[149.611,72.148],[148.402,72.311],[147.196,72.33],[146.157,71.821],[145.344,71.663],[145.216,71.843],[145.748,71.91],[145.849,72.162],[146.495,72.066],[146.929,72.313],[145.41,72.556],[141.551,72.774],[141.013,72.691],[140.878,72.538],[139.542,72.498],[139.136,72.304],[139.874,72.178],[139.574,71.933],[139.718,71.457],[138.756,71.643],[138.039,71.559],[138.01,71.339],[137.356,71.374],[136.775,71.523],[135.985,71.635],[135.033,71.539],[134.778,71.429],[134.168,71.371],[133.152,71.579],[132.813,71.831],[132.264,71.682],[131.546,70.887],[131.226,70.75],[130.301,70.94],[129.392,71.347],[129.249,71.55],[128.192,72.228],[129.146,72.1],[129.522,72.249],[129.117,72.482],[128.611,72.483],[127.961,72.662],[128.291,72.909],[129.444,73.029],[128.893,73.217],[128.439,73.236],[127.988,73.471],[126.227,73.555],[125.652,73.525],[124.336,73.805],[123.246,73.546],[123.553,73.218],[123.138,72.918],[122.614,73.031],[121.055,72.932],[119.783,73.018],[118.918,73.12],[118.353,73.282],[118.45,73.589],[117.444,73.589],[116.603,73.675],[115.413,73.71],[114.675,73.593],[113.131,73.45],[113.396,73.686],[112.821,73.747],[111.804,73.744],[110.581,73.991],[110.021,74.014],[109.531,73.775],[110.899,73.686],[109.714,73.453],[108.393,73.317],[107.722,73.169],[106.36,73.194],[106.255,72.967],[105.483,72.768],[106.232,73.323],[106.648,73.307],[107.134,73.53],[108.492,73.773],[108.996,74.016],[109.89,74.197],[110,74.374],[111.744,74.663],[112.147,74.878],[112.88,74.993],[113.605,75.285],[113.337,75.535],[113.89,75.854],[113.521,75.931],[113.259,76.266],[112.671,76.363],[111.555,76.684],[109.333,76.758],[107.985,76.623],[107.592,76.505],[106.612,76.56],[107.25,77.007],[106.5,77.022],[105.456,77.24],[105.984,77.438],[104.678,77.71],[104.023,77.733],[102.158,77.402],[100.919,76.976],[101.235,76.767],[101.036,76.52],[99.509,76.469],[99.261,76.129],[98.576,76.232],[96.831,75.915],[96.111,76.111],[95.39,76.164],[94.739,76.116],[93.686,76.132],[93.55,75.853],[91.291,75.629],[90.864,75.668],[89.132,75.453],[88.314,75.181],[87.354,75.044],[87.082,74.773],[86.639,74.697],[86.475,74.458],[86.02,74.263],[86.803,74.184],[86.783,73.902],[83.484,73.655],[81.957,73.663],[80.832,73.572],[80.273,73.31],[80.842,72.922],[80.632,72.734],[80.704,72.545],[81.208,72.355],[82.198,72.282],[82.185,72.093],[82.787,71.905],[83.361,71.841],[83.628,71.611],[83.148,71.245],[83.775,70.477],[83.484,70.335],[82.952,70.325],[83.134,70.882],[82.203,71.016],[82.297,71.287],[82.82,71.391],[83.32,71.683],[82.867,71.786],[81.737,71.7],[79.391,72.386],[78.498,72.408],[77.741,72.216],[78.204,72.001],[77.585,71.831],[76.946,72.044],[76.027,71.924],[76.325,71.56],[77.671,71.286],[78.279,71.259],[78.614,70.963],[78.002,70.964],[77.783,71.142],[76.017,71.237],[75.343,71.335],[75.533,71.542],[75.263,71.743],[75.287,71.96],[75.721,72.25],[75.702,72.547],[75.319,72.819],[75,72.674],[75.111,72.346],[74.928,72.098],[73.526,71.822],[73.482,71.653],[73.037,71.441],[73.556,71.255],[73.952,70.837],[74.318,70.668],[74.316,70.52],[73.735,70.181],[73.516,69.746],[73.9,69.414],[73.752,69.184],[74.715,69.085],[75.509,69.261],[76.042,69.239],[76.755,69.125],[76.929,69.009],[77.683,68.886],[77.715,68.621],[78.103,68.248],[77.537,68.129],[77.459,67.786],[78.113,67.657],[78.047,67.544],[77.12,67.769],[77.357,68.233],[77.167,68.282],[77.316,68.531],[76.663,68.763],[76.376,68.994],[75.191,68.875],[74.454,68.694],[74.332,68.386],[74.701,68.181],[74.825,67.94],[74.73,67.686],[73.9,67.296],[73.871,67.006],[73.492,66.823],[72.494,66.619],[72.347,66.306],[71.99,66.231],[71.146,66.366],[70.363,66.334],[69.386,66.513],[69.113,66.619],[69.131,66.831],[69.598,66.789],[69.936,66.863],[70.413,66.563],[70.98,66.536],[71.577,66.659],[71.722,66.915],[72.231,67.169],[72.406,67.48],[73.205,67.866],[73.091,68.214],[73.644,68.502],[72.577,68.94],[72.489,69.199],[72.648,69.292],[72.502,69.647],[72.692,69.837],[72.492,70.041],[72.459,70.304],[72.771,70.425],[72.688,70.634],[72.827,70.888],[72.671,71.109],[72.106,71.29],[71.838,71.532],[72.209,71.615],[72.351,71.864],[72.865,72.272],[72.731,72.617],[72.496,72.788],[71.563,72.916],[70.172,72.9],[69.277,72.841],[68.989,72.706],[68.479,71.836],[67.947,71.528],[66.927,71.298],[66.646,71.08],[66.608,70.881],[67.318,70.784],[67.277,70.481],[67.094,70.221],[67.328,70.106],[66.874,69.996],[66.771,69.741],[67.969,69.491],[68.125,69.222],[68.487,68.97],[69.109,68.879],[68.924,68.637],[68.383,68.228],[67.905,68.47],[67.056,68.781],[65.817,69.143],[64.856,69.295],[64.548,69.452],[63.41,69.671],[60.77,69.849],[60.654,69.673],[60.139,69.578],[60.844,69.158],[60.938,68.963],[60.467,68.722],[59.774,68.668],[59.964,68.466],[59.675,68.336],[59.11,68.405],[59.056,68.62],[59.416,68.767],[58.879,69.003],[57.978,68.853],[57.33,68.565],[56.63,68.642],[55.393,68.564],[54.24,68.211],[53.239,68.253],[53.319,68.348],[53.932,68.391],[53.72,68.657],[54.104,69.001],[53.437,68.918],[52.806,68.768],[52.499,68.62],[52.731,68.474],[52.402,68.338],[52.06,68.544],[51.561,68.483],[50.435,68.221],[49.133,67.863],[48.925,67.688],[48.256,67.683],[47.825,67.56],[47.948,67.444],[47.695,67.205],[47.726,67.001],[46.927,66.845],[45.853,66.887],[45.594,67.158],[44.952,67.321],[45.028,67.532],[45.35,67.73],[46.722,67.845],[46.535,68.133],[46.029,68.324],[45.944,68.446],[45.306,68.545],[43.985,68.551],[44.244,68.256],[44.003,67.576],[43.761,67.221],[44.206,67.125],[44.499,66.921],[44.488,66.676],[44.124,66.315],[44.046,66.081],[43.252,66.437],[42.749,66.395],[42.201,66.532],[41.858,66.296],[41.343,66.063],[40.796,65.992],[40.28,65.73],[39.827,65.607],[39.712,65.402],[40.378,64.923],[40.528,64.578],[40.063,64.622],[39.567,64.545],[39.303,64.646],[38.046,64.854],[37.706,65.017],[37.008,65.173],[36.807,64.959],[36.569,64.902],[37.122,64.395],[37.687,64.431],[38.003,64.317],[38.002,63.956],[37.291,63.818],[37.169,63.895],[36.292,64.01],[35.811,64.342],[35.411,64.287],[34.956,64.452],[34.798,64.756],[34.816,65.043],[34.369,65.392],[34.777,65.597],[34.866,65.878],[34.497,66.116],[33.62,66.309],[33.705,66.444],[33.035,66.592],[32.891,66.782],[32.478,66.91],[32.383,67.16],[33.483,66.73],[34.284,66.672],[34.434,66.547],[34.888,66.6],[35.381,66.418],[36.406,66.295],[36.887,66.285],[37.927,66.089],[38.554,66.055],[39.344,66.135],[40.444,66.406],[41.178,66.81],[41.36,67.014],[41.109,67.254],[41.017,67.698],[40.801,67.728],[39.859,68.058],[39.521,68.076],[38.663,68.379],[38.435,68.356],[37.681,68.713],[37.464,68.742],[36.25,69.111],[35.33,69.276],[34.662,69.249],[33.852,69.339],[33.524,69.428],[32.687,69.503],[33.119,69.661],[32.054,69.964],[31.409,69.716],[30.841,69.806],[30.853,69.527],[30.512,69.536],[29.901,69.358],[29.335,69.277],[28.954,69.027],[28.447,68.515],[28.664,68.204],[29.299,68.082],[29.651,67.824],[30.009,67.686],[29.916,67.508],[29.1,66.991],[29.089,66.838],[29.9,66.108],[30.112,65.712],[29.703,65.629],[29.82,65.094],[29.588,64.991],[29.78,64.796],[30.171,64.682],[29.966,64.579],[30.093,64.361],[30.558,64.22],[30.509,63.991],[29.981,63.742],[30.489,63.462],[31.226,63.196],[31.57,62.906],[31.222,62.492],[30.635,62.184],[29.779,61.593],[29.203,61.246],[28.798,61.097],[27.808,60.553],[28.216,60.548],[28.722,60.721],[28.607,60.389],[29.092,60.178],[29.701,60.201],[29.948,60.03],[29.804,59.94],[29.161,60.003],[28.846,59.79],[28.428,59.813],[28.375,59.666],[27.993,59.703],[28.019,59.482],[27.694,58.976],[27.411,58.755],[27.555,58.395],[27.495,58.221],[27.673,57.913],[27.408,57.689],[27.353,57.528],[27.84,57.291],[27.649,56.879],[27.919,56.806],[28.126,56.548],[28.215,56.281],[28.149,56.142],[28.29,56.047],[28.621,56.083],[28.706,55.96],[29.031,56.024],[29.377,55.954],[29.461,55.687],[29.869,55.831],[30.218,55.855],[30.913,55.572],[30.794,55.286],[31.006,55.042],[30.771,54.786],[31.168,54.622],[31.325,54.229],[31.748,54.086],[31.754,53.82],[32.084,53.81],[32.481,53.662],[32.453,53.546],[32.72,53.439],[32.206,53.1],[31.907,53.092],[31.739,53.193],[31.379,53.182],[31.247,53.014],[31.505,52.849],[31.608,52.372],[31.764,52.101],[32.096,52.041],[32.528,52.316],[32.927,52.247],[33.197,52.369],[33.804,52.355],[34.056,52.17],[34.068,52.031],[34.386,51.818],[34.128,51.681],[34.28,51.361],[34.409,51.253],[34.748,51.165],[34.962,51.215],[35.342,50.916],[35.445,50.688],[35.425,50.5],[35.697,50.345],[36.106,50.421],[36.269,50.281],[36.683,50.261],[37.435,50.425],[37.728,50.079],[37.995,49.921],[38.344,49.992],[39.238,49.765],[39.57,49.713],[40.041,49.455],[40.142,49.246],[39.759,48.895],[39.632,48.587],[39.809,48.584],[39.993,48.273],[39.843,48.12],[39.759,47.833],[38.877,47.861],[38.735,47.677],[38.353,47.607],[38.201,47.291],[38.217,47.103],[38.938,47.19],[39.264,47.261],[39.262,47.009],[39.075,47.033],[38.804,46.894],[38.403,46.821],[37.827,46.477],[38.123,46.378],[38.3,46.219],[37.94,46.02],[37.829,45.753],[37.595,45.635],[37.738,45.375],[37.159,45.326],[36.782,45.388],[36.84,45.109],[37.192,44.991],[37.478,44.677],[37.923,44.614],[38.178,44.406],[38.595,44.332],[38.978,44.148],[39.718,43.568],[39.986,43.389],[40.233,43.576],[40.652,43.539],[41.012,43.375],[41.381,43.335],[41.551,43.226],[42.075,43.185],[42.423,43.229],[42.752,43.177],[43.194,42.927],[43.801,42.746],[43.94,42.552],[44.272,42.702],[44.859,42.76],[45.184,42.675],[45.356,42.52],[45.699,42.508],[45.621,42.224],[45.948,42.023],[46.224,41.993],[46.431,41.89],[46.745,41.84],[47.268,41.303],[47.744,41.193],[47.871,41.208],[48.054,41.461],[48.37,41.58],[48.579,41.845],[48.416,41.915],[48.304,42.103],[47.868,42.585],[47.716,42.697],[47.698,42.867],[47.462,43.021],[47.491,43.463],[47.38,43.56],[47.503,43.781],[47.246,44.212],[47.044,44.346],[46.701,44.446],[46.722,44.655],[47.071,44.785],[47.297,45.187],[47.609,45.639],[48.27,45.779],[48.466,45.94],[48.741,45.923],[48.887,46.122],[49.227,46.328],[48.455,46.661],[49.006,46.769],[48.697,47.101],[48.525,47.41],[48.044,47.77],[47.65,47.766],[47.435,47.834],[47.174,47.771],[47.051,47.975],[47.078,48.275],[46.479,48.41],[46.754,48.914],[47.021,49.097],[47.029,49.201],[46.775,49.333],[46.9,49.82],[47.309,50.045],[47.295,50.275],[47.625,50.441],[47.993,50.182],[48.239,49.865],[48.418,49.812],[48.886,50.02],[48.701,50.335],[48.673,50.58],[49.144,50.782],[49.369,50.827],[49.423,51.102],[49.779,51.102],[49.987,51.23],[50.325,51.303],[50.582,51.635],[50.925,51.68],[51.372,51.63],[51.62,51.519],[51.869,51.673],[52.092,51.659],[52.335,51.764],[52.506,51.479],[53.153,51.513],[53.61,51.388],[53.674,51.22],[53.936,51.186],[54.177,50.968],[54.479,50.853],[54.38,50.619],[54.676,50.603],[54.638,51.028],[55.305,50.665],[55.66,50.53],[56.079,50.725],[56.508,51.066],[57.168,51.094],[57.353,50.886],[57.737,50.938],[57.769,51.12],[58.595,51.023],[58.664,50.79],[58.926,50.678],[59.438,50.631],[59.523,50.475],[59.775,50.534],[60.021,50.854],[60.3,50.685],[60.718,50.653],[61.372,50.782],[61.593,51.278],[61.474,51.426],[61.023,51.486],[60.937,51.611],[60.515,51.618],[60.452,51.805],[60.138,51.889],[60.507,52.152],[60.672,52.144],[61.04,52.335],[60.696,52.735],[61.19,53.013],[61.574,52.956],[62.094,52.992],[62.051,53.125],[61.203,53.276],[61.281,53.542],[61.008,53.636],[61.202,53.82],[61.194,54.018],[62.551,54.027],[63.085,54.086],[63.709,54.25],[64.579,54.386],[65.213,54.343],[65.214,54.528],[65.477,54.633],[65.977,54.612],[66.447,54.711],[67.623,54.854],[67.817,54.952],[68.166,54.956],[68.262,55.194],[68.605,55.196],[68.723,55.353],[69.674,55.334],[70.197,55.133],[70.666,55.309],[70.977,55.078],[71.006,54.774],[71.18,54.727],[71.182,54.102],[71.709,54.132],[72.067,54.222],[72.152,54.368],[72.656,54.043],[72.957,54.118],[73.063,53.979],[73.485,53.875],[73.23,53.662],[73.391,53.52],[73.873,53.632],[74.214,53.597],[74.616,53.681],[74.772,53.831],[75.028,53.808],[75.64,54.099],[76.433,54.317],[76.766,54.365],[76.526,53.961],[77.613,53.443],[77.867,53.272],[78.476,52.638],[79.47,51.493],[79.99,50.788],[80.439,50.958],[80.476,51.21],[80.683,51.302],[81.147,51.136],[81.058,50.947],[81.401,50.959],[81.46,50.73],[81.763,50.784],[82.073,50.716],[82.976,50.882],[83.108,50.993],[83.434,50.993],[83.82,50.868],[84.102,50.629],[84.25,50.26],[84.976,50.075],[85.033,49.885],[85.263,49.582],[85.384,49.616],[86.112,49.52],[86.392,49.625],[86.61,49.796],[86.776,49.695],[86.905,49.352],[87.218,49.23],[87.324,49.085],[87.816,49.166]]],[[[22.767,54.356],[22.68,54.453],[22.809,54.894],[22.581,55.058],[22.1,55.03],[21.268,55.249],[21.23,54.939],[21.079,54.9],[20.531,54.965],[20.989,55.273],[20.925,55.283],[20.634,55.049],[20.366,54.946],[20.034,54.948],[19.832,54.598],[19.61,54.457],[20.93,54.398],[22.698,54.343],[22.767,54.356]]],[[[33.629,46.125],[33.709,45.91],[32.937,45.663],[32.525,45.458],[32.513,45.341],[32.899,45.354],[33.26,45.156],[33.563,45.094],[33.62,44.931],[33.477,44.607],[33.721,44.4],[33.958,44.383],[34.341,44.558],[34.469,44.73],[35.006,44.835],[35.547,45.12],[35.848,44.992],[36.44,45.067],[36.418,45.23],[36.614,45.409],[36.3,45.473],[36.022,45.368],[35.792,45.412],[35.481,45.298],[35.332,45.371],[35.002,45.729],[34.789,45.804],[34.689,45.974],[33.846,46.196],[33.629,46.125]]],[[[-180,65.066],[-179.663,65.141],[-179.277,65.63],[-179.723,65.781],[-179.768,66.103],[-178.982,66.159],[-178.682,66.102],[-178.873,65.894],[-178.411,65.682],[-178.284,65.444],[-177.416,65.441],[-176.977,65.608],[-175.909,65.403],[-175.741,65.123],[-175.775,64.939],[-175.457,64.797],[-174.652,64.725],[-174.072,64.549],[-173.989,64.412],[-173.106,64.241],[-172.388,64.407],[-172.465,64.558],[-172.816,64.612],[-172.701,64.878],[-172.093,65.05],[-172.162,65.421],[-171.808,65.489],[-170.667,65.6],[-170.532,65.853],[-169.701,66.129],[-170.565,66.354],[-171.363,66.675],[-171.331,66.745],[-171.895,66.971],[-172.666,66.885],[-172.996,66.917],[-173.547,67.091],[-174.026,66.961],[-173.833,66.506],[-174.435,66.356],[-174.436,66.532],[-174.971,66.665],[-174.686,66.762],[-174.908,67.037],[-174.806,67.365],[-175.16,67.337],[-175.286,67.667],[-175.824,67.813],[-176.3,67.724],[-176.718,68.026],[-177.259,68.211],[-177.608,68.197],[-178.042,68.428],[-178.7,68.543],[-178.845,68.752],[-180,68.982],[-180,68.56],[-180,68.061],[-180,67.562],[-180,67.064],[-180,66.565],[-180,66.066],[-180,65.568],[-180,65.069],[-180,65.066]]],[[[180,71.536],[178.905,71.237],[178.623,71.038],[178.832,70.809],[179.667,70.875],[180,70.992],[180,71.053],[180,71.536]]],[[[-180,70.992],[-179.342,70.908],[-177.93,71.041],[-177.443,71.237],[-178.395,71.541],[-179.075,71.6],[-180,71.537],[-180,71.053],[-180,70.992]]],[[[142.529,54.297],[142.41,54.232],[142.708,53.948],[142.577,53.5],[142.23,53.521],[141.769,53.372],[141.928,53.021],[141.844,52.591],[141.661,52.382],[141.676,51.912],[141.817,51.672],[142.079,51.471],[142.267,51.074],[142.128,50.895],[142.045,50.528],[142.15,50.346],[142.16,49.678],[142.077,49.198],[141.967,48.862],[141.857,48.774],[142.139,48.318],[142.191,47.967],[141.966,47.612],[141.975,47.298],[142.057,47.054],[141.822,46.602],[141.933,46.036],[142.202,46.031],[142.282,46.327],[142.457,46.631],[143.343,46.563],[143.421,46.223],[143.626,46.375],[143.419,46.8],[143.173,46.708],[143.016,47.254],[142.76,47.431],[142.545,47.767],[142.55,48.02],[142.988,48.917],[142.975,49.046],[143.174,49.246],[143.499,49.349],[144.283,49.25],[144.222,49.533],[144.003,50.013],[143.79,50.309],[143.462,51.47],[143.221,51.532],[143.31,51.754],[143.163,51.874],[143.119,52.338],[143.338,52.704],[143.29,53.152],[142.94,53.75],[143.004,54.135],[142.734,54.421],[142.529,54.297]]],[[[70.131,66.556],[70.086,66.69],[69.425,66.768],[69.545,66.591],[70.131,66.556]]],[[[51.41,71.806],[51.532,71.566],[51.862,71.456],[52.574,71.576],[52.868,71.402],[53.252,71.456],[53.577,71.199],[53.492,71.072],[54.007,70.758],[54.492,70.784],[54.761,70.681],[55.818,70.613],[57.172,70.613],[57.639,70.73],[57.063,70.862],[56.106,71.259],[55.672,71.611],[55.343,72.066],[55.377,72.303],[55.685,72.573],[55.739,72.784],[56.22,72.827],[56.435,73.23],[55.304,73.339],[54.935,73.425],[54.191,73.272],[53.753,73.299],[53.156,73.151],[53.142,72.962],[52.617,72.863],[52.398,72.718],[52.914,72.597],[52.332,72.071],[51.61,72.092],[51.41,71.806]]],[[[56.987,74.69],[56.387,74.721],[55.53,74.655],[55.709,74.522],[55.623,74.19],[55.019,74.173],[54.726,73.978],[53.869,73.779],[54.474,73.391],[55.021,73.444],[56.579,73.261],[57.254,73.457],[57.946,73.807],[57.878,73.934],[58.508,74.217],[58.57,74.389],[59.221,74.615],[59.875,74.628],[60.561,74.866],[60.833,75.153],[62.048,75.45],[63.304,75.589],[66.179,75.962],[68.288,76.281],[68.931,76.719],[68.463,76.967],[67.588,77.013],[66.944,76.949],[65.753,76.683],[65.169,76.475],[62.957,76.207],[61.637,76.312],[61.077,76.28],[60.838,76.123],[60.268,76.11],[58.259,75.693],[58.187,75.589],[57.046,75.398],[56.881,75.223],[55.808,75.157],[55.865,75.004],[56.543,74.925],[56.987,74.69]]],[[[146.469,44.429],[146.119,44.506],[145.975,44.292],[146.326,44.292],[146.469,44.429]]],[[[148.799,45.416],[148.621,45.498],[148.312,45.275],[147.886,45.219],[147.264,44.868],[147.388,44.737],[147.768,44.943],[147.99,45.006],[148.216,45.196],[148.799,45.416]]],[[[150.334,46.211],[150.02,46.073],[149.482,45.669],[149.638,45.611],[150.142,45.898],[150.363,46.082],[150.334,46.211]]],[[[156.125,50.638],[155.889,50.691],[155.718,50.423],[155.41,50.36],[155.221,50.11],[155.885,50.254],[156.125,50.638]]],[[[138.047,55.058],[137.606,55.2],[137.485,54.879],[137.706,54.625],[137.986,54.797],[138.047,55.058]]],[[[166.664,54.756],[166.25,55.152],[166.288,55.304],[165.956,55.364],[166.083,55.061],[166.356,54.84],[166.664,54.756]]],[[[164.707,58.977],[164.558,59.24],[163.967,59.029],[163.585,58.558],[164.121,58.781],[164.632,58.865],[164.707,58.977]]],[[[50.323,69.151],[50.164,69.261],[49.272,69.508],[48.806,69.493],[48.304,69.277],[48.219,68.909],[48.592,68.731],[49.249,68.78],[49.72,68.89],[49.955,69.075],[50.323,69.151]]],[[[169.446,69.849],[168.265,70.024],[167.791,69.808],[168.875,69.568],[169.189,69.575],[169.446,69.849]]],[[[60.54,69.819],[60.476,69.92],[59.783,70.131],[59.024,70.48],[58.522,70.331],[58.696,70.003],[59.431,69.889],[59.563,69.715],[60.201,69.685],[60.54,69.819]]],[[[53.232,71.216],[52.741,71.406],[52.258,71.349],[52.8,71.093],[53.232,71.216]]],[[[78.279,72.552],[77.61,72.635],[76.918,72.293],[77.586,72.285],[78.279,72.552]]],[[[128.317,72.812],[129.207,72.762],[129.22,72.926],[128.317,72.812]]],[[[79.563,72.768],[79.14,73.095],[78.592,72.862],[78.91,72.741],[79.563,72.768]]],[[[71.669,73.227],[70.949,73.517],[69.983,73.408],[69.934,73.132],[70.257,73.038],[71.495,73.15],[71.669,73.227]]],[[[143.475,73.321],[143.407,73.543],[142.583,73.825],[142.045,73.917],[141.127,73.882],[140.493,73.485],[141.512,73.299],[143.175,73.177],[143.475,73.321]]],[[[141.098,74.149],[140.891,74.277],[140.222,74.22],[140.438,73.908],[141.038,74.004],[141.098,74.149]]],[[[113.406,74.444],[112.11,74.551],[111.581,74.26],[112.775,74.088],[113.406,74.444]]],[[[150.828,75.163],[149.127,75.269],[148.61,75.216],[148.408,75.421],[147.374,75.44],[146.389,75.585],[146.072,75.24],[147.088,75.005],[148.172,74.804],[149.209,74.758],[150.609,74.894],[150.828,75.163]]],[[[145.366,75.54],[143.947,75.835],[143.059,75.807],[142.547,75.863],[141.702,76.121],[140.909,75.984],[140.864,75.739],[140.15,75.801],[139.912,75.937],[139.11,76.097],[138.138,76.119],[137.433,75.953],[137.588,75.774],[137.068,75.726],[137.431,75.389],[136.862,75.362],[137.149,75.134],[137.794,74.975],[138.166,74.776],[139.343,74.687],[140.069,74.828],[141.844,74.999],[142.356,74.825],[143.465,74.9],[143.448,75.006],[142.628,75.097],[142.083,75.526],[142.324,75.712],[143.014,75.602],[142.494,75.376],[142.872,75.157],[143.415,75.067],[144.331,75.047],[144.688,75.16],[144.729,75.432],[145.366,75.54]]],[[[105.416,78.583],[105.175,78.809],[104.499,78.864],[103.989,79.131],[102.743,79.159],[103.138,79.325],[102.303,79.433],[101.31,79.239],[100.255,78.665],[100.05,78.343],[99.268,78.042],[100.037,77.962],[101.21,78.194],[102.866,78.219],[104.787,78.336],[105.416,78.583]]],[[[93.628,79.933],[91.782,80.064],[91.262,79.903],[92.625,79.673],[93.67,79.832],[93.628,79.933]]],[[[99.886,79.041],[99.583,79.173],[99.707,79.569],[100.022,79.824],[99.199,80.05],[98.578,79.983],[97.592,80.175],[94.936,80.071],[94.288,79.899],[93.749,79.544],[94.312,79.479],[94.365,79.237],[95.018,79.039],[96.799,78.989],[97.761,78.809],[99.406,78.822],[99.886,79.041]]],[[[46.687,80.529],[46.921,80.749],[45.095,80.649],[45.489,80.524],[46.687,80.529]]],[[[62.222,80.813],[59.694,80.837],[59.229,80.644],[59.636,80.431],[61.045,80.405],[62.072,80.614],[62.222,80.813]]],[[[51.689,80.727],[50.724,80.895],[49.004,80.776],[49.631,80.64],[47.428,80.323],[47.633,80.118],[49.107,80.19],[49.728,80.494],[50.95,80.537],[51.689,80.727]]],[[[54.564,80.995],[55.799,80.854],[56.019,81.044],[54.564,80.995]]],[[[97.747,80.742],[96.973,80.906],[95.777,81.289],[94.89,81.144],[93.053,80.995],[92.719,80.888],[92.74,80.513],[91.918,80.468],[92.505,80.158],[93.694,79.998],[95.034,80.138],[97.188,80.234],[97.021,80.526],[97.747,80.742]]],[[[55.712,80.103],[56.957,80.066],[57.131,80.306],[55.989,80.337],[55.712,80.103]]],[[[62.771,80.886],[63.131,80.683],[64.426,80.741],[65.446,80.92],[65.23,81.137],[64.423,81.194],[64.036,80.987],[62.771,80.886]]]]},"properties":{"id":"russia","name":"ロシア","nameEn":"Russia","guide":true,"small":false,"center":[103.664,59.465]}},
{"type":"Feature","geometry":{"type":"Polygon","coordinates":[[[14.81,50.858],[14.494,51.017],[14.382,50.921],[13.835,50.724],[13.602,50.712],[12.336,50.259],[12.247,50.045],[12.524,49.905],[12.384,49.743],[12.798,49.328],[13,49.295],[13.179,49.118],[13.816,48.766],[14.075,48.592],[14.444,48.637],[14.696,48.59],[14.919,48.762],[14.982,49.008],[15.263,48.983],[16.032,48.758],[16.436,48.795],[16.873,48.719],[16.945,48.604],[17.167,48.86],[17.535,48.813],[17.86,48.922],[18.103,49.092],[18.19,49.277],[18.536,49.482],[18.833,49.51],[18.637,49.7],[18.559,49.907],[18.307,49.91],[18.092,50.017],[17.839,49.974],[17.185,50.376],[16.701,50.095],[16.334,50.372],[16.332,50.644],[15.848,50.675],[15.35,50.784],[15.227,50.977],[14.997,51.008],[14.81,50.858]]]},"properties":{"id":"czechia","name":"チェコ","nameEn":"Czechia","guide":true,"small":false,"center":[15.457,49.799]}},
{"type":"Feature","geometry":{"type":"MultiPolygon","coordinates":[[[[13.816,48.766],[13.179,49.118],[13,49.295],[12.798,49.328],[12.384,49.743],[12.524,49.905],[12.247,50.045],[12.336,50.259],[13.602,50.712],[13.835,50.724],[14.382,50.921],[14.494,51.017],[14.81,50.858],[15.019,51.272],[14.945,51.449],[14.732,51.516],[14.586,51.804],[14.761,52.077],[14.54,52.422],[14.645,52.577],[14.216,52.818],[14.144,52.96],[14.343,53.049],[14.409,53.272],[14.264,53.7],[13.984,53.774],[13.683,54.168],[13.479,54.125],[12.502,54.474],[12.109,54.183],[11.658,54.142],[11.459,53.917],[11.175,54.018],[11.077,54.342],[10.777,54.315],[10.02,54.546],[9.97,54.763],[9.438,54.81],[8.661,54.896],[8.689,54.735],[9.012,54.506],[8.629,54.388],[8.652,54.275],[9.018,54.098],[8.861,53.831],[8.573,53.858],[8.484,53.684],[8.168,53.553],[7.951,53.722],[7.226,53.666],[7.023,53.451],[7.195,53.245],[7.184,52.966],[7.037,52.647],[6.702,52.619],[6.695,52.476],[7.048,52.365],[7.026,52.231],[6.766,52.108],[6.717,51.899],[6.382,51.828],[5.928,51.807],[6.193,51.509],[6.184,51.336],[5.983,51.075],[5.995,50.75],[6.233,50.587],[6.338,50.368],[6.117,50.12],[6.223,49.887],[6.5,49.794],[6.345,49.455],[6.495,49.436],[6.726,49.156],[6.843,49.211],[7.649,49.036],[8.189,48.966],[8.103,48.821],[7.81,48.615],[7.752,48.355],[7.573,48.095],[7.526,47.783],[7.586,47.585],[8.087,47.567],[8.558,47.801],[8.906,47.652],[9.273,47.65],[9.547,47.535],[9.949,47.524],[10.306,47.302],[10.608,47.562],[11.084,47.39],[11.259,47.401],[11.62,47.59],[12.166,47.604],[12.424,47.692],[12.745,47.665],[13.037,47.493],[12.991,47.847],[12.745,48.121],[13.406,48.377],[13.521,48.585],[13.714,48.523],[13.816,48.766]]],[[[13.698,54.392],[13.166,54.549],[13.347,54.237],[13.698,54.392]]]]},"properties":{"id":"germany","name":"ドイツ","nameEn":"Germany","guide":true,"small":false,"center":[10.437,51.089]}},
{"type":"Feature","geometry":{"type":"MultiPolygon","coordinates":[[[[24.306,57.868],[25.167,58.059],[26.025,57.774],[26.5,57.516],[26.839,57.61],[27.353,57.528],[27.408,57.689],[27.673,57.913],[27.495,58.221],[27.555,58.395],[27.411,58.755],[27.694,58.976],[28.019,59.482],[27.873,59.408],[26.827,59.477],[26.665,59.552],[25.685,59.629],[25.408,59.491],[25.194,59.523],[24.4,59.479],[24.092,59.313],[23.471,59.212],[23.422,58.909],[23.493,58.673],[23.741,58.343],[24.112,58.241],[24.529,58.351],[24.464,58.072],[24.306,57.868]]],[[[23.231,58.505],[22.9,58.62],[22.322,58.585],[21.868,58.265],[22.323,58.207],[22.757,58.242],[23.231,58.505]]],[[[22.292,58.895],[22.556,58.687],[22.934,58.984],[22.598,59.09],[22.292,58.895]]]]},"properties":{"id":"estonia","name":"エストニア","nameEn":"Estonia","guide":true,"small":false,"center":[25.797,58.593]}},
{"type":"Feature","geometry":{"type":"Polygon","coordinates":[[[27.353,57.528],[26.839,57.61],[26.5,57.516],[26.025,57.774],[25.167,58.059],[24.306,57.868],[24.379,57.23],[23.953,57.013],[23.695,56.967],[23.25,57.114],[23.13,57.371],[22.656,57.586],[22.484,57.742],[21.699,57.555],[21.421,57.289],[21.402,57.038],[21.065,56.846],[20.969,56.253],[21.053,56.073],[21.596,56.308],[22.094,56.417],[23.017,56.324],[23.288,56.373],[24.447,56.261],[24.892,56.439],[25.109,56.183],[25.65,56.144],[26.179,55.85],[26.595,55.667],[26.981,55.827],[27.593,55.794],[27.911,56.1],[28.149,56.142],[28.215,56.281],[28.126,56.548],[27.919,56.806],[27.649,56.879],[27.84,57.291],[27.353,57.528]]]},"properties":{"id":"latvia","name":"ラトビア","nameEn":"Latvia","guide":true,"small":false,"center":[24.593,56.871]}},
{"type":"Feature","geometry":{"type":"Polygon","coordinates":[[[-7.963,71.175],[-8.326,71.148],[-8.507,71.021],[-8.006,71.033],[-7.963,71.175]]]},"properties":{"id":"x-SJM-JM","name":"ヤンマイエン島","nameEn":"Jan Mayen","guide":false,"small":true,"center":[-8.528,70.994]}},
{"type":"Feature","geometry":{"type":"MultiPolygon","coordinates":[[[[24.425,77.826],[23.12,77.986],[23.47,78.151],[22.966,78.256],[21.697,78.211],[20.88,78.085],[21.662,77.918],[20.922,77.442],[22.192,77.504],[22.43,77.264],[23.235,77.264],[23.893,77.508],[24.425,77.826]]],[[[21.024,78.219],[22.271,78.268],[22.235,78.488],[21.178,78.623],[20.183,78.495],[21.024,78.219]]],[[[20.209,78.638],[21.037,78.644],[21.522,78.854],[19.906,79.014],[19.786,79.165],[18.945,79.157],[18.882,79.441],[17.563,79.898],[16.616,79.985],[15.652,79.85],[15.959,79.31],[15.497,79.33],[15.262,79.619],[14.549,79.811],[13.797,79.882],[12.768,79.773],[11.822,79.845],[10.708,79.561],[11.279,79.1],[11.857,78.856],[11.643,78.747],[12.858,78.36],[12.911,78.247],[13.856,78.213],[14.384,78.501],[15.209,78.656],[15.795,78.343],[15.035,78.117],[13.589,78.056],[13.719,77.768],[15.115,77.703],[14.774,77.549],[13.911,77.534],[14.374,77.199],[15.04,77.135],[16.337,76.616],[17.324,76.979],[17.483,77.306],[18.194,77.49],[18.33,77.905],[18.921,78.179],[18.993,78.467],[20.209,78.638]]],[[[27.171,80.073],[24.376,80.332],[22.564,80.311],[22.374,80.111],[20.883,80.211],[19.802,80.493],[19.105,80.258],[18.008,80.19],[18.147,79.916],[18.784,79.723],[21.888,79.824],[21.85,79.707],[19.633,79.611],[20.817,79.378],[22.417,79.41],[22.926,79.223],[24.053,79.189],[24.288,79.31],[25.646,79.398],[25.826,79.626],[27.15,79.855],[27.171,80.073]]]]},"properties":{"id":"svalbard","name":"スヴァールバル諸島","nameEn":"Svalbard","guide":true,"small":false,"center":[16.114,78.317]}},
{"type":"Feature","geometry":{"type":"MultiPolygon","coordinates":[[[[20.623,69.036],[21.314,69.291],[21.663,69.263],[22.023,69.012],[22.596,68.725],[23.198,68.618],[23.929,68.816],[24.663,68.666],[25.118,68.638],[25.201,68.813],[25.652,68.883],[25.734,69.191],[26.032,69.697],[26.501,69.918],[27.312,69.929],[27.867,70.075],[28.405,69.802],[29.131,69.674],[29.345,69.464],[28.865,69.217],[28.954,69.027],[29.335,69.277],[29.901,69.358],[30.512,69.536],[30.853,69.527],[30.841,69.806],[29.686,69.97],[31.063,70.367],[30.207,70.681],[29.381,70.769],[28.546,70.98],[27.569,71.097],[26.976,70.527],[26.513,70.432],[26.744,70.823],[26.614,70.949],[25.441,70.342],[25.246,70.528],[25.825,70.827],[25.342,70.953],[24.86,70.928],[24.264,70.606],[23.513,70.366],[23.358,70.115],[21.987,70.323],[21.209,70.208],[21.17,69.876],[20.512,69.769],[19.784,69.804],[19.098,69.736],[18.853,69.552],[18.301,69.487],[18.003,69.286],[18.081,69.169],[17.679,69.092],[17.234,68.756],[16.629,68.642],[16.535,68.438],[16.172,68.318],[16.104,68.16],[15.71,68.085],[15.789,67.951],[15.063,67.839],[15.041,67.678],[14.407,67.278],[14.223,66.982],[13.688,66.835],[13.082,66.498],[13.225,66.186],[12.869,66.134],[12.917,65.953],[12.349,65.638],[12.602,65.432],[12.342,65.303],[12.472,65.089],[11.979,65.069],[11.402,64.663],[11.076,64.524],[10.615,64.45],[10.463,64.294],[10.014,64.119],[9.994,63.929],[9.546,63.774],[9.918,63.515],[10.416,63.579],[10.91,63.731],[11.096,63.89],[11.464,63.802],[10.756,63.625],[10.778,63.487],[9.961,63.428],[9.699,63.644],[9.168,63.402],[8.792,63.431],[7.748,62.942],[7.271,63.014],[6.91,62.929],[6.97,62.726],[6.305,62.459],[5.929,62.199],[5.298,62.068],[5.229,61.629],[4.964,61.266],[5.033,60.742],[5.3,60.561],[5.739,60.705],[5.618,60.417],[5.238,60.489],[5.304,60.191],[6.098,60.092],[5.772,59.931],[5.746,59.676],[5.437,59.708],[5.182,59.511],[5.475,59.279],[5.86,59.351],[6.112,59.275],[5.626,58.926],[5.478,58.755],[5.704,58.521],[6.14,58.34],[6.626,58.245],[6.999,58.031],[7.391,58.018],[8.123,58.102],[9.341,58.751],[9.428,58.893],[9.846,58.956],[10.282,59.1],[10.484,59.514],[10.85,59.18],[11.37,59.101],[11.438,58.992],[11.664,58.92],[11.812,59.25],[11.677,59.559],[11.904,59.77],[12.511,60.118],[12.594,60.515],[12.256,60.981],[12.683,61.04],[12.877,61.371],[12.614,61.547],[12.162,61.725],[12.317,62.234],[12.091,62.586],[12.104,62.923],[12.223,63.001],[11.992,63.289],[12.205,63.455],[12.17,63.598],[12.682,63.956],[13.234,64.091],[13.939,64.01],[14.161,64.205],[14.116,64.441],[13.643,64.584],[14.311,65.084],[14.514,65.318],[14.644,65.843],[14.541,66.125],[15.053,66.153],[15.482,66.275],[15.426,66.491],[16.039,66.888],[16.416,67.053],[16.438,67.2],[16.127,67.423],[16.483,67.558],[16.808,67.911],[17.321,68.105],[17.895,67.97],[18.167,68.158],[18.172,68.536],[19.038,68.506],[19.931,68.35],[20.246,68.477],[20.341,68.91],[20.623,69.036]]],[[[9.139,63.568],[8.965,63.656],[8.545,63.602],[8.504,63.434],[9.139,63.568]]],[[[16.529,68.722],[15.933,68.684],[15.459,68.796],[15.239,68.564],[15.217,68.335],[15.904,68.37],[16.094,68.534],[16.481,68.548],[16.529,68.722]]],[[[14.397,68.66],[15.063,68.579],[15.394,68.731],[15.295,68.907],[14.397,68.66]]],[[[18.071,69.438],[17.772,69.548],[17.263,69.478],[16.915,69.318],[16.823,69.054],[17.958,69.18],[17.923,69.332],[18.071,69.438]]],[[[18.999,69.829],[18.357,69.793],[18.262,69.531],[18.823,69.591],[18.999,69.829]]],[[[19.619,70.017],[19.208,70.099],[18.769,69.955],[19.122,69.788],[19.619,70.017]]],[[[23.656,70.503],[22.897,70.451],[23.216,70.283],[23.656,70.503]]],[[[22.422,70.511],[23.089,70.586],[22.541,70.717],[22.422,70.511]]],[[[26.136,71.038],[25.553,71.141],[25.534,70.932],[26.136,71.038]]]]},"properties":{"id":"norway","name":"ノルウェー","nameEn":"Norway","guide":true,"small":false,"center":[18.002,64.56]}},
{"type":"Feature","geometry":{"type":"MultiPolygon","coordinates":[[[[20.623,69.036],[20.341,68.91],[20.246,68.477],[19.931,68.35],[19.038,68.506],[18.172,68.536],[18.167,68.158],[17.895,67.97],[17.321,68.105],[16.808,67.911],[16.483,67.558],[16.127,67.423],[16.438,67.2],[16.416,67.053],[16.039,66.888],[15.426,66.491],[15.482,66.275],[15.053,66.153],[14.541,66.125],[14.644,65.843],[14.514,65.318],[14.311,65.084],[13.643,64.584],[14.116,64.441],[14.161,64.205],[13.939,64.01],[13.234,64.091],[12.682,63.956],[12.17,63.598],[12.205,63.455],[11.992,63.289],[12.223,63.001],[12.104,62.923],[12.091,62.586],[12.317,62.234],[12.162,61.725],[12.614,61.547],[12.877,61.371],[12.683,61.04],[12.256,60.981],[12.594,60.515],[12.511,60.118],[11.904,59.77],[11.677,59.559],[11.812,59.25],[11.664,58.92],[11.438,58.992],[11.108,58.954],[11.232,58.8],[11.225,58.371],[11.876,58.199],[11.694,57.881],[11.903,57.524],[12.059,57.459],[12.375,56.912],[12.598,56.821],[12.934,56.547],[12.834,56.266],[12.61,56.117],[12.923,55.749],[13,55.4],[13.381,55.346],[13.882,55.433],[14.181,55.391],[14.363,55.524],[14.196,55.726],[14.346,55.953],[14.686,56.147],[15.493,56.176],[15.852,56.086],[16.357,56.758],[16.553,57.11],[16.535,57.36],[16.689,57.472],[16.675,57.764],[16.46,57.895],[16.821,58.207],[16.636,58.627],[17.093,58.661],[18.393,59.176],[18.277,59.423],[18.687,59.606],[18.862,59.803],[18.824,60.068],[18.42,60.194],[17.967,60.519],[17.238,60.698],[17.158,60.948],[17.213,61.235],[17.097,61.636],[17.399,61.722],[17.344,61.924],[17.57,62.205],[17.347,62.403],[18.042,62.592],[17.926,62.822],[18.513,62.904],[18.611,63.179],[19.032,63.182],[19.276,63.443],[19.753,63.524],[20.503,63.822],[20.688,63.799],[20.967,64.149],[21.49,64.487],[21.181,64.836],[21.702,65.286],[22.17,65.553],[22.361,65.761],[22.837,65.808],[24.163,65.823],[24.02,66.049],[23.724,66.207],[23.642,66.436],[23.882,66.564],[24.001,66.812],[23.581,67.153],[23.765,67.42],[23.554,67.587],[23.499,67.882],[23.052,68.298],[22.608,68.425],[22.072,68.477],[21.464,68.687],[20.935,68.967],[20.623,69.036]]],[[[19.04,57.868],[18.463,57.803],[18.112,57.511],[18.099,57.259],[18.431,57.154],[18.714,57.243],[18.81,57.71],[19.04,57.868]]]]},"properties":{"id":"sweden","name":"スウェーデン","nameEn":"Sweden","guide":true,"small":false,"center":[17.636,62.19]}},
{"type":"Feature","geometry":{"type":"Polygon","coordinates":[[[28.954,69.027],[28.865,69.217],[29.345,69.464],[29.131,69.674],[28.405,69.802],[27.867,70.075],[27.312,69.929],[26.501,69.918],[26.032,69.697],[25.734,69.191],[25.652,68.883],[25.201,68.813],[25.118,68.638],[24.663,68.666],[23.929,68.816],[23.198,68.618],[22.596,68.725],[22.023,69.012],[21.663,69.263],[21.314,69.291],[20.623,69.036],[20.935,68.967],[21.464,68.687],[22.072,68.477],[22.608,68.425],[23.052,68.298],[23.499,67.882],[23.554,67.587],[23.765,67.42],[23.581,67.153],[24.001,66.812],[23.882,66.564],[23.642,66.436],[23.724,66.207],[24.02,66.049],[24.163,65.823],[24.519,65.796],[24.671,65.645],[25.085,65.605],[25.352,65.484],[25.282,65.191],[25.444,64.967],[24.773,64.866],[24.344,64.531],[23.724,64.209],[23.605,64.028],[22.497,63.623],[22.374,63.321],[21.906,63.175],[21.615,63.204],[21.383,62.875],[21.114,62.781],[21.116,62.496],[21.339,62.356],[21.237,61.985],[21.371,61.939],[21.623,61.546],[21.543,61.225],[21.336,61.005],[21.47,60.608],[21.774,60.604],[22.064,60.436],[22.628,60.375],[22.736,60.238],[23.237,59.898],[24.296,60.072],[25.736,60.247],[26.095,60.423],[26.687,60.418],[27.054,60.547],[27.457,60.464],[27.808,60.553],[28.798,61.097],[29.203,61.246],[29.779,61.593],[30.635,62.184],[31.222,62.492],[31.57,62.906],[31.226,63.196],[30.489,63.462],[29.981,63.742],[30.509,63.991],[30.558,64.22],[30.093,64.361],[29.966,64.579],[30.171,64.682],[29.78,64.796],[29.588,64.991],[29.82,65.094],[29.703,65.629],[30.112,65.712],[29.9,66.108],[29.089,66.838],[29.1,66.991],[29.916,67.508],[30.009,67.686],[29.651,67.824],[29.299,68.082],[28.664,68.204],[28.447,68.515],[28.954,69.027]]]},"properties":{"id":"finland","name":"フィンランド","nameEn":"Finland","guide":true,"small":false,"center":[26.096,64.943]}},
{"type":"Feature","geometry":{"type":"Polygon","coordinates":[[[107.52,14.705],[107.505,14.541],[107.387,14.422],[107.32,14.12],[107.431,13.984],[107.443,13.783],[107.597,13.535],[107.607,13.37],[107.46,13.022],[107.565,12.606],[107.514,12.344],[107.153,12.277],[106.978,12.097],[106.702,11.971],[106.394,11.97],[106.399,11.746],[106.287,11.675],[106.015,11.77],[105.853,11.547],[105.843,11.304],[106.063,11.093],[106.155,10.785],[105.861,10.839],[105.753,11.016],[105.328,10.848],[105.029,10.914],[105.066,10.746],[104.854,10.531],[104.554,10.518],[104.451,10.42],[104.589,10.261],[104.805,10.207],[105.088,9.997],[104.893,9.851],[104.836,9.556],[104.775,8.818],[104.856,8.566],[105.101,8.634],[105.334,8.84],[105.539,9.129],[106.193,9.369],[106.197,9.541],[106.398,9.542],[106.576,9.649],[106.788,10.393],[106.733,10.522],[106.882,10.652],[106.964,10.501],[107.326,10.442],[107.882,10.717],[107.998,10.699],[108.106,10.918],[108.345,10.954],[108.577,11.179],[108.729,11.182],[108.821,11.324],[109.018,11.356],[109.028,11.517],[109.243,11.736],[109.199,11.948],[109.205,12.646],[109.465,12.913],[109.307,13.133],[109.232,13.393],[109.304,13.759],[109.181,14.305],[109.074,14.579],[109.081,14.729],[108.943,14.98],[108.883,15.336],[108.704,15.445],[108.306,15.955],[108.151,16.217],[107.759,16.463],[107.216,16.908],[107.112,17.088],[106.764,17.336],[106.47,17.748],[106.525,17.95],[106.403,18.106],[106.098,18.29],[105.826,18.594],[105.648,18.893],[105.737,19.108],[105.811,19.6],[105.956,19.925],[106.259,20.061],[106.395,20.205],[106.57,20.232],[106.568,20.525],[106.704,20.691],[106.755,20.939],[107.161,20.932],[107.334,21.006],[107.392,21.28],[107.599,21.299],[107.882,21.534],[107.991,21.486],[107.745,21.658],[107.348,21.599],[107.021,21.892],[106.722,22.007],[106.663,22.223],[106.527,22.428],[106.569,22.575],[106.736,22.695],[106.667,22.868],[106.488,22.925],[106.316,22.854],[105.999,22.975],[105.854,22.905],[105.332,23.318],[105.061,23.232],[104.798,23.086],[104.728,22.839],[104.554,22.836],[104.34,22.686],[104.213,22.825],[103.867,22.575],[103.647,22.799],[103.473,22.592],[103.31,22.788],[103.142,22.538],[102.989,22.438],[102.845,22.585],[102.443,22.765],[102.218,22.411],[102.119,22.398],[102.226,22.228],[102.591,21.901],[102.651,21.658],[102.948,21.737],[102.888,21.227],[103.115,20.868],[103.427,20.821],[103.665,20.658],[103.776,20.835],[104.057,20.959],[104.295,20.88],[104.601,20.661],[104.543,20.536],[104.681,20.341],[104.657,20.213],[104.908,20.175],[104.953,20.009],[104.781,19.908],[104.805,19.791],[104.506,19.603],[104.229,19.706],[104.089,19.652],[104.09,19.484],[103.857,19.317],[104.148,19.183],[104.722,18.792],[105.113,18.698],[105.08,18.454],[105.157,18.32],[105.476,18.127],[105.735,17.664],[106.185,17.257],[106.26,17.289],[106.42,16.989],[106.533,16.973],[106.535,16.684],[106.655,16.471],[106.86,16.412],[107.117,16.255],[107.391,15.936],[107.16,15.759],[107.369,15.496],[107.573,15.411],[107.658,15.282],[107.52,14.705]]]},"properties":{"id":"vietnam","name":"ベトナム","nameEn":"Vietnam","guide":true,"small":false,"center":[105.796,15.966]}},
{"type":"Feature","geometry":{"type":"Polygon","coordinates":[[[107.52,14.705],[107.415,14.543],[107.211,14.493],[106.946,14.324],[106.793,14.323],[106.512,14.59],[106.419,14.466],[106.236,14.484],[106.154,14.368],[105.969,14.332],[106.145,14.072],[106.049,13.915],[105.873,13.937],[105.744,14.087],[105.533,14.164],[105.348,14.106],[105.184,14.346],[104.772,14.44],[104.462,14.357],[104.247,14.401],[103.87,14.343],[103.55,14.422],[103.085,14.296],[102.919,14.185],[102.87,14.021],[102.513,13.567],[102.332,13.565],[102.328,13.275],[102.473,13.006],[102.559,12.631],[102.765,12.416],[102.7,12.139],[102.914,11.766],[102.914,11.646],[103.115,11.458],[103.096,10.934],[103.402,10.884],[103.474,11.134],[103.66,11.03],[103.672,10.758],[103.507,10.635],[103.624,10.501],[103.854,10.586],[104.286,10.54],[104.451,10.42],[104.554,10.518],[104.854,10.531],[105.066,10.746],[105.029,10.914],[105.328,10.848],[105.753,11.016],[105.861,10.839],[106.155,10.785],[106.063,11.093],[105.843,11.304],[105.853,11.547],[106.015,11.77],[106.287,11.675],[106.399,11.746],[106.394,11.97],[106.702,11.971],[106.978,12.097],[107.153,12.277],[107.514,12.344],[107.565,12.606],[107.46,13.022],[107.607,13.37],[107.597,13.535],[107.443,13.783],[107.431,13.984],[107.32,14.12],[107.387,14.422],[107.505,14.541],[107.52,14.705]]]},"properties":{"id":"cambodia","name":"カンボジア","nameEn":"Cambodia","guide":true,"small":false,"center":[104.962,12.56]}},
{"type":"Feature","geometry":{"type":"Polygon","coordinates":[[[6.117,50.12],[5.962,50.166],[5.715,49.882],[5.885,49.644],[5.791,49.538],[5.961,49.441],[6.345,49.455],[6.5,49.794],[6.223,49.887],[6.117,50.12]]]},"properties":{"id":"luxembourg","name":"ルクセンブルク","nameEn":"Luxembourg","guide":true,"small":true,"center":[6.109,49.808]}},
{"type":"Feature","geometry":{"type":"Polygon","coordinates":[[[56.279,25.627],[56.145,25.671],[56.183,26.015],[56.077,26.061],[56.014,25.879],[55.842,25.714],[55.525,25.543],[55.082,25.017],[54.707,24.804],[54.559,24.458],[54.446,24.316],[54.123,24.145],[53.854,24.062],[53.581,24.049],[52.67,24.145],[52.634,24.19],[52.224,23.974],[51.809,24.001],[51.772,24.176],[51.569,24.256],[51.594,24.078],[52.538,22.955],[52.583,22.931],[54.134,22.74],[55.105,22.621],[55.187,22.704],[55.191,22.995],[55.375,23.469],[55.538,23.77],[55.5,23.971],[55.998,24.081],[55.807,24.341],[55.76,24.559],[55.789,24.855],[56.006,24.956],[56.118,24.735],[56.383,24.978],[56.37,25.526],[56.279,25.627]]]},"properties":{"id":"united-arab-emirates","name":"アラブ首長国連邦","nameEn":"United Arab Emirates","guide":true,"small":false,"center":[53.976,24.348]}},
{"type":"Feature","geometry":{"type":"Polygon","coordinates":[[[2.522,51.088],[2.62,50.816],[2.787,50.723],[3.146,50.769],[3.271,50.527],[3.463,50.519],[3.755,50.346],[4.023,50.338],[4.21,50.06],[4.435,49.932],[4.788,49.974],[4.989,49.791],[5.402,49.602],[5.478,49.495],[5.791,49.538],[5.885,49.644],[5.715,49.882],[5.962,50.166],[6.117,50.12],[6.338,50.368],[6.233,50.587],[5.995,50.75],[5.641,50.815],[5.841,51.139],[5.472,51.288],[5.215,51.259],[4.731,51.486],[4.261,51.369],[4.221,51.368],[3.927,51.206],[3.349,51.375],[3.125,51.33],[2.522,51.088]]]},"properties":{"id":"belgium","name":"ベルギー","nameEn":"Belgium","guide":true,"small":false,"center":[4.448,50.496]}},
{"type":"Feature","geometry":{"type":"Polygon","coordinates":[[[39.986,43.389],[40.219,43.319],[40.335,43.141],[40.856,43.063],[41.023,42.99],[41.15,42.796],[41.383,42.757],[41.5,42.641],[41.774,41.822],[41.521,41.514],[41.801,41.426],[41.948,41.506],[42.438,41.431],[42.565,41.567],[42.958,41.437],[43.231,41.173],[43.44,41.107],[43.73,41.107],[44.191,41.23],[44.552,41.177],[45.002,41.29],[45.25,41.445],[45.465,41.43],[45.969,41.168],[46.211,41.2],[46.497,41.045],[46.695,41.27],[46.193,41.61],[46.431,41.89],[46.224,41.993],[45.948,42.023],[45.621,42.224],[45.699,42.508],[45.356,42.52],[45.184,42.675],[44.859,42.76],[44.272,42.702],[43.94,42.552],[43.801,42.746],[43.194,42.927],[42.752,43.177],[42.423,43.229],[42.075,43.185],[41.551,43.226],[41.381,43.335],[41.012,43.375],[40.652,43.539],[40.233,43.576],[39.986,43.389]]]},"properties":{"id":"x-GEO","name":"ジョージア","nameEn":"Georgia","guide":false,"small":false,"center":[43.34,42.31]}},
{"type":"Feature","geometry":{"type":"Polygon","coordinates":[[[20.567,41.873],[20.444,41.55],[20.478,41.32],[20.703,40.936],[20.965,40.849],[21.582,40.866],[21.909,41.097],[22.183,41.16],[22.422,41.115],[22.727,41.166],[22.917,41.336],[23.01,41.716],[22.844,42.014],[22.531,42.129],[22.345,42.313],[21.942,42.333],[21.564,42.246],[21.098,42.196],[20.765,42.064],[20.75,41.907],[20.567,41.873]]]},"properties":{"id":"north-macedonia","name":"北マケドニア","nameEn":"North Macedonia","guide":true,"small":false,"center":[21.727,41.61]}},
{"type":"Feature","geometry":{"type":"Polygon","coordinates":[[[20.567,41.873],[20.501,42.211],[20.25,42.319],[20.065,42.547],[19.82,42.466],[19.605,42.585],[19.272,42.181],[19.375,42.095],[19.365,41.852],[19.585,41.819],[19.565,41.585],[19.414,41.383],[19.517,41.256],[19.31,40.644],[19.479,40.454],[19.476,40.214],[19.855,40.05],[20.016,39.845],[20,39.694],[20.2,39.64],[20.433,40.064],[20.64,40.09],[20.827,40.465],[21.037,40.64],[20.965,40.849],[20.703,40.936],[20.478,41.32],[20.444,41.55],[20.567,41.873]]]},"properties":{"id":"albania","name":"アルバニア","nameEn":"Albania","guide":true,"small":false,"center":[20.154,41.146]}},
{"type":"Feature","geometry":{"type":"MultiPolygon","coordinates":[[[[45.002,41.29],[45.187,41.157],[45.222,41.014],[45.416,40.961],[45.556,40.777],[45.374,40.675],[45.526,40.441],[45.979,40.224],[45.862,39.805],[46.206,39.588],[46.527,39.538],[46.375,39.379],[46.598,39.225],[46.479,39.115],[46.514,38.882],[46.866,39.165],[47.847,39.685],[48.052,39.65],[48.339,39.379],[48.125,39.298],[48.307,39.045],[48.059,38.948],[48.013,38.822],[48.21,38.73],[48.608,38.396],[48.874,38.434],[48.863,38.757],[48.968,39.184],[49.194,39.016],[49.318,39.621],[49.577,40.217],[49.893,40.369],[50.23,40.343],[50.052,40.584],[49.59,40.625],[49.539,40.788],[49.195,41.057],[49.042,41.414],[48.579,41.845],[48.37,41.58],[48.054,41.461],[47.871,41.208],[47.744,41.193],[47.268,41.303],[46.745,41.84],[46.431,41.89],[46.193,41.61],[46.695,41.27],[46.497,41.045],[46.211,41.2],[45.969,41.168],[45.465,41.43],[45.25,41.445],[45.002,41.29]]],[[[46.136,38.864],[45.767,39.354],[45.788,39.549],[45.457,39.489],[45.168,39.566],[45.034,39.77],[44.775,39.703],[44.807,39.64],[45.179,39.22],[45.348,39.164],[45.439,39.004],[46.136,38.864]]]]},"properties":{"id":"x-AZE","name":"アゼルバイジャン","nameEn":"Azerbaijan","guide":false,"small":false,"center":[47.697,40.142]}},
{"type":"Feature","geometry":{"type":"Polygon","coordinates":[[[20.065,42.547],[20.25,42.319],[20.501,42.211],[20.567,41.873],[20.75,41.907],[20.765,42.064],[21.098,42.196],[21.564,42.246],[21.739,42.682],[21.379,42.744],[21.093,43.091],[20.839,43.17],[20.345,42.827],[20.076,42.773],[20.065,42.547]]]},"properties":{"id":"x-KOS","name":"コソボ共和国","nameEn":"Kosovo","guide":false,"small":false,"center":[20.899,42.554]}},
{"type":"Feature","geometry":{"type":"MultiPolygon","coordinates":[[[[43.44,41.107],[43.231,41.173],[42.958,41.437],[42.565,41.567],[42.438,41.431],[41.948,41.506],[41.801,41.426],[41.521,41.514],[41.39,41.379],[40.698,41.098],[40.143,40.923],[39.592,41.025],[38.928,41.043],[38.718,40.955],[38.331,40.918],[37.896,40.982],[37.655,41.118],[37.505,41.043],[37.04,41.182],[36.985,41.295],[36.62,41.375],[36.451,41.24],[36.134,41.462],[36.12,41.628],[35.894,41.707],[35.53,41.634],[35.225,41.762],[35.105,42.022],[34.694,41.946],[34.331,41.948],[33.324,42.019],[32.926,41.882],[32.613,41.84],[32.263,41.72],[32.134,41.599],[31.404,41.316],[31.249,41.106],[30.833,41.08],[30.271,41.211],[29.885,41.149],[29.232,41.241],[29.028,40.982],[29.264,40.87],[29.282,40.666],[28.986,40.645],[28.793,40.553],[28.638,40.365],[28.112,40.396],[27.97,40.503],[27.79,40.32],[27.452,40.322],[27.303,40.458],[27.013,40.392],[26.736,40.404],[26.311,40.019],[26.153,39.943],[26.153,39.459],[26.893,39.584],[26.926,39.486],[26.67,39.306],[27.013,38.871],[26.719,38.721],[26.939,38.434],[26.767,38.364],[26.506,38.653],[26.349,38.621],[26.476,38.367],[26.265,38.287],[26.607,38.108],[26.76,38.217],[26.949,38.067],[27.239,37.988],[27.191,37.357],[27.553,37.273],[27.555,37.13],[27.303,37.12],[27.263,36.963],[27.987,37.035],[28.112,36.604],[28.425,36.829],[28.604,36.734],[29.096,36.665],[29.124,36.418],[29.322,36.247],[29.795,36.145],[30.255,36.308],[30.441,36.239],[30.57,36.528],[30.57,36.781],[30.687,36.891],[31.341,36.809],[32.026,36.543],[32.365,36.178],[32.671,36.047],[32.941,36.104],[33.544,36.144],[34.078,36.329],[34.077,36.414],[34.555,36.768],[34.771,36.816],[35.348,36.544],[35.607,36.74],[35.805,36.775],[36.02,36.926],[36.189,36.802],[36.189,36.604],[35.789,36.32],[35.975,36.019],[35.911,35.918],[36.138,35.82],[36.356,36.022],[36.36,36.182],[36.588,36.325],[36.535,36.494],[36.659,36.828],[36.965,36.754],[37.015,36.642],[37.446,36.634],[38.19,36.906],[38.529,36.834],[38.664,36.72],[39.24,36.661],[39.765,36.742],[40.19,36.884],[40.709,37.1],[41.48,37.076],[42.009,37.176],[42.179,37.306],[42.357,37.11],[42.561,37.147],[42.772,37.375],[43.084,37.369],[43.48,37.243],[43.894,37.225],[43.99,37.313],[44.223,37.254],[44.234,36.984],[44.578,37.166],[44.766,37.142],[44.802,37.293],[44.566,37.447],[44.596,37.716],[44.22,37.875],[44.425,38.377],[44.29,38.382],[44.275,38.844],[44.139,38.994],[44.061,39.4],[44.405,39.434],[44.459,39.698],[44.566,39.766],[44.807,39.64],[44.775,39.703],[44.464,39.972],[44.255,40.043],[44.032,40.009],[43.721,40.169],[43.594,40.345],[43.729,40.677],[43.605,40.963],[43.44,41.107]]],[[[28.017,41.973],[27.808,41.993],[27.533,41.908],[27.273,42.092],[26.939,41.996],[26.624,41.969],[26.333,41.713],[26.596,41.598],[26.637,41.378],[26.332,41.254],[26.359,40.965],[26.044,40.738],[26.077,40.612],[26.79,40.661],[26.829,40.602],[26.219,40.331],[26.376,40.154],[26.683,40.455],[27.178,40.633],[27.524,40.989],[27.941,40.971],[28.237,41.085],[28.625,40.968],[28.982,41.002],[29.109,41.235],[28.908,41.267],[28.384,41.447],[28.113,41.612],[27.972,41.822],[28.017,41.973]]]]},"properties":{"id":"turkey","name":"トルコ","nameEn":"Turkey","guide":true,"small":false,"center":[35.438,38.959]}},
{"type":"Feature","geometry":{"type":"MultiPolygon","coordinates":[[[[-1.794,43.386],[-2.099,43.304],[-2.367,43.316],[-2.756,43.45],[-3.112,43.354],[-3.554,43.517],[-4.189,43.405],[-4.735,43.417],[-5.424,43.561],[-6.223,43.596],[-7.23,43.569],[-7.367,43.68],[-7.774,43.743],[-8.059,43.709],[-8.308,43.546],[-8.506,43.332],[-8.841,43.339],[-9.218,43.155],[-9.071,42.596],[-8.823,42.57],[-8.796,42.258],[-8.899,42.102],[-8.751,41.969],[-8.222,42.154],[-8.049,41.816],[-7.722,41.899],[-7.588,41.824],[-7.251,41.864],[-7.145,41.987],[-6.657,41.933],[-6.524,41.867],[-6.555,41.675],[-6.206,41.57],[-6.496,41.295],[-6.647,41.268],[-6.818,41.054],[-6.857,40.442],[-6.794,40.356],[-7.043,40.181],[-6.88,40.009],[-7.036,39.689],[-7.557,39.68],[-7.314,39.457],[-7.327,39.341],[-7.167,39.113],[-6.973,39.014],[-7.056,38.855],[-7.27,38.738],[-7.359,38.446],[-7.024,38.023],[-7.269,37.949],[-7.53,37.567],[-7.414,37.193],[-7.029,37.206],[-6.5,36.96],[-6.235,36.576],[-6.218,36.402],[-6.037,36.19],[-5.612,36.006],[-5.358,36.141],[-5.339,36.141],[-5.187,36.411],[-4.903,36.507],[-4.723,36.493],[-4.433,36.711],[-3.601,36.743],[-3.415,36.696],[-2.933,36.752],[-2.757,36.68],[-2.577,36.811],[-2.362,36.837],[-2.071,36.775],[-1.899,36.95],[-1.813,37.207],[-1.671,37.363],[-1.324,37.562],[-0.925,37.556],[-0.655,37.989],[-0.609,38.178],[-0.329,38.47],[-0.09,38.535],[0.234,38.758],[-0.01,38.87],[-0.21,39.079],[-0.323,39.516],[-0.194,39.715],[0.549,40.572],[0.872,40.707],[0.714,40.815],[0.99,41.04],[1.539,41.187],[2.06,41.275],[2.297,41.465],[2.778,41.646],[3.15,41.845],[3.236,41.966],[3.122,42.14],[3.181,42.431],[2.934,42.47],[2.465,42.341],[2.277,42.429],[2.052,42.352],[1.707,42.503],[1.448,42.435],[1.429,42.595],[1.319,42.713],[0.656,42.838],[0.608,42.688],[-0.039,42.685],[-0.307,42.832],[-0.561,42.774],[-0.76,42.947],[-1.275,43.047],[-1.404,43.243],[-1.747,43.291],[-1.794,43.386]]],[[[-15.392,28.03],[-15.416,28.142],[-15.706,28.167],[-15.816,27.996],[-15.786,27.844],[-15.578,27.734],[-15.378,27.852],[-15.392,28.03]]],[[[-16.428,28.15],[-16.3,28.567],[-16.507,28.424],[-16.916,28.355],[-16.676,27.997],[-16.428,28.15]]],[[[-13.973,28.736],[-14.146,28.423],[-14.212,28.161],[-13.967,28.228],[-13.848,28.397],[-13.836,28.715],[-13.973,28.736]]],[[[-17.756,28.819],[-18.002,28.75],[-17.831,28.455],[-17.721,28.731],[-17.756,28.819]]],[[[-13.483,29.24],[-13.751,29.081],[-13.86,28.859],[-13.482,28.999],[-13.483,29.24]]],[[[3.355,39.784],[2.933,39.914],[2.358,39.612],[2.493,39.47],[3.061,39.269],[3.221,39.36],[3.469,39.739],[3.355,39.784]]],[[[4.303,39.926],[4.108,40.068],[3.822,40.048],[4.248,39.816],[4.303,39.926]]]]},"properties":{"id":"spain","name":"スペイン","nameEn":"Spain","guide":true,"small":false,"center":[-2.987,39.9]}},
{"type":"Feature","geometry":{"type":"Polygon","coordinates":[[[102.119,22.398],[101.655,22.446],[101.518,22.228],[101.607,21.968],[101.752,21.806],[101.723,21.304],[101.275,21.174],[101.159,21.553],[101.003,21.406],[100.725,21.312],[100.516,20.886],[100.211,20.697],[100.099,20.318],[100.364,20.369],[100.543,20.067],[100.384,19.764],[100.462,19.537],[100.746,19.485],[100.875,19.613],[101.125,19.565],[101.193,19.453],[101.229,19.144],[101.318,19.05],[101.233,18.893],[101.24,18.674],[101.03,18.428],[101.146,18.336],[101.165,18.053],[101.008,17.895],[100.902,17.562],[101.132,17.462],[101.578,17.868],[101.729,17.912],[102.079,18.214],[102.307,18.051],[102.568,17.971],[102.596,17.85],[102.939,18.009],[103.038,17.991],[103.261,18.4],[103.397,18.441],[103.832,18.321],[104,18.318],[104.111,18.115],[104.481,17.64],[104.715,17.515],[104.816,17.373],[104.745,17.025],[104.755,16.529],[105.015,16.277],[105.042,16.141],[105.405,16.019],[105.448,15.765],[105.651,15.635],[105.564,15.273],[105.444,15.134],[105.584,14.978],[105.489,14.786],[105.51,14.594],[105.416,14.428],[105.184,14.346],[105.348,14.106],[105.533,14.164],[105.744,14.087],[105.873,13.937],[106.049,13.915],[106.145,14.072],[105.969,14.332],[106.154,14.368],[106.236,14.484],[106.419,14.466],[106.512,14.59],[106.793,14.323],[106.946,14.324],[107.211,14.493],[107.415,14.543],[107.52,14.705],[107.658,15.282],[107.573,15.411],[107.369,15.496],[107.16,15.759],[107.391,15.936],[107.117,16.255],[106.86,16.412],[106.655,16.471],[106.535,16.684],[106.533,16.973],[106.42,16.989],[106.26,17.289],[106.185,17.257],[105.735,17.664],[105.476,18.127],[105.157,18.32],[105.08,18.454],[105.113,18.698],[104.722,18.792],[104.148,19.183],[103.857,19.317],[104.09,19.484],[104.089,19.652],[104.229,19.706],[104.506,19.603],[104.805,19.791],[104.781,19.908],[104.953,20.009],[104.908,20.175],[104.657,20.213],[104.681,20.341],[104.543,20.536],[104.601,20.661],[104.295,20.88],[104.057,20.959],[103.776,20.835],[103.665,20.658],[103.427,20.821],[103.115,20.868],[102.888,21.227],[102.948,21.737],[102.651,21.658],[102.591,21.901],[102.226,22.228],[102.119,22.398]]]},"properties":{"id":"laos","name":"ラオス","nameEn":"Laos","guide":true,"small":false,"center":[103.881,18.206]}},
{"type":"Feature","geometry":{"type":"Polygon","coordinates":[[[80.21,42.19],[79.918,42.424],[79.476,42.454],[79.031,42.756],[78.496,42.876],[77.164,42.922],[76.957,42.989],[76.689,42.91],[75.771,42.926],[75.646,42.806],[75.179,42.85],[74.714,43],[74.259,43.216],[73.634,43.062],[73.493,42.895],[73.41,42.59],[72.841,42.556],[72.726,42.653],[71.848,42.834],[71.584,42.76],[71.405,42.795],[71.003,42.564],[70.948,42.248],[71.218,42.206],[70.825,41.936],[70.55,41.824],[70.169,41.578],[70.477,41.405],[70.634,41.467],[70.756,41.27],[71.276,41.113],[71.586,41.324],[71.684,41.534],[71.872,41.194],[72.17,41.169],[72.186,41.041],[72.477,41.012],[72.619,40.88],[73.003,40.87],[72.784,40.67],[72.37,40.386],[72.099,40.426],[71.673,40.148],[71.365,40.294],[70.959,40.238],[70.639,40.085],[70.627,39.994],[69.97,40.212],[69.314,39.987],[69.226,39.751],[69.286,39.54],[69.669,39.578],[70.206,39.524],[70.46,39.6],[70.622,39.564],[70.74,39.386],[71.009,39.408],[71.46,39.612],[71.492,39.494],[71.74,39.448],[71.733,39.285],[72.05,39.369],[72.316,39.329],[72.65,39.394],[73.168,39.355],[73.368,39.444],[73.633,39.448],[73.927,39.593],[73.823,39.806],[74.004,40.061],[74.37,40.106],[74.706,40.331],[74.835,40.512],[75.194,40.441],[75.56,40.633],[75.682,40.292],[75.921,40.309],[76.244,40.441],[76.449,40.416],[76.631,40.729],[76.861,41.013],[77.475,40.982],[77.867,41.064],[78.075,41.04],[78.36,41.287],[78.36,41.378],[78.672,41.538],[79.304,41.788],[79.748,41.88],[79.843,42.002],[80.182,42.021],[80.21,42.19]]]},"properties":{"id":"kyrgyzstan","name":"キルギス","nameEn":"Kyrgyzstan","guide":true,"small":false,"center":[74.742,41.225]}},
{"type":"Feature","geometry":{"type":"Polygon","coordinates":[[[45.002,41.29],[44.552,41.177],[44.191,41.23],[43.73,41.107],[43.44,41.107],[43.605,40.963],[43.729,40.677],[43.594,40.345],[43.721,40.169],[44.032,40.009],[44.255,40.043],[44.464,39.972],[44.775,39.703],[45.034,39.77],[45.168,39.566],[45.457,39.489],[45.788,39.549],[45.767,39.354],[46.136,38.864],[46.514,38.882],[46.479,39.115],[46.598,39.225],[46.375,39.379],[46.527,39.538],[46.206,39.588],[45.862,39.805],[45.979,40.224],[45.526,40.441],[45.374,40.675],[45.556,40.777],[45.416,40.961],[45.222,41.014],[45.187,41.157],[45.002,41.29]]]},"properties":{"id":"x-ARM","name":"アルメニア","nameEn":"Armenia","guide":false,"small":false,"center":[45.019,40.077]}},
{"type":"Feature","geometry":{"type":"MultiPolygon","coordinates":[[[[8.661,54.896],[9.438,54.81],[9.739,54.981],[9.494,55.161],[9.71,55.249],[9.587,55.427],[10.245,55.915],[10.377,56.203],[10.75,56.216],[10.964,56.448],[10.789,56.536],[10.361,56.562],[10.266,56.908],[10.539,57.237],[10.43,57.571],[9.967,57.591],[9.412,57.165],[8.586,57.106],[8.27,56.843],[8.491,56.731],[8.68,56.953],[9.113,57.039],[9.106,56.8],[8.877,56.764],[8.601,56.501],[8.122,56.552],[8.106,56.119],[8.387,55.927],[8.194,55.812],[8.29,55.584],[8.618,55.438],[8.661,54.896]]],[[[11.845,54.732],[11.726,54.873],[11.019,54.903],[11.031,54.761],[11.452,54.628],[11.845,54.732]]],[[[15.151,55.133],[14.752,55.299],[14.7,55.089],[15.073,54.992],[15.151,55.133]]],[[[10.666,55.064],[10.828,55.307],[10.698,55.44],[10.308,55.618],[9.888,55.509],[9.884,55.253],[10.313,55.064],[10.666,55.064]]],[[[12.04,54.893],[12.047,55.14],[12.392,55.255],[12.248,55.546],[12.602,55.709],[12.513,55.921],[12.622,56.044],[12.245,56.129],[11.763,55.749],[11.641,55.943],[11.071,55.677],[11.245,55.215],[11.649,55.181],[12.04,54.893]]]]},"properties":{"id":"denmark","name":"デンマーク","nameEn":"Denmark","guide":true,"small":false,"center":[9.529,56.276]}},
{"type":"Feature","geometry":{"type":"Polygon","coordinates":[[[11.505,33.181],[11.45,32.638],[11.564,32.465],[11.444,32.368],[10.873,32.137],[10.606,31.954],[10.514,31.757],[10.264,31.68],[10.108,31.412],[10.27,30.916],[10.192,30.731],[9.871,30.355],[9.52,30.229],[9.287,30.117],[9.668,29.608],[9.826,29.129],[9.851,28.786],[9.777,28.268],[9.936,27.867],[9.721,27.292],[9.826,26.921],[9.911,26.843],[9.836,26.504],[9.483,26.353],[9.401,26.113],[9.97,25.395],[10.021,25.268],[10.032,24.856],[10.193,24.75],[10.26,24.577],[10.45,24.477],[10.721,24.552],[11.509,24.314],[11.567,24.267],[11.969,23.517],[13.482,23.18],[13.6,23.119],[14.232,22.618],[14.98,22.996],[15.985,23.445],[17.435,22.729],[19.164,21.875],[20.523,21.204],[21.634,20.655],[23.24,19.862],[23.981,19.496],[23.981,19.995],[24.968,19.995],[24.981,20.5],[24.981,21.995],[24.981,23.746],[24.981,25.205],[24.981,26.665],[24.981,27.667],[24.981,29.181],[24.874,29.468],[24.812,29.891],[24.688,30.144],[24.908,30.499],[24.995,30.785],[24.859,31.146],[24.861,31.38],[25.151,31.656],[24.982,31.968],[24.67,32.032],[24.546,31.991],[24.091,32.006],[23.999,32.094],[23.67,32.183],[23.244,32.221],[23.096,32.324],[23.086,32.646],[22.096,32.923],[21.609,32.931],[21.455,32.813],[21.097,32.781],[20.563,32.558],[20.072,32.176],[19.94,31.958],[19.921,31.718],[20.022,31.397],[20.147,31.217],[20.147,31.046],[20.036,30.819],[19.749,30.511],[19.339,30.299],[19.057,30.266],[18.653,30.422],[18.175,30.786],[17.366,31.087],[16.728,31.224],[16.045,31.276],[15.761,31.388],[15.49,31.665],[15.37,31.929],[15.37,32.159],[15.196,32.39],[14.469,32.519],[14.176,32.718],[13.571,32.803],[13.352,32.904],[12.73,32.799],[12.348,32.833],[11.847,33.083],[11.505,33.181]]]},"properties":{"id":"x-LBY","name":"リビア","nameEn":"Libya","guide":false,"small":false,"center":[17.221,26.339]}},
{"type":"Feature","geometry":{"type":"MultiPolygon","coordinates":[[[[11.505,33.181],[11.18,33.211],[11.108,33.55],[10.717,33.484],[10.717,33.707],[10.489,33.647],[10.33,33.703],[10.049,33.983],[10.005,34.171],[10.127,34.326],[10.597,34.545],[10.916,34.874],[11.112,35.206],[11.042,35.334],[11.012,35.658],[10.609,35.856],[10.48,36.079],[10.519,36.337],[10.8,36.452],[11.022,36.788],[11.117,36.838],[11.013,37.085],[10.538,36.772],[10.22,36.977],[10.146,37.237],[9.666,37.335],[9.211,37.234],[8.802,36.973],[8.603,36.94],[8.444,36.796],[8.349,36.449],[8.241,35.828],[8.324,35.652],[8.314,35.103],[8.236,34.648],[7.832,34.414],[7.774,34.261],[7.517,34.095],[7.48,33.894],[7.553,33.659],[7.693,33.454],[7.751,33.208],[8.087,33.094],[8.283,32.836],[8.32,32.561],[9.045,32.072],[9.264,31.219],[9.52,30.229],[9.871,30.355],[10.192,30.731],[10.27,30.916],[10.108,31.412],[10.264,31.68],[10.514,31.757],[10.606,31.954],[10.873,32.137],[11.444,32.368],[11.564,32.465],[11.45,32.638],[11.505,33.181]]],[[[10.991,33.842],[10.736,33.885],[10.74,33.715],[10.894,33.658],[10.991,33.842]]]]},"properties":{"id":"tunisia","name":"チュニジア","nameEn":"Tunisia","guide":true,"small":false,"center":[9.522,33.787]}},
{"type":"Feature","geometry":{"type":"Polygon","coordinates":[[[22.878,47.947],[22.746,47.825],[22.262,47.716],[21.989,47.493],[22.002,47.394],[21.633,47.023],[21.484,46.685],[21.316,46.617],[21.165,46.318],[20.82,46.272],[20.664,46.138],[20.243,46.108],[20.713,45.733],[20.761,45.493],[20.981,45.333],[21.493,45.145],[21.369,44.865],[21.656,44.688],[22.004,44.652],[22.185,44.515],[22.32,44.685],[22.692,44.228],[22.886,43.995],[22.92,43.834],[23.325,43.887],[24.159,43.753],[24.5,43.799],[24.964,43.75],[25.36,43.654],[25.781,43.732],[26.151,44.012],[27.027,44.177],[27.384,44.015],[27.936,43.964],[27.981,43.849],[28.221,43.762],[28.578,43.741],[28.671,44.003],[28.641,44.329],[28.844,44.494],[28.789,44.706],[28.924,44.758],[29.611,44.849],[29.659,45.216],[29.65,45.346],[29.322,45.444],[28.71,45.227],[28.33,45.323],[28.199,45.462],[28.086,46.001],[28.246,46.428],[28.234,46.662],[28.037,47.016],[27.807,47.145],[27.563,47.468],[27.272,47.715],[27.048,48.122],[26.805,48.258],[26.618,48.259],[26.303,48.212],[26.173,47.993],[25.262,47.899],[24.897,47.71],[24.562,47.941],[24.231,47.897],[23.977,47.962],[23.36,47.993],[23.231,48.08],[22.878,47.947]]]},"properties":{"id":"romania","name":"ルーマニア","nameEn":"Romania","guide":true,"small":false,"center":[24.971,45.962]}},
{"type":"Feature","geometry":{"type":"Polygon","coordinates":[[[22.878,47.947],[22.133,48.405],[21.728,48.341],[21.425,48.561],[21.109,48.489],[20.784,48.569],[20.482,48.526],[20.272,48.252],[19.884,48.13],[19.623,48.227],[19.428,48.086],[18.838,48.04],[18.768,47.822],[18.236,47.754],[17.826,47.75],[17.148,48.005],[17.055,47.702],[16.797,47.675],[16.425,47.351],[16.437,47.032],[16.094,46.863],[16.272,46.864],[16.515,46.502],[16.838,46.382],[16.975,46.211],[17.345,45.956],[17.591,45.936],[17.89,45.792],[18.412,45.743],[18.674,45.91],[18.901,45.931],[19.263,45.981],[19.55,46.164],[20.243,46.108],[20.664,46.138],[20.82,46.272],[21.165,46.318],[21.316,46.617],[21.484,46.685],[21.633,47.023],[22.002,47.394],[21.989,47.493],[22.262,47.716],[22.746,47.825],[22.878,47.947]]]},"properties":{"id":"hungary","name":"ハンガリー","nameEn":"Hungary","guide":true,"small":false,"center":[19.486,47.155]}},
{"type":"Feature","geometry":{"type":"Polygon","coordinates":[[[22.54,49.072],[22.012,49.211],[21.82,49.377],[21.274,49.447],[20.942,49.296],[20.69,49.401],[20.33,49.392],[20.07,49.183],[19.752,49.219],[19.443,49.602],[19.173,49.402],[18.833,49.51],[18.536,49.482],[18.19,49.277],[18.103,49.092],[17.86,48.922],[17.535,48.813],[17.167,48.86],[16.945,48.604],[16.844,48.366],[17.148,48.005],[17.826,47.75],[18.236,47.754],[18.768,47.822],[18.838,48.04],[19.428,48.086],[19.623,48.227],[19.884,48.13],[20.272,48.252],[20.482,48.526],[20.784,48.569],[21.109,48.489],[21.425,48.561],[21.728,48.341],[22.133,48.405],[22.154,48.586],[22.322,48.7],[22.54,49.072]]]},"properties":{"id":"slovakia","name":"スロバキア","nameEn":"Slovakia","guide":true,"small":false,"center":[19.692,48.676]}},
{"type":"Feature","geometry":{"type":"Polygon","coordinates":[[[18.833,49.51],[19.173,49.402],[19.443,49.602],[19.752,49.219],[20.07,49.183],[20.33,49.392],[20.69,49.401],[20.942,49.296],[21.274,49.447],[21.82,49.377],[22.012,49.211],[22.54,49.072],[22.744,49.046],[22.724,49.367],[22.641,49.529],[23.101,49.957],[23.748,50.389],[23.981,50.405],[24.106,50.539],[23.875,51.136],[23.634,51.339],[23.606,51.517],[23.56,51.755],[23.637,52.084],[23.166,52.289],[23.392,52.51],[23.869,52.67],[23.894,53.152],[23.591,53.611],[23.486,53.939],[23.433,54.169],[22.973,54.375],[22.767,54.356],[22.698,54.343],[20.93,54.398],[19.61,54.457],[19.002,54.345],[18.588,54.434],[18.429,54.782],[17.885,54.824],[17.337,54.749],[16.94,54.606],[16.57,54.557],[16.22,54.277],[15.86,54.25],[14.21,53.938],[14.201,53.878],[14.576,53.855],[14.545,53.704],[14.264,53.7],[14.409,53.272],[14.343,53.049],[14.144,52.96],[14.216,52.818],[14.645,52.577],[14.54,52.422],[14.761,52.077],[14.586,51.804],[14.732,51.516],[14.945,51.449],[15.019,51.272],[14.81,50.858],[14.997,51.008],[15.227,50.977],[15.35,50.784],[15.848,50.675],[16.332,50.644],[16.334,50.372],[16.701,50.095],[17.185,50.376],[17.839,49.974],[18.092,50.017],[18.307,49.91],[18.559,49.907],[18.637,49.7],[18.833,49.51]]]},"properties":{"id":"poland","name":"ポーランド","nameEn":"Poland","guide":true,"small":false,"center":[19.134,51.916]}},
{"type":"Feature","geometry":{"type":"Polygon","coordinates":[[[-7.247,55.069],[-6.94,55.239],[-7.333,55.373],[-7.814,55.202],[-8.263,55.161],[-8.491,54.852],[-8.796,54.698],[-8.597,54.619],[-8.121,54.647],[-8.486,54.289],[-9.209,54.268],[-9.786,54.338],[-9.988,54.213],[-9.839,53.964],[-10.026,53.385],[-9.272,53.147],[-9.438,52.967],[-9.577,52.57],[-9.848,52.428],[-9.837,52.254],[-10.276,52.268],[-10.235,51.851],[-9.77,51.592],[-9.108,51.549],[-8.539,51.648],[-7.59,51.991],[-7.435,52.126],[-6.37,52.18],[-6.448,52.356],[-6.209,52.546],[-6.215,52.666],[-5.997,52.965],[-6.097,53.286],[-6.092,53.577],[-6.223,53.646],[-6.27,54.098],[-6.64,54.168],[-7.049,54.412],[-7.31,54.115],[-7.837,54.204],[-8.156,54.439],[-7.907,54.661],[-7.552,54.755],[-7.405,55.004],[-7.247,55.069]]]},"properties":{"id":"ireland","name":"アイルランド","nameEn":"Ireland","guide":true,"small":false,"center":[-8.236,53.416]}},
{"type":"Feature","geometry":{"type":"MultiPolygon","coordinates":[[[[-7.247,55.069],[-7.405,55.004],[-7.552,54.755],[-7.907,54.661],[-8.156,54.439],[-7.837,54.204],[-7.31,54.115],[-7.049,54.412],[-6.64,54.168],[-6.27,54.098],[-6.041,54.036],[-5.862,54.231],[-5.613,54.256],[-5.433,54.466],[-5.537,54.657],[-6.062,55.074],[-6.037,55.168],[-6.476,55.249],[-7.017,55.071],[-7.247,55.069]]],[[[-2.665,51.617],[-2.96,51.374],[-3.058,51.208],[-3.385,51.186],[-3.769,51.248],[-4.152,51.212],[-4.338,50.997],[-4.792,50.595],[-5.438,50.194],[-5.21,49.967],[-5.02,50.192],[-4.752,50.33],[-4.216,50.416],[-4.033,50.295],[-3.646,50.226],[-3.467,50.586],[-2.865,50.734],[-2.436,50.638],[-1.984,50.597],[-1.949,50.713],[-1.317,50.8],[-0.813,50.735],[-0.173,50.829],[0.271,50.747],[1.028,51.042],[1.357,51.131],[1.424,51.392],[0.977,51.349],[0.555,51.412],[0.924,51.588],[0.887,51.782],[1.135,51.782],[1.582,52.081],[1.771,52.486],[1.644,52.776],[1.275,52.929],[0.57,52.969],[0.379,52.791],[0.022,52.913],[0.33,53.086],[0.133,53.643],[-0.219,54.023],[-0.111,54.132],[-0.398,54.269],[-0.563,54.477],[-1.104,54.625],[-1.275,54.748],[-1.57,55.286],[-1.631,55.585],[-1.822,55.636],[-2.147,55.917],[-2.635,56.058],[-2.94,55.969],[-3.303,55.978],[-2.964,56.206],[-2.22,56.873],[-1.98,57.319],[-1.759,57.474],[-1.829,57.613],[-2.108,57.705],[-2.433,57.668],[-3.492,57.713],[-3.837,57.593],[-4.03,57.953],[-3.221,58.306],[-3.086,58.414],[-3.204,58.661],[-4.382,58.525],[-4.988,58.628],[-5.05,58.454],[-5.311,58.243],[-5.293,57.981],[-5.487,57.856],[-5.807,57.844],[-5.808,57.355],[-5.599,57.279],[-5.832,56.997],[-5.736,56.894],[-6.003,56.619],[-5.667,56.498],[-5.523,56.166],[-5.696,55.916],[-5.581,55.758],[-5.722,55.565],[-5.64,55.304],[-5.318,55.783],[-4.983,55.871],[-4.921,55.709],[-4.618,55.496],[-5.171,55.009],[-5.128,54.849],[-4.859,54.866],[-3.964,54.772],[-3.844,54.866],[-3.388,54.883],[-3.634,54.513],[-3.241,54.112],[-2.796,54.125],[-3.018,53.932],[-2.952,53.708],[-3.058,53.435],[-3.562,53.294],[-3.769,53.319],[-4.152,53.228],[-4.358,53.028],[-4.13,52.889],[-4.053,52.542],[-4.197,52.279],[-4.514,52.136],[-5.289,51.917],[-5.126,51.856],[-4.941,51.597],[-4.645,51.732],[-4.379,51.727],[-4.272,51.555],[-3.975,51.563],[-3.539,51.399],[-3.185,51.398],[-3.106,51.497],[-2.665,51.617]]],[[[-4.098,53.31],[-4.277,53.401],[-4.571,53.275],[-4.344,53.132],[-4.098,53.31]]],[[[-6.03,55.729],[-6.12,55.929],[-6.409,55.864],[-6.215,55.627],[-6.03,55.729]]],[[[-5.688,56.435],[-5.952,56.524],[-6.328,56.277],[-5.72,56.353],[-5.688,56.435]]],[[[-6.564,57.347],[-6.318,57.161],[-6.024,57.196],[-6.154,57.59],[-6.314,57.699],[-6.706,57.511],[-6.564,57.347]]],[[[-6.955,57.744],[-6.352,58.039],[-6.346,58.463],[-7.126,58.124],[-6.955,57.744]]],[[[-1.097,60.416],[-1.67,60.24],[-1.263,60.115],[-1.097,60.416]]]]},"properties":{"id":"united-kingdom","name":"イギリス","nameEn":"United Kingdom","guide":true,"small":false,"center":[-2.233,54.318]}},
{"type":"Feature","geometry":{"type":"MultiPolygon","coordinates":[[[[20.965,40.849],[21.037,40.64],[20.827,40.465],[20.64,40.09],[20.433,40.064],[20.2,39.64],[20,39.694],[20.293,39.333],[20.687,39.072],[20.764,38.892],[21.025,38.608],[21.156,38.304],[21.37,38.408],[21.535,38.314],[21.988,38.411],[22.546,38.303],[22.691,38.322],[23.11,38.21],[22.867,37.94],[22.68,38.067],[22.227,38.186],[21.956,38.337],[21.764,38.296],[21.603,38.152],[21.376,38.204],[21.326,38.021],[21.122,37.837],[21.299,37.673],[21.55,37.561],[21.682,37.284],[21.568,37.156],[21.707,36.818],[21.945,36.79],[21.937,36.98],[22.153,37.021],[22.371,36.674],[22.765,36.804],[22.972,36.52],[23.081,36.579],[23.096,36.807],[23,37.033],[22.758,37.398],[22.723,37.542],[23.447,37.415],[23.374,37.556],[23.169,37.614],[23.094,37.911],[23.45,38.021],[23.68,37.946],[23.764,37.816],[24.072,37.69],[23.951,38.291],[23.71,38.337],[23.594,38.426],[23.601,38.474],[23.418,38.504],[23.205,38.683],[22.77,38.785],[23.023,39.008],[22.826,39.221],[23.021,39.318],[23.102,39.497],[22.925,39.6],[22.859,39.773],[22.571,40.054],[22.553,40.167],[22.711,40.512],[23.029,40.326],[23.299,40.235],[23.7,40.326],[23.868,40.414],[23.809,40.78],[24.11,40.728],[24.416,40.946],[24.802,40.853],[24.99,40.942],[25.3,40.952],[25.538,40.87],[25.919,40.853],[26.044,40.738],[26.359,40.965],[26.332,41.254],[26.637,41.378],[26.596,41.598],[26.333,41.713],[26.048,41.689],[26.164,41.518],[26.121,41.358],[25.882,41.304],[25.551,41.316],[25.286,41.239],[24.886,41.401],[24.596,41.43],[24.531,41.548],[24.047,41.526],[23.612,41.371],[23.288,41.398],[22.917,41.336],[22.727,41.166],[22.422,41.115],[22.183,41.16],[21.909,41.097],[21.582,40.866],[20.965,40.849]]],[[[26.321,35.315],[25.83,35.122],[25.766,35.336],[25.482,35.297],[24.721,35.427],[24.34,35.348],[24.045,35.528],[23.817,35.535],[23.573,35.435],[23.587,35.239],[23.827,35.253],[24.402,35.191],[24.708,35.096],[24.739,34.932],[25.097,34.938],[25.601,35.014],[26.241,35.039],[26.321,35.315]]],[[[28.24,36.433],[27.9,36.34],[27.701,36.163],[27.78,35.89],[28.131,36.185],[28.24,36.433]]],[[[20.734,38.062],[20.798,38.131],[20.626,38.352],[20.473,38.182],[20.734,38.062]]],[[[26.164,38.543],[25.995,38.604],[25.843,38.515],[26.164,38.303],[26.164,38.543]]],[[[24.588,38.159],[24.327,38.186],[24.185,38.408],[24.216,38.54],[24.073,38.679],[23.858,38.683],[23.451,38.875],[23.202,38.83],[23.636,38.529],[23.639,38.416],[24.049,38.395],[24.372,37.972],[24.552,37.978],[24.588,38.159]]],[[[26.612,39.049],[26.343,39.383],[25.859,39.259],[25.889,39.145],[26.424,38.967],[26.612,39.049]]]]},"properties":{"id":"greece","name":"ギリシャ","nameEn":"Greece","guide":true,"small":false,"center":[23.318,39.071]}},
{"type":"Feature","geometry":{"type":"Polygon","coordinates":[[[32.921,-9.408],[32.713,-9.286],[32.518,-9.258],[32.383,-9.134],[31.918,-9.022],[31.673,-8.913],[31.539,-8.704],[31.353,-8.587],[31.12,-8.617],[30.96,-8.55],[30.752,-8.194],[28.915,-8.473],[28.93,-8.68],[28.765,-8.934],[28.372,-9.235],[28.516,-9.378],[28.668,-9.822],[28.624,-9.951],[28.635,-10.519],[28.7,-10.643],[28.564,-10.812],[28.44,-11.348],[28.357,-11.447],[28.497,-11.857],[28.835,-12.092],[29.03,-12.376],[29.447,-12.335],[29.474,-12.243],[29.799,-12.154],[29.798,-13.424],[29.602,-13.374],[29.574,-13.225],[29.169,-13.434],[28.994,-13.396],[28.903,-13.162],[28.668,-12.849],[28.584,-12.889],[28.423,-12.521],[28.131,-12.429],[27.934,-12.303],[27.638,-12.294],[27.52,-12.18],[27.421,-11.922],[27.234,-11.809],[27.18,-11.57],[27.01,-11.61],[26.967,-11.87],[26.874,-11.964],[26.644,-11.986],[26.415,-11.912],[25.994,-11.905],[25.851,-11.794],[25.352,-11.646],[25.279,-11.2],[24.674,-11.342],[24.565,-11.445],[24.31,-11.407],[24.382,-11.121],[24.124,-11.043],[23.967,-10.872],[24.061,-11.395],[23.96,-11.617],[23.96,-12.197],[24.031,-12.385],[23.866,-12.79],[24.001,-13.001],[23.223,-13.001],[21.98,-13.001],[21.981,-14.358],[21.984,-16.166],[22.152,-16.598],[22.334,-16.674],[22.756,-17.155],[22.999,-17.294],[23.073,-17.405],[23.382,-17.641],[24.22,-17.479],[24.684,-17.492],[24.958,-17.552],[25.26,-17.794],[25.496,-17.855],[25.681,-17.811],[25.979,-17.999],[26.203,-17.887],[26.712,-18.066],[27.048,-17.944],[27.157,-17.769],[27.577,-17.363],[27.777,-17.001],[28.28,-16.707],[28.823,-16.471],[28.871,-16.087],[29.186,-15.813],[29.407,-15.714],[29.837,-15.615],[30.396,-15.636],[30.369,-15.375],[30.288,-15.279],[30.214,-14.981],[30.816,-14.768],[31.411,-14.634],[31.658,-14.52],[33.203,-14.014],[33.049,-13.997],[32.859,-13.808],[32.723,-13.573],[32.874,-13.443],[32.995,-13.191],[33.005,-12.893],[32.941,-12.77],[33.025,-12.613],[33.373,-12.519],[33.518,-12.372],[33.33,-12.298],[33.255,-12.073],[33.313,-11.899],[33.303,-11.61],[33.23,-11.417],[33.391,-11.165],[33.304,-11.035],[33.319,-10.818],[33.501,-10.769],[33.674,-10.577],[33.533,-10.231],[33.31,-10.013],[33.366,-9.899],[33.217,-9.727],[32.975,-9.601],[32.921,-9.408]]]},"properties":{"id":"x-ZMB","name":"ザンビア","nameEn":"Zambia","guide":false,"small":false,"center":[27.827,-13.132]}},
{"type":"Feature","geometry":{"type":"Polygon","coordinates":[[[-10.282,8.485],[-10.519,8.335],[-10.639,8.52],[-10.482,8.672],[-10.6,8.819],[-10.606,9.064],[-10.746,9.084],[-10.675,9.306],[-10.855,9.455],[-11.01,9.743],[-11.273,9.996],[-11.91,9.993],[-12.141,9.875],[-12.254,9.928],[-12.508,9.86],[-12.702,9.42],[-12.958,9.272],[-13.029,9.096],[-13.301,9.041],[-13.241,8.672],[-13.144,8.431],[-13.162,8.187],[-12.979,8.242],[-12.895,8.08],[-12.876,7.829],[-12.711,7.712],[-12.531,7.687],[-12.428,7.534],[-12.507,7.39],[-11.84,7.149],[-11.476,6.919],[-11.373,7.139],[-11.126,7.368],[-10.875,7.531],[-10.615,7.769],[-10.618,8.011],[-10.365,8.148],[-10.282,8.485]]]},"properties":{"id":"x-SLE","name":"シエラレオネ","nameEn":"Sierra Leone","guide":false,"small":false,"center":[-11.792,8.458]}},
{"type":"Feature","geometry":{"type":"Polygon","coordinates":[[[-13.301,9.041],[-13.029,9.096],[-12.958,9.272],[-12.702,9.42],[-12.508,9.86],[-12.254,9.928],[-12.141,9.875],[-11.91,9.993],[-11.273,9.996],[-11.01,9.743],[-10.855,9.455],[-10.675,9.306],[-10.746,9.084],[-10.606,9.064],[-10.6,8.819],[-10.482,8.672],[-10.639,8.52],[-10.519,8.335],[-10.282,8.485],[-9.684,8.487],[-9.579,8.387],[-9.422,8.016],[-9.439,7.866],[-9.354,7.622],[-9.438,7.422],[-9.234,7.381],[-9.12,7.238],[-8.925,7.249],[-8.73,7.509],[-8.687,7.694],[-8.485,7.558],[-8.229,7.544],[-8.127,7.713],[-8.129,7.883],[-8.022,8.118],[-8.266,8.246],[-8.2,8.492],[-7.971,8.497],[-7.771,8.387],[-7.692,8.606],[-7.804,8.749],[-7.959,8.782],[-7.93,9.184],[-7.865,9.41],[-8.087,9.415],[-8.162,9.576],[-8.124,9.845],[-8.174,9.942],[-7.99,10.162],[-8.016,10.339],[-8.229,10.423],[-8.296,10.537],[-8.311,11.001],[-8.506,11.053],[-8.528,11.423],[-8.847,11.658],[-8.797,11.913],[-8.926,12.064],[-8.994,12.388],[-9.322,12.497],[-9.308,12.345],[-9.628,12.17],[-9.723,12.025],[-10.267,12.218],[-10.381,12.18],[-10.711,11.89],[-10.91,12.2],[-11.052,12.203],[-11.191,12.014],[-11.351,12.04],[-11.508,12.192],[-11.388,12.404],[-11.758,12.383],[-12.079,12.408],[-12.361,12.306],[-12.505,12.39],[-12.773,12.435],[-13.076,12.636],[-13.728,12.673],[-13.663,12.476],[-13.712,12.268],[-13.965,12.148],[-13.724,12.003],[-13.73,11.71],[-14.015,11.637],[-14.279,11.665],[-14.521,11.513],[-14.687,11.511],[-14.828,11.335],[-15.021,10.967],[-14.899,10.993],[-14.749,10.816],[-14.463,10.33],[-14.153,10.056],[-13.945,9.967],[-13.624,9.72],[-13.561,9.509],[-13.322,9.345],[-13.301,9.041]]]},"properties":{"id":"x-GIN","name":"ギニア","nameEn":"Guinea","guide":false,"small":false,"center":[-11.372,9.932]}},
{"type":"Feature","geometry":{"type":"Polygon","coordinates":[[[-11.476,6.919],[-11.353,6.701],[-11.054,6.584],[-10.824,6.438],[-10.788,6.293],[-10.396,6.177],[-9.497,5.389],[-9.279,5.146],[-9.015,4.978],[-8.608,4.787],[-8.257,4.58],[-7.541,4.353],[-7.605,4.897],[-7.489,5.141],[-7.394,5.524],[-7.447,5.846],[-7.559,5.84],[-7.8,5.974],[-7.935,6.271],[-8.171,6.274],[-8.389,6.355],[-8.566,6.551],[-8.352,6.755],[-8.284,7.018],[-8.444,7.537],[-8.485,7.558],[-8.687,7.694],[-8.73,7.509],[-8.925,7.249],[-9.12,7.238],[-9.234,7.381],[-9.438,7.422],[-9.354,7.622],[-9.439,7.866],[-9.422,8.016],[-9.579,8.387],[-9.684,8.487],[-10.282,8.485],[-10.365,8.148],[-10.618,8.011],[-10.615,7.769],[-10.875,7.531],[-11.126,7.368],[-11.373,7.139],[-11.476,6.919]]]},"properties":{"id":"x-LBR","name":"リベリア","nameEn":"Liberia","guide":false,"small":false,"center":[-9.43,6.456]}},
{"type":"Feature","geometry":{"type":"Polygon","coordinates":[[[22.861,10.919],[22.46,11.001],[22.176,10.816],[21.723,10.637],[21.751,10.412],[21.656,10.234],[21.485,10.164],[21.374,9.973],[21.257,9.976],[20.826,9.418],[20.496,9.271],[20.359,9.116],[20.069,9.138],[19.889,9.046],[19.369,9],[19.101,9.015],[18.893,8.898],[19.124,8.675],[18.813,8.276],[18.673,8.208],[18.589,8.048],[17.68,7.985],[17.251,7.823],[17.102,7.678],[16.769,7.55],[16.625,7.669],[16.549,7.87],[16.371,7.673],[16.065,7.591],[15.794,7.458],[15.481,7.523],[15.433,7.39],[15.224,7.248],[15.042,6.791],[14.932,6.71],[14.719,6.258],[14.535,6.19],[14.398,6.019],[14.585,5.923],[14.631,5.738],[14.597,5.411],[14.524,5.28],[14.663,5.142],[14.717,4.622],[15.001,4.403],[15.103,4.112],[15.085,3.886],[15.171,3.759],[15.786,3.108],[15.914,3.098],[16.092,2.863],[16.09,2.51],[16.197,2.236],[16.479,2.836],[16.568,3.464],[16.639,3.529],[16.969,3.533],[17.334,3.619],[17.459,3.708],[17.856,3.537],[18.513,3.592],[18.626,3.477],[18.593,3.71],[18.645,3.982],[18.537,4.306],[18.721,4.377],[19.083,4.909],[19.409,5.13],[19.72,5.136],[20.339,4.772],[20.452,4.529],[20.603,4.41],[20.872,4.453],[21.538,4.245],[21.723,4.295],[22.009,4.242],[22.207,4.15],[22.493,4.174],[22.689,4.492],[22.786,4.725],[22.898,4.824],[23.169,4.738],[23.388,4.587],[23.567,4.724],[24.163,4.908],[24.46,5.107],[24.664,4.924],[25.308,5.032],[25.364,5.311],[25.581,5.375],[25.733,5.259],[26.027,5.19],[26.13,5.259],[26.463,5.06],[26.761,5.088],[27.116,5.2],[27.441,5.071],[27.301,5.205],[27.17,5.72],[26.705,6.01],[26.528,6.043],[26.452,6.28],[26.29,6.387],[26.378,6.653],[26.081,6.842],[26.026,6.997],[25.36,7.336],[25.19,7.501],[25.279,7.659],[25.217,7.864],[25.09,7.885],[24.832,8.166],[24.131,8.343],[24.244,8.57],[24.17,8.689],[23.721,8.702],[23.482,8.783],[23.458,9.146],[23.632,9.278],[23.606,9.537],[23.674,9.69],[23.624,9.908],[23.291,10.44],[23.006,10.687],[22.861,10.919]]]},"properties":{"id":"x-CAF","name":"中央アフリカ共和国","nameEn":"Central African Rep.","guide":false,"small":false,"center":[20.914,6.619]}},
{"type":"Feature","geometry":{"type":"Polygon","coordinates":[[[22.861,10.919],[23.006,10.687],[23.291,10.44],[23.624,9.908],[23.674,9.69],[23.606,9.537],[23.632,9.278],[23.458,9.146],[23.482,8.783],[23.721,8.702],[24.17,8.689],[24.38,8.844],[24.558,8.887],[24.68,9.373],[24.794,9.532],[24.793,9.798],[24.976,9.967],[25.084,10.293],[25.843,10.418],[25.901,10.191],[26.179,9.959],[26.557,9.52],[26.694,9.477],[27.08,9.607],[27.895,9.595],[28.045,9.331],[28.844,9.325],[28.829,9.427],[29.009,9.603],[29.483,9.762],[29.614,9.914],[29.615,10.058],[30.013,10.27],[30.485,9.972],[30.749,9.736],[31.235,9.792],[31.665,10.214],[31.864,10.472],[31.943,10.656],[32.414,11.051],[32.364,11.24],[32.345,11.709],[32.082,12],[32.747,12.003],[32.732,12.216],[33.209,12.21],[33.083,11.585],[33.182,10.843],[33.151,10.731],[33.371,10.651],[33.902,10.192],[33.969,9.838],[33.905,9.711],[33.901,9.455],[34.071,9.455],[34.098,9.68],[34.325,10.269],[34.279,10.566],[34.437,10.796],[34.587,10.879],[34.839,10.729],[34.934,10.845],[34.98,11.155],[34.947,11.275],[35.073,11.549],[35.048,11.771],[35.216,11.897],[35.617,12.575],[35.728,12.674],[36.124,12.721],[36.114,12.934],[36.234,13.362],[36.382,13.571],[36.458,13.82],[36.437,13.991],[36.526,14.264],[36.424,15.112],[36.525,15.248],[36.671,15.723],[36.76,15.837],[36.944,16.253],[36.877,16.527],[36.985,16.766],[37,17.073],[37.134,17.016],[37.403,17.03],[37.507,17.318],[37.872,17.437],[38.015,17.54],[38.344,17.656],[38.459,17.891],[38.602,18.005],[38.543,18.118],[38.152,18.249],[37.926,18.585],[37.675,18.741],[37.551,18.71],[37.434,18.862],[37.334,19.16],[37.238,19.655],[37.259,19.821],[37.175,20.349],[37.228,20.565],[37.147,20.941],[37.149,21.171],[36.897,21.678],[36.884,21.996],[35.486,21.996],[34.084,21.995],[33.999,21.767],[33.561,21.709],[33.181,21.995],[31.248,21.994],[29.458,21.995],[28.29,21.995],[26.344,21.995],[24.981,21.995],[24.981,20.5],[24.968,19.995],[23.981,19.995],[23.981,19.496],[23.983,17.87],[23.983,16.941],[23.984,15.721],[23.593,15.749],[23.321,15.681],[23.095,15.704],[22.926,15.564],[22.966,15.224],[22.739,14.98],[22.666,14.682],[22.465,14.629],[22.441,14.25],[22.531,14.123],[22.244,13.975],[22.074,13.771],[22.196,13.58],[22.268,13.335],[21.935,13.059],[21.809,12.794],[21.936,12.64],[22.205,12.743],[22.446,12.611],[22.373,12.463],[22.593,11.989],[22.537,11.681],[22.628,11.51],[22.915,11.396],[22.956,11.209],[22.861,10.919]]]},"properties":{"id":"x-SDN","name":"スーダン","nameEn":"Sudan","guide":false,"small":false,"center":[30.207,15.454]}},
{"type":"Feature","geometry":{"type":"Polygon","coordinates":[[[43.241,11.488],[43.123,11.581],[42.684,11.582],[42.754,11.708],[43.042,11.799],[43.207,11.958],[43.377,12.005],[43.411,12.242],[43.313,12.478],[43.118,12.708],[42.852,12.612],[42.678,12.36],[42.522,12.496],[42.379,12.466],[41.936,11.827],[41.808,11.736],[41.749,11.538],[41.799,10.971],[42.392,11.006],[42.616,11.09],[42.924,10.999],[43.241,11.488]]]},"properties":{"id":"x-DJI","name":"ジブチ","nameEn":"Djibouti","guide":false,"small":false,"center":[42.584,11.819]}},
{"type":"Feature","geometry":{"type":"Polygon","coordinates":[[[43.118,12.708],[43.086,12.821],[42.774,12.862],[42.738,13.018],[42.521,13.236],[42.379,13.223],[42.288,13.575],[42.1,13.654],[41.981,13.838],[41.677,13.94],[41.621,14.064],[41.156,14.642],[40.808,14.703],[40.554,14.99],[40.159,14.982],[40.027,15.237],[40.072,15.351],[39.875,15.504],[39.718,15.264],[39.587,15.531],[39.483,15.615],[39.427,15.82],[39.313,15.894],[39.236,16.109],[39.163,16.628],[38.929,17.397],[38.602,18.005],[38.459,17.891],[38.344,17.656],[38.015,17.54],[37.872,17.437],[37.507,17.318],[37.403,17.03],[37.134,17.016],[37,17.073],[36.985,16.766],[36.877,16.527],[36.944,16.253],[36.76,15.837],[36.671,15.723],[36.525,15.248],[36.424,15.112],[36.526,14.264],[36.748,14.332],[37.073,14.285],[37.121,14.421],[37.294,14.457],[37.565,14.117],[37.891,14.88],[38.007,14.724],[38.229,14.68],[38.427,14.417],[38.866,14.494],[39.075,14.637],[39.208,14.44],[39.489,14.524],[39.767,14.505],[39.911,14.423],[40.105,14.466],[40.422,14.274],[40.833,14.106],[41.044,13.872],[41.192,13.616],[41.712,13.248],[41.947,12.876],[42.137,12.773],[42.379,12.466],[42.522,12.496],[42.678,12.36],[42.852,12.612],[43.118,12.708]]]},"properties":{"id":"x-ERI","name":"エリトリア","nameEn":"Eritrea","guide":false,"small":false,"center":[39.774,15.182]}},
{"type":"Feature","geometry":{"type":"Polygon","coordinates":[[[16.945,48.604],[16.873,48.719],[16.436,48.795],[16.032,48.758],[15.263,48.983],[14.982,49.008],[14.919,48.762],[14.696,48.59],[14.444,48.637],[14.075,48.592],[13.816,48.766],[13.714,48.523],[13.521,48.585],[13.406,48.377],[12.745,48.121],[12.991,47.847],[13.037,47.493],[12.745,47.665],[12.424,47.692],[12.166,47.604],[11.62,47.59],[11.259,47.401],[11.084,47.39],[10.608,47.562],[10.306,47.302],[9.949,47.524],[9.547,47.535],[9.65,47.41],[9.521,47.263],[9.581,47.057],[10.111,46.847],[10.368,46.996],[10.454,46.864],[10.997,46.769],[11.092,46.912],[11.314,46.987],[12.111,46.993],[12.405,46.69],[13.231,46.552],[13.701,46.52],[14.502,46.418],[15.062,46.65],[15.463,46.615],[15.652,46.711],[15.971,46.743],[16.094,46.863],[16.437,47.032],[16.425,47.351],[16.797,47.675],[17.055,47.702],[17.148,48.005],[16.844,48.366],[16.945,48.604]]]},"properties":{"id":"austria","name":"オーストリア","nameEn":"Austria","guide":true,"small":false,"center":[13.335,47.694]}},
{"type":"Feature","geometry":{"type":"Polygon","coordinates":[[[44.766,37.142],[44.578,37.166],[44.234,36.984],[44.223,37.254],[43.99,37.313],[43.894,37.225],[43.48,37.243],[43.084,37.369],[42.772,37.375],[42.561,37.147],[42.357,37.11],[42.282,36.994],[41.844,36.618],[41.415,36.527],[41.277,36.355],[41.241,36.043],[41.364,35.655],[41.261,35.494],[41.192,35.182],[41.196,34.768],[40.988,34.429],[40.69,34.331],[39.88,33.926],[38.775,33.372],[39.057,32.497],[39.046,32.308],[39.146,32.118],[40.424,31.921],[42.075,31.08],[42.859,30.495],[43.89,29.767],[44.692,29.202],[46.357,29.063],[46.532,29.096],[46.853,29.445],[47.11,29.961],[47.358,30.092],[47.674,30.098],[47.948,29.994],[48.209,30.024],[48.531,29.961],[48.397,30.221],[48.158,30.426],[48.014,30.464],[48.015,30.976],[47.673,30.995],[47.679,31.408],[47.831,31.762],[47.396,32.337],[47.343,32.459],[47.121,32.461],[46.716,32.756],[46.273,32.959],[46.097,32.954],[46.155,33.26],[45.886,33.631],[45.659,33.682],[45.42,33.994],[45.534,34.128],[45.448,34.362],[45.501,34.592],[45.835,34.89],[45.857,35.021],[46.165,35.19],[45.964,35.494],[46.06,35.857],[45.814,35.809],[45.348,36.088],[45.239,36.403],[44.991,36.534],[44.996,36.742],[44.831,36.792],[44.881,37.025],[44.766,37.142]]]},"properties":{"id":"iraq","name":"イラク","nameEn":"Iraq","guide":true,"small":false,"center":[43.667,33.219]}},
{"type":"Feature","geometry":{"type":"MultiPolygon","coordinates":[[[[7.022,45.925],[6.801,45.826],[6.983,45.511],[7.161,45.411],[7.062,45.219],[6.603,45.103],[6.728,44.929],[7.019,44.739],[6.839,44.503],[7.033,44.243],[7.381,44.123],[7.692,44.085],[7.502,43.792],[7.96,43.853],[8.145,43.953],[8.466,44.304],[8.762,44.432],[9.231,44.354],[9.772,44.079],[10.106,44.017],[10.264,43.809],[10.326,43.477],[10.547,43.147],[10.5,42.94],[10.99,42.71],[11.187,42.521],[11.658,42.279],[11.827,42.034],[12.147,41.903],[12.239,41.736],[12.619,41.459],[12.894,41.399],[13.045,41.228],[13.324,41.295],[13.722,41.252],[14.052,40.838],[14.294,40.839],[14.544,40.614],[14.752,40.677],[14.998,40.398],[14.911,40.242],[15.41,39.994],[15.61,40.073],[15.782,39.869],[15.868,39.564],[15.995,39.439],[16.083,39.075],[16.22,38.899],[16.121,38.721],[15.844,38.66],[15.905,38.474],[15.786,38.278],[15.651,38.241],[15.666,37.967],[16.09,37.949],[16.169,38.143],[16.57,38.43],[16.539,38.723],[16.839,38.918],[17.128,38.929],[17.159,39.406],[16.75,39.62],[16.516,39.69],[16.632,39.966],[16.605,40.084],[16.912,40.445],[17.05,40.519],[17.512,40.304],[17.848,40.29],[18.007,39.986],[18.384,39.814],[18.517,40.114],[18.437,40.268],[18.007,40.651],[17.476,40.83],[17.057,41.082],[16.594,41.207],[16.022,41.428],[15.925,41.64],[16.193,41.791],[16.027,41.944],[15.446,41.907],[15.123,41.934],[14.741,42.085],[14.075,42.599],[13.945,42.798],[13.835,43.127],[13.617,43.531],[12.947,43.898],[12.71,43.983],[12.369,44.251],[12.254,44.751],[12.527,44.943],[12.376,45.039],[12.273,45.464],[12.488,45.457],[12.944,45.629],[13.131,45.769],[13.726,45.704],[13.712,45.593],[13.779,45.743],[13.581,45.809],[13.623,45.966],[13.365,46.29],[13.701,46.52],[13.231,46.552],[12.405,46.69],[12.111,46.993],[11.314,46.987],[11.092,46.912],[10.997,46.769],[10.454,46.864],[10.295,46.551],[10.133,46.414],[9.674,46.292],[9.263,46.485],[9.225,46.231],[9.002,46.039],[8.602,46.123],[8.427,46.251],[8.442,46.435],[8.077,46.262],[8.111,46.127],[7.831,45.914],[7.541,45.984],[7.184,45.88],[7.022,45.925]],[[12.429,43.892],[12.386,43.925],[12.421,43.967],[12.49,43.939],[12.429,43.892]],[[12.453,41.903],[12.453,41.904],[12.454,41.904],[12.454,41.903],[12.453,41.903]]],[[[15.529,38.303],[15.088,38.128],[14.907,38.188],[14.635,38.081],[14.273,38.015],[14.021,38.049],[13.791,37.974],[13.31,38.22],[13.101,38.19],[12.901,38.028],[12.725,38.126],[12.504,38.011],[12.427,37.797],[12.698,37.563],[12.943,37.569],[13.174,37.487],[13.453,37.299],[13.894,37.101],[14.279,37.044],[14.487,36.793],[15.074,36.659],[15.175,36.944],[15.329,37.028],[15.111,37.322],[15.097,37.494],[15.207,37.748],[15.5,38.085],[15.529,38.303]]],[[[9.792,40.557],[9.573,40.906],[9.546,41.121],[9.231,41.263],[8.764,40.914],[8.521,40.827],[8.31,40.851],[8.134,40.729],[8.312,40.578],[8.463,40.315],[8.49,40.104],[8.398,39.905],[8.555,39.853],[8.387,39.47],[8.372,39.231],[8.643,38.89],[8.841,38.881],[9.018,38.995],[9.079,39.212],[9.558,39.14],[9.645,39.484],[9.732,40.084],[9.626,40.263],[9.792,40.557]]]]},"properties":{"id":"italy","name":"イタリア","nameEn":"Italy","guide":true,"small":false,"center":[12.56,42.502]}},
{"type":"Feature","geometry":{"type":"Polygon","coordinates":[[[10.454,46.864],[10.368,46.996],[10.111,46.847],[9.581,47.057],[9.485,47.176],[9.521,47.263],[9.65,47.41],[9.547,47.535],[9.273,47.65],[8.906,47.652],[8.558,47.801],[8.087,47.567],[7.586,47.585],[7.379,47.431],[7.104,47.496],[7.044,47.34],[6.665,47.021],[6.443,46.944],[6.429,46.761],[6.132,46.596],[6.064,46.471],[6.214,46.315],[6.483,46.449],[6.763,46.429],[6.854,46.123],[7.022,45.925],[7.184,45.88],[7.541,45.984],[7.831,45.914],[8.111,46.127],[8.077,46.262],[8.442,46.435],[8.427,46.251],[8.602,46.123],[9.002,46.039],[9.225,46.231],[9.263,46.485],[9.674,46.292],[10.133,46.414],[10.295,46.551],[10.454,46.864]]]},"properties":{"id":"switzerland","name":"スイス","nameEn":"Switzerland","guide":true,"small":false,"center":[8.211,46.811]}},
{"type":"Feature","geometry":{"type":"Polygon","coordinates":[[[44.807,39.64],[44.566,39.766],[44.459,39.698],[44.405,39.434],[44.061,39.4],[44.139,38.994],[44.275,38.844],[44.29,38.382],[44.425,38.377],[44.22,37.875],[44.596,37.716],[44.566,37.447],[44.802,37.293],[44.766,37.142],[44.881,37.025],[44.831,36.792],[44.996,36.742],[44.991,36.534],[45.239,36.403],[45.348,36.088],[45.814,35.809],[46.06,35.857],[45.964,35.494],[46.165,35.19],[45.857,35.021],[45.835,34.89],[45.501,34.592],[45.448,34.362],[45.534,34.128],[45.42,33.994],[45.659,33.682],[45.886,33.631],[46.155,33.26],[46.097,32.954],[46.273,32.959],[46.716,32.756],[47.121,32.461],[47.343,32.459],[47.396,32.337],[47.831,31.762],[47.679,31.408],[47.673,30.995],[48.015,30.976],[48.014,30.464],[48.158,30.426],[48.397,30.221],[48.531,29.961],[48.935,30.08],[48.862,30.346],[49.245,30.156],[49.48,30.156],[49.601,30.03],[49.915,30.204],[50.073,30.196],[50.145,29.938],[50.397,29.655],[50.655,29.449],[50.644,29.143],[50.92,29.069],[50.813,28.915],[51.059,28.736],[51.142,28.401],[51.265,28.27],[51.38,27.991],[51.585,27.849],[52.011,27.833],[52.568,27.541],[52.601,27.353],[53.072,27.097],[53.412,26.994],[53.492,26.854],[53.716,26.709],[53.995,26.746],[54.308,26.715],[54.389,26.605],[54.802,26.498],[55.271,26.793],[55.554,26.811],[55.685,27.003],[55.939,27.027],[56.124,27.161],[56.353,27.202],[56.809,27.14],[56.973,26.969],[57.09,26.619],[57.076,26.447],[57.165,26.095],[57.326,25.777],[57.963,25.693],[58.073,25.564],[58.546,25.594],[58.814,25.564],[59.117,25.394],[59.454,25.462],[59.904,25.33],[60.363,25.331],[60.55,25.447],[60.633,25.275],[61.031,25.21],[61.412,25.059],[61.588,25.202],[61.66,25.769],[61.76,25.838],[61.857,26.242],[62.243,26.351],[62.292,26.501],[62.754,26.644],[63.141,26.625],[63.265,26.89],[63.252,27.219],[62.801,27.225],[62.815,27.495],[62.736,27.995],[62.766,28.211],[62.576,28.229],[62.363,28.419],[61.893,28.543],[61.653,28.756],[61.279,29.407],[60.844,29.858],[61.785,30.831],[61.826,31.035],[61.661,31.382],[60.855,31.483],[60.793,31.66],[60.775,32.027],[60.83,32.249],[60.578,32.994],[60.568,33.151],[60.819,33.405],[60.88,33.549],[60.512,33.638],[60.487,34.094],[60.644,34.307],[60.89,34.319],[60.714,34.537],[60.948,34.638],[61.065,34.815],[61.108,35.278],[61.27,35.618],[61.223,36.118],[61.075,36.648],[60.342,36.637],[60.019,37.026],[59.509,37.19],[59.37,37.319],[59.352,37.494],[58.861,37.668],[58.514,37.691],[58.372,37.63],[58.181,37.775],[57.691,37.92],[57.352,37.968],[57.218,38.265],[57.038,38.187],[56.739,38.27],[56.436,38.255],[56.3,38.08],[55.978,38.066],[55.709,38.119],[55.423,38.076],[55.13,37.952],[54.857,37.761],[54.784,37.517],[54.187,37.324],[53.914,37.343],[54.034,36.949],[54.014,36.821],[53.701,36.817],[53.492,36.888],[52.779,36.74],[51.909,36.583],[51.089,36.737],[50.479,37.035],[50.149,37.404],[49.442,37.495],[49.132,37.623],[49.014,37.739],[48.908,38.083],[48.874,38.434],[48.608,38.396],[48.21,38.73],[48.013,38.822],[48.059,38.948],[48.307,39.045],[48.125,39.298],[48.339,39.379],[48.052,39.65],[47.847,39.685],[46.866,39.165],[46.514,38.882],[46.136,38.864],[45.439,39.004],[45.348,39.164],[45.179,39.22],[44.807,39.64]]]},"properties":{"id":"x-IRN","name":"イラン","nameEn":"Iran","guide":false,"small":false,"center":[53.667,32.415]}},
{"type":"Feature","geometry":{"type":"Polygon","coordinates":[[[-68.212,12.228],[-68.4,12.304],[-68.417,12.257],[-68.303,12.203],[-68.212,12.228]]]},"properties":{"id":"x-BES","name":"カリブ・オランダ","nameEn":"Caribbean Netherlands","guide":false,"small":true,"center":[-68.304,12.166]}},
{"type":"Feature","geometry":{"type":"MultiPolygon","coordinates":[[[[7.195,53.245],[6.73,53.461],[5.981,53.406],[5.592,53.303],[5.379,53.097],[4.913,52.906],[4.745,52.968],[4.508,52.336],[4.142,52.006],[4.01,51.98],[4.118,51.631],[3.56,51.595],[3.535,51.459],[3.943,51.45],[4.261,51.369],[4.731,51.486],[5.215,51.259],[5.472,51.288],[5.841,51.139],[5.641,50.815],[5.995,50.75],[5.983,51.075],[6.184,51.336],[6.193,51.509],[5.928,51.807],[6.382,51.828],[6.717,51.899],[6.766,52.108],[7.026,52.231],[7.048,52.365],[6.695,52.476],[6.702,52.619],[7.037,52.647],[7.184,52.966],[7.195,53.245]]],[[[3.349,51.375],[3.927,51.206],[4.221,51.368],[3.349,51.375]]]]},"properties":{"id":"netherlands","name":"オランダ","nameEn":"Netherlands","guide":true,"small":false,"center":[5.323,52.104]}},
{"type":"Feature","geometry":{"type":"Polygon","coordinates":[[[9.521,47.263],[9.485,47.176],[9.581,47.057],[9.521,47.263]]]},"properties":{"id":"liechtenstein","name":"リヒテンシュタイン","nameEn":"Liechtenstein","guide":true,"small":true,"center":[9.546,47.158]}},
{"type":"Feature","geometry":{"type":"Polygon","coordinates":[[[-7.99,10.162],[-8.174,9.942],[-8.124,9.845],[-8.162,9.576],[-8.087,9.415],[-7.865,9.41],[-7.93,9.184],[-7.959,8.782],[-7.804,8.749],[-7.692,8.606],[-7.771,8.387],[-7.971,8.497],[-8.2,8.492],[-8.266,8.246],[-8.022,8.118],[-8.129,7.883],[-8.127,7.713],[-8.229,7.544],[-8.485,7.558],[-8.444,7.537],[-8.284,7.018],[-8.352,6.755],[-8.566,6.551],[-8.389,6.355],[-8.171,6.274],[-7.935,6.271],[-7.8,5.974],[-7.559,5.84],[-7.447,5.846],[-7.394,5.524],[-7.489,5.141],[-7.605,4.897],[-7.541,4.353],[-7.457,4.344],[-6.914,4.656],[-5.851,5.03],[-5.525,5.1],[-4.785,5.144],[-4.125,5.307],[-3.841,5.201],[-3.312,5.12],[-2.947,5.177],[-2.844,5.149],[-2.733,5.356],[-2.782,5.579],[-2.97,5.621],[-3.263,6.617],[-3.225,6.849],[-3.046,7.071],[-2.942,7.577],[-2.84,7.82],[-2.619,8.123],[-2.506,8.209],[-2.619,8.924],[-2.775,9.055],[-2.66,9.273],[-2.689,9.489],[-2.764,9.392],[-2.99,9.708],[-3.137,9.83],[-3.662,9.949],[-4.27,9.744],[-4.323,9.609],[-4.604,9.727],[-4.705,9.702],[-4.838,9.869],[-4.966,9.901],[-5.112,10.279],[-5.403,10.301],[-5.523,10.425],[-5.806,10.413],[-6.016,10.19],[-6.181,10.216],[-6.208,10.638],[-6.28,10.723],[-6.521,10.564],[-6.668,10.651],[-6.7,10.342],[-6.973,10.332],[-6.959,10.186],[-7.347,10.248],[-7.466,10.429],[-7.709,10.402],[-7.829,10.212],[-7.99,10.162]]]},"properties":{"id":"x-CIV","name":"コートジボワール","nameEn":"Côte d'Ivoire","guide":false,"small":false,"center":[-5.563,7.535]}},
{"type":"Feature","geometry":{"type":"Polygon","coordinates":[[[20.243,46.108],[19.55,46.164],[19.263,45.981],[18.901,45.931],[18.845,45.816],[19.018,45.567],[18.976,45.391],[19.29,45.236],[19.082,45.085],[19.016,44.866],[19.369,44.887],[19.328,44.734],[19.13,44.518],[19.177,44.287],[19.619,44.036],[19.275,43.933],[19.462,43.762],[19.195,43.533],[19.619,43.168],[19.929,43.114],[20.345,42.827],[20.839,43.17],[21.093,43.091],[21.379,42.744],[21.739,42.682],[21.564,42.246],[21.942,42.333],[22.345,42.313],[22.509,42.405],[22.43,42.571],[22.506,42.87],[22.727,42.887],[22.935,43.086],[22.805,43.329],[22.519,43.474],[22.349,43.808],[22.4,43.993],[22.605,44.079],[22.692,44.228],[22.32,44.685],[22.185,44.515],[22.004,44.652],[21.656,44.688],[21.369,44.865],[21.493,45.145],[20.981,45.333],[20.761,45.493],[20.713,45.733],[20.243,46.108]]]},"properties":{"id":"serbia","name":"セルビア","nameEn":"Serbia","guide":true,"small":false,"center":[20.915,44.204]}},
{"type":"Feature","geometry":{"type":"Polygon","coordinates":[[[-12.264,14.775],[-12.166,14.625],[-12.222,14.391],[-11.998,14.166],[-11.963,13.909],[-12.098,13.704],[-11.997,13.544],[-11.613,13.361],[-11.533,13.112],[-11.45,13.075],[-11.402,12.732],[-11.461,12.658],[-11.388,12.404],[-11.508,12.192],[-11.351,12.04],[-11.191,12.014],[-11.052,12.203],[-10.91,12.2],[-10.711,11.89],[-10.381,12.18],[-10.267,12.218],[-9.723,12.025],[-9.628,12.17],[-9.308,12.345],[-9.322,12.497],[-8.994,12.388],[-8.926,12.064],[-8.797,11.913],[-8.847,11.658],[-8.528,11.423],[-8.506,11.053],[-8.311,11.001],[-8.296,10.537],[-8.229,10.423],[-8.016,10.339],[-7.99,10.162],[-7.829,10.212],[-7.709,10.402],[-7.466,10.429],[-7.347,10.248],[-6.959,10.186],[-6.973,10.332],[-6.7,10.342],[-6.668,10.651],[-6.521,10.564],[-6.28,10.723],[-6.208,10.638],[-6.181,10.216],[-6.016,10.19],[-5.806,10.413],[-5.523,10.425],[-5.431,10.845],[-5.49,11.082],[-5.322,11.136],[-5.218,11.422],[-5.308,11.629],[-5.268,11.843],[-5.168,11.944],[-4.807,11.996],[-4.406,12.307],[-4.387,12.53],[-4.229,12.949],[-4.351,13.118],[-3.984,13.396],[-3.799,13.347],[-3.597,13.199],[-3.249,13.293],[-3.26,13.658],[-3.068,13.607],[-2.895,13.652],[-2.928,13.8],[-2.841,14.043],[-2.462,14.281],[-2.152,14.156],[-2.023,14.199],[-1.967,14.484],[-1.697,14.496],[-1.35,14.715],[-1.043,14.818],[-0.753,15.07],[-0.237,15.066],[0.218,14.911],[0.515,14.994],[0.67,14.94],[0.974,14.991],[1.332,15.284],[3,15.339],[3.073,15.427],[3.507,15.354],[3.527,15.496],[3.871,15.715],[4.061,16.298],[4.184,16.416],[4.182,16.81],[4.236,16.996],[4.232,18.153],[4.229,19.142],[3.308,18.982],[3.103,19.154],[3.258,19.41],[3.199,19.554],[3.217,19.794],[2.946,19.942],[2.4,20.057],[2.182,20.279],[2.056,20.215],[1.778,20.304],[1.644,20.523],[1.145,20.796],[1.147,21.102],[-0.01,21.858],[-0.964,22.481],[-2.523,23.501],[-3.449,24.106],[-4.822,24.995],[-6.593,24.994],[-6.375,23.15],[-6.219,21.823],[-6.114,20.92],[-5.964,19.621],[-5.756,17.741],[-5.623,16.528],[-5.353,16.312],[-5.511,15.496],[-6.674,15.495],[-8.327,15.495],[-9.349,15.496],[-9.836,15.371],[-10.132,15.373],[-10.309,15.435],[-10.736,15.423],[-10.915,15.103],[-11.045,15.27],[-11.298,15.451],[-11.41,15.602],[-11.727,15.541],[-11.846,15.179],[-11.837,14.893],[-11.974,14.78],[-12.264,14.775]]]},"properties":{"id":"mali","name":"マリ共和国","nameEn":"Mali","guide":true,"small":false,"center":[-4.014,17.568]}},
{"type":"Feature","geometry":{"type":"Polygon","coordinates":[[[-12.264,14.775],[-12.472,14.998],[-12.857,15.222],[-12.964,15.509],[-13.238,15.623],[-13.314,15.922],[-13.485,16.155],[-13.811,16.122],[-14.016,16.356],[-14.343,16.637],[-14.931,16.643],[-15.125,16.583],[-15.491,16.565],[-15.672,16.481],[-16.327,16.475],[-16.466,16.174],[-16.542,15.809],[-16.878,15.233],[-17.139,14.928],[-17.371,14.8],[-17.178,14.653],[-16.94,14.356],[-16.803,14.108],[-16.71,13.774],[-16.561,13.587],[-15.518,13.583],[-15.394,13.772],[-15.098,13.82],[-14.916,13.792],[-14.729,13.619],[-14.586,13.66],[-14.33,13.456],[-13.967,13.576],[-13.851,13.336],[-14.202,13.23],[-14.395,13.243],[-14.592,13.353],[-15.015,13.496],[-15.228,13.425],[-15.823,13.319],[-15.833,13.157],[-16.674,13.164],[-16.754,13.065],[-16.799,12.431],[-16.728,12.333],[-16.382,12.374],[-16.233,12.453],[-15.677,12.439],[-15.195,12.679],[-13.728,12.673],[-13.076,12.636],[-12.773,12.435],[-12.505,12.39],[-12.361,12.306],[-12.079,12.408],[-11.758,12.383],[-11.388,12.404],[-11.461,12.658],[-11.402,12.732],[-11.45,13.075],[-11.533,13.112],[-11.613,13.361],[-11.997,13.544],[-12.098,13.704],[-11.963,13.909],[-11.998,14.166],[-12.222,14.391],[-12.166,14.625],[-12.264,14.775]]]},"properties":{"id":"senegal","name":"セネガル","nameEn":"Senegal","guide":true,"small":false,"center":[-14.457,14.498]}},
{"type":"Feature","geometry":{"type":"Polygon","coordinates":[[[3.596,11.696],[3.483,11.392],[3.722,11.112],[3.731,10.825],[3.837,10.6],[3.757,10.405],[3.572,10.286],[3.656,10.175],[3.513,9.847],[3.129,9.43],[3.091,9.126],[2.769,9.057],[2.723,8.772],[2.735,8.212],[2.672,7.89],[2.774,7.051],[2.715,6.98],[2.779,6.699],[2.704,6.368],[3.385,6.398],[3.541,6.455],[4.126,6.41],[4.406,6.359],[4.717,6.164],[5.007,5.849],[5.198,5.501],[5.34,5.344],[5.364,5.172],[5.595,4.636],[5.946,4.335],[6.097,4.278],[6.969,4.375],[7.178,4.501],[7.17,4.606],[7.558,4.525],[8.298,4.553],[8.594,4.815],[8.799,5.16],[8.894,5.622],[8.856,5.847],[9.588,6.503],[9.693,6.531],[9.77,6.774],[9.875,6.788],[10.119,6.994],[10.238,6.871],[10.496,6.875],[10.603,7.058],[10.832,6.945],[10.877,6.816],[11.056,6.7],[11.097,6.449],[11.319,6.437],[11.51,6.612],[11.623,6.932],[11.881,7.102],[11.78,7.241],[12.025,7.597],[12.055,7.784],[12.198,7.975],[12.25,8.419],[12.377,8.595],[12.66,8.659],[12.806,8.832],[12.862,9.383],[13.195,9.542],[13.263,9.802],[13.248,10.079],[13.435,10.153],[13.566,10.679],[13.755,11.017],[13.982,11.276],[14.165,11.238],[14.594,11.496],[14.547,11.719],[14.67,12.167],[14.514,12.324],[14.18,12.386],[14.177,12.546],[14.065,13.078],[13.607,13.704],[13.36,13.714],[13.228,13.548],[12.884,13.496],[12.683,13.289],[12.561,13.243],[12.473,13.064],[12.058,13.117],[11.853,13.245],[11.44,13.364],[10.675,13.375],[10.162,13.267],[9.93,13.146],[9.641,12.823],[9.269,12.81],[8.679,12.924],[8.534,13.065],[8.398,13.075],[8.078,13.31],[7.756,13.327],[7.392,13.113],[7.198,13.117],[7.09,13.006],[6.907,13.007],[6.673,13.321],[6.369,13.626],[6.12,13.654],[5.554,13.873],[5.274,13.753],[4.857,13.774],[4.507,13.695],[4.248,13.494],[4.126,13.473],[4.089,12.996],[3.929,12.75],[3.646,12.529],[3.651,12.269],[3.596,11.696]]]},"properties":{"id":"nigeria","name":"ナイジェリア","nameEn":"Nigeria","guide":true,"small":false,"center":[8.671,9.076]}},
{"type":"Feature","geometry":{"type":"Polygon","coordinates":[[[3.596,11.696],[3.503,11.83],[3.293,11.919],[3.255,12.019],[2.844,12.399],[2.361,12.219],[2.39,11.897],[2.291,11.675],[2.011,11.427],[1.602,11.389],[1.434,11.459],[1.268,11.248],[1.131,11.248],[1.035,11.049],[0.901,10.993],[0.781,10.693],[0.769,10.367],[1.331,9.996],[1.351,9.595],[1.425,9.284],[1.601,9.05],[1.621,7.997],[1.626,6.997],[1.566,6.678],[1.744,6.426],[1.782,6.277],[1.62,6.214],[1.885,6.275],[2.704,6.368],[2.779,6.699],[2.715,6.98],[2.774,7.051],[2.672,7.89],[2.735,8.212],[2.723,8.772],[2.769,9.057],[3.091,9.126],[3.129,9.43],[3.513,9.847],[3.656,10.175],[3.572,10.286],[3.757,10.405],[3.837,10.6],[3.731,10.825],[3.722,11.112],[3.483,11.392],[3.596,11.696]]]},"properties":{"id":"x-BEN","name":"ベナン","nameEn":"Benin","guide":false,"small":false,"center":[2.299,9.307]}},
{"type":"Feature","geometry":{"type":"MultiPolygon","coordinates":[[[[13.074,-4.635],[12.762,-4.391],[12.608,-4.565],[12.378,-4.619],[12.01,-5.02],[12.125,-5.185],[12.232,-5.48],[12.147,-5.618],[12.211,-5.763],[12.509,-5.726],[12.531,-5.163],[12.444,-5.055],[12.679,-4.924],[12.833,-4.723],[13.074,-4.635]]],[[[23.967,-10.872],[23.834,-11.028],[23.495,-10.964],[23.014,-11.102],[22.728,-11.097],[22.538,-11.037],[22.282,-11.237],[22.165,-10.852],[22.322,-10.742],[22.274,-10.503],[22.313,-10.369],[22.16,-9.931],[21.854,-9.618],[21.793,-9.394],[21.841,-9.276],[21.86,-8.846],[21.936,-8.413],[21.758,-8.015],[21.854,-7.586],[21.785,-7.283],[20.521,-7.286],[20.611,-6.916],[20.331,-6.917],[20.294,-7.002],[19.522,-7.002],[19.476,-7.316],[19.513,-7.479],[19.425,-7.58],[19.334,-7.867],[19.356,-8.002],[18.177,-7.999],[18.098,-8.109],[17.901,-8.048],[17.537,-8.015],[16.996,-7.298],[16.927,-6.889],[16.833,-6.828],[16.731,-6.57],[16.727,-6.189],[16.597,-5.925],[16.316,-5.855],[14.704,-5.881],[14.577,-5.905],[14.021,-5.873],[13.184,-5.856],[12.928,-5.981],[12.646,-6.029],[12.279,-6.148],[12.62,-6.735],[12.815,-6.947],[12.85,-7.266],[13.277,-8.179],[13.369,-8.323],[13.38,-8.755],[13.212,-8.815],[12.996,-9.094],[13.171,-9.403],[13.199,-9.709],[13.317,-9.976],[13.509,-10.277],[13.523,-10.388],[13.753,-10.646],[13.847,-11.114],[13.794,-11.341],[13.795,-11.77],[13.64,-12.249],[13.364,-12.593],[13.179,-12.602],[12.939,-12.817],[12.945,-12.982],[12.513,-13.442],[12.502,-13.855],[12.329,-14.092],[12.331,-14.434],[12.273,-14.751],[12.056,-15.233],[11.992,-15.617],[11.737,-15.9],[11.822,-16.479],[11.82,-16.781],[11.766,-17.253],[12.095,-17.14],[12.243,-17.225],[12.555,-17.236],[12.887,-17.03],[13.166,-16.951],[13.364,-16.964],[13.521,-17.122],[13.943,-17.408],[14.207,-17.388],[15.057,-17.388],[16.34,-17.389],[17.623,-17.389],[18.454,-17.39],[18.762,-17.748],[19.021,-17.822],[19.421,-17.859],[19.673,-17.843],[20.034,-17.896],[20.336,-17.855],[20.565,-17.985],[20.806,-18.031],[21.217,-17.931],[21.381,-18.013],[22.231,-17.858],[23.382,-17.641],[23.073,-17.405],[22.999,-17.294],[22.756,-17.155],[22.334,-16.674],[22.152,-16.598],[21.984,-16.166],[21.981,-14.358],[21.98,-13.001],[23.223,-13.001],[24.001,-13.001],[23.866,-12.79],[24.031,-12.385],[23.96,-12.197],[23.96,-11.617],[24.061,-11.395],[23.967,-10.872]]]]},"properties":{"id":"x-AGO","name":"アンゴラ","nameEn":"Angola","guide":false,"small":false,"center":[17.899,-11.937]}},
{"type":"Feature","geometry":{"type":"MultiPolygon","coordinates":[[[[16.515,46.502],[16.344,46.547],[16.192,46.37],[15.661,46.215],[15.666,45.832],[15.249,45.712],[15.314,45.451],[15.139,45.43],[14.668,45.534],[13.889,45.424],[13.59,45.489],[13.513,45.436],[13.644,45.071],[13.86,44.826],[13.973,44.827],[14.233,45.149],[14.33,45.354],[14.827,45.114],[14.922,44.959],[14.901,44.69],[15.308,44.354],[15.145,44.195],[15.466,43.922],[15.931,43.677],[16.098,43.48],[16.434,43.55],[16.881,43.406],[17.073,43.239],[17.581,42.942],[17.442,43.152],[17.085,43.513],[16.216,44.208],[16.116,44.521],[15.717,44.786],[15.78,45.16],[15.998,45.219],[16.341,45.006],[16.482,45.2],[16.786,45.179],[16.933,45.279],[17.187,45.149],[17.836,45.064],[18.238,45.157],[18.617,45.098],[19.016,44.866],[19.082,45.085],[19.29,45.236],[18.976,45.391],[19.018,45.567],[18.845,45.816],[18.901,45.931],[18.674,45.91],[18.412,45.743],[17.89,45.792],[17.591,45.936],[17.345,45.956],[16.975,46.211],[16.838,46.382],[16.515,46.502]]],[[[18.437,42.559],[17.653,42.891],[18.218,42.62],[18.496,42.416],[18.437,42.559]]],[[[14.723,44.943],[14.665,45.162],[14.425,45.087],[14.723,44.943]]]]},"properties":{"id":"croatia","name":"クロアチア","nameEn":"Croatia","guide":true,"small":false,"center":[16.455,44.745]}},
{"type":"Feature","geometry":{"type":"Polygon","coordinates":[[[13.59,45.489],[13.889,45.424],[14.668,45.534],[15.139,45.43],[15.314,45.451],[15.249,45.712],[15.666,45.832],[15.661,46.215],[16.192,46.37],[16.344,46.547],[16.515,46.502],[16.272,46.864],[16.094,46.863],[15.971,46.743],[15.652,46.711],[15.463,46.615],[15.062,46.65],[14.502,46.418],[13.701,46.52],[13.365,46.29],[13.623,45.966],[13.581,45.809],[13.779,45.743],[13.712,45.593],[13.59,45.489]]]},"properties":{"id":"slovenia","name":"スロベニア","nameEn":"Slovenia","guide":true,"small":false,"center":[14.94,46.144]}},
{"type":"Feature","geometry":{"type":"Polygon","coordinates":[[[50.808,24.747],[50.979,24.568],[51.215,24.626],[51.444,24.68],[51.587,24.953],[51.617,25.137],[51.472,25.521],[51.577,25.881],[51.388,25.967],[51.251,26.16],[51.047,26.053],[50.751,25.42],[50.776,25.092],[50.851,24.891],[50.808,24.747]]]},"properties":{"id":"qatar","name":"カタール","nameEn":"Qatar","guide":true,"small":true,"center":[51.184,25.36]}},
{"type":"Feature","geometry":{"type":"Polygon","coordinates":[[[50.808,24.747],[50.562,25.055],[50.463,25.447],[50.234,25.615],[50.101,25.989],[50.216,26.215],[50.192,26.404],[50.031,26.495],[49.942,26.858],[49.699,26.958],[49.516,27.188],[49.305,27.326],[49.089,27.551],[48.873,27.612],[48.878,27.837],[48.606,28.126],[48.495,28.5],[48.433,28.54],[47.668,28.534],[47.434,28.995],[46.532,29.096],[46.357,29.063],[44.692,29.202],[43.89,29.767],[42.859,30.495],[42.075,31.08],[40.424,31.921],[39.146,32.118],[38.963,31.994],[36.96,31.491],[37.48,31.007],[37.981,30.499],[37.635,30.313],[37.47,29.995],[36.756,29.866],[36.477,29.495],[36.016,29.19],[34.949,29.352],[34.778,28.665],[34.804,28.527],[34.627,28.161],[34.901,28.082],[35.052,28.12],[35.323,27.876],[35.56,27.456],[35.813,27.191],[35.832,27.093],[36.23,26.626],[36.537,26.082],[36.696,26.022],[36.663,25.856],[36.936,25.646],[37.105,25.322],[37.23,25.194],[37.28,24.964],[37.149,24.851],[37.457,24.441],[37.523,24.268],[37.676,24.291],[38.079,24.07],[38.453,23.784],[38.6,23.568],[38.814,22.983],[38.958,22.775],[39.143,22.391],[39.04,22.236],[38.979,21.862],[39.171,21.404],[39.081,21.315],[39.297,20.928],[39.506,20.746],[39.646,20.462],[39.923,20.264],[40.068,20.287],[40.523,19.972],[40.785,19.596],[40.945,19.506],[40.956,19.343],[41.137,18.958],[41.249,18.834],[41.21,18.698],[41.438,18.464],[41.451,18.356],[41.719,17.909],[42.094,17.652],[42.302,17.454],[42.339,17.174],[42.544,17.004],[42.542,16.878],[42.737,16.671],[42.789,16.371],[43.036,16.536],[43.209,16.773],[43.109,16.927],[43.165,17.326],[43.391,17.512],[43.503,17.513],[43.751,17.346],[44.104,17.352],[44.404,17.419],[45.165,17.428],[45.43,17.312],[46.323,17.224],[46.71,17.275],[46.97,16.957],[47.191,16.959],[47.428,17.092],[47.589,17.463],[48.162,18.149],[49.129,18.612],[51.02,18.867],[51.979,18.996],[53.63,19.546],[54.978,19.995],[55.303,20.971],[55.638,21.979],[55.187,22.704],[55.105,22.621],[54.134,22.74],[52.583,22.931],[52.538,22.955],[51.594,24.078],[51.569,24.256],[51.306,24.406],[51.215,24.626],[50.979,24.568],[50.808,24.747]]]},"properties":{"id":"x-SAU","name":"サウジアラビア","nameEn":"Saudi Arabia","guide":false,"small":false,"center":[45.105,24.246]}},
{"type":"Feature","geometry":{"type":"Polygon","coordinates":[[[25.26,-17.794],[24.958,-17.801],[24.725,-17.896],[24.578,-18.044],[24.422,-17.956],[24.183,-18.029],[23.645,-18.466],[23.311,-18.01],[22.981,-18.02],[21.476,-18.3],[20.975,-18.319],[20.978,-19.876],[20.98,-20.626],[20.985,-21.964],[20.972,-22.001],[19.978,-22.001],[19.98,-23.721],[19.981,-24.752],[20.365,-25.033],[20.794,-25.894],[20.841,-26.131],[20.623,-26.428],[20.609,-26.686],[20.694,-26.889],[20.852,-26.807],[21.122,-26.865],[21.381,-26.824],[21.687,-26.855],[21.767,-26.704],[22.058,-26.618],[22.257,-26.341],[22.545,-26.207],[22.719,-25.984],[22.845,-25.481],[23.007,-25.311],[23.459,-25.282],[23.925,-25.629],[24.228,-25.649],[24.297,-25.723],[24.799,-25.829],[25.052,-25.738],[25.386,-25.744],[25.587,-25.62],[25.877,-24.886],[25.868,-24.748],[26.279,-24.628],[26.404,-24.633],[26.531,-24.459],[26.85,-24.248],[27.004,-23.646],[27.35,-23.391],[27.549,-23.361],[27.608,-23.217],[27.896,-23.079],[27.937,-22.964],[28.339,-22.585],[28.624,-22.563],[28.913,-22.454],[29.048,-22.22],[29.35,-22.187],[29.022,-21.983],[29.039,-21.798],[28.63,-21.651],[28.465,-21.66],[27.99,-21.552],[27.885,-21.31],[27.675,-21.09],[27.698,-20.509],[27.341,-20.473],[27.215,-20.11],[26.731,-19.936],[26.13,-19.501],[25.957,-19.122],[25.941,-18.921],[25.815,-18.814],[25.762,-18.63],[25.508,-18.399],[25.388,-18.139],[25.226,-17.932],[25.26,-17.794]]]},"properties":{"id":"botswana","name":"ボツワナ","nameEn":"Botswana","guide":true,"small":false,"center":[24.664,-22.337]}},
{"type":"Feature","geometry":{"type":"Polygon","coordinates":[[[25.26,-17.794],[25.226,-17.932],[25.388,-18.139],[25.508,-18.399],[25.762,-18.63],[25.815,-18.814],[25.941,-18.921],[25.957,-19.122],[26.13,-19.501],[26.731,-19.936],[27.215,-20.11],[27.341,-20.473],[27.698,-20.509],[27.675,-21.09],[27.885,-21.31],[27.99,-21.552],[28.465,-21.66],[28.63,-21.651],[29.039,-21.798],[29.022,-21.983],[29.35,-22.187],[29.759,-22.131],[30.301,-22.337],[30.838,-22.282],[31.289,-22.397],[31.434,-22.302],[32.409,-21.29],[32.34,-21.134],[32.497,-20.898],[32.469,-20.687],[32.646,-20.558],[32.845,-20.287],[33.033,-19.784],[32.816,-19.652],[32.769,-19.364],[32.862,-19.118],[32.691,-19.014],[32.691,-18.834],[32.885,-18.788],[32.871,-18.536],[32.996,-18.467],[32.937,-18.047],[33.022,-17.361],[32.829,-16.935],[32.893,-16.712],[32.29,-16.452],[31.91,-16.429],[31.686,-16.207],[31.405,-16.162],[31.26,-16.023],[30.973,-16.062],[30.857,-15.998],[30.403,-16.001],[30.396,-15.636],[29.837,-15.615],[29.407,-15.714],[29.186,-15.813],[28.871,-16.087],[28.823,-16.471],[28.28,-16.707],[27.777,-17.001],[27.577,-17.363],[27.157,-17.769],[27.048,-17.944],[26.712,-18.066],[26.203,-17.887],[25.979,-17.999],[25.681,-17.811],[25.496,-17.855],[25.26,-17.794]]]},"properties":{"id":"x-ZWE","name":"ジンバブエ","nameEn":"Zimbabwe","guide":false,"small":false,"center":[29.131,-19.006]}},
{"type":"Feature","geometry":{"type":"Polygon","coordinates":[[[76.777,35.646],[76.571,35.751],[76.565,35.865],[76.166,35.806],[76.061,35.992],[75.894,36.097],[76.014,36.23],[75.977,36.463],[75.791,36.688],[75.411,36.747],[75.351,36.916],[75.1,36.994],[74.91,36.963],[74.542,37.022],[74.094,36.831],[73.64,36.897],[72.565,36.821],[72.214,36.726],[71.736,36.396],[71.629,36.46],[71.171,36.027],[71.342,35.947],[71.593,35.549],[71.53,35.301],[71.634,35.203],[71.46,34.943],[71.289,34.875],[71.081,34.673],[70.971,34.469],[71.122,34.357],[71.047,34.042],[70.862,33.965],[70.522,33.939],[70.003,34.044],[69.841,33.942],[69.958,33.753],[70.108,33.727],[70.155,33.507],[70.294,33.319],[69.881,33.089],[69.548,33.075],[69.429,32.667],[69.228,32.421],[69.299,31.938],[69.004,31.651],[68.777,31.619],[68.676,31.775],[68.356,31.763],[68.126,31.811],[67.597,31.426],[67.749,31.328],[67.346,31.208],[67.023,31.239],[66.943,31.315],[66.697,31.196],[66.55,30.977],[66.366,30.923],[66.268,30.601],[66.322,30.437],[66.196,29.835],[65.036,29.54],[64.478,29.57],[64.173,29.484],[64.086,29.387],[63.569,29.497],[62.478,29.408],[61.613,29.639],[60.844,29.858],[61.279,29.407],[61.653,28.756],[61.893,28.543],[62.363,28.419],[62.576,28.229],[62.766,28.211],[62.736,27.995],[62.815,27.495],[62.801,27.225],[63.252,27.219],[63.265,26.89],[63.141,26.625],[62.754,26.644],[62.292,26.501],[62.243,26.351],[61.857,26.242],[61.76,25.838],[61.66,25.769],[61.588,25.202],[61.881,25.103],[62.08,25.197],[62.366,25.179],[62.477,25.259],[63.028,25.22],[63.178,25.258],[63.5,25.194],[63.573,25.365],[64.067,25.346],[64.663,25.229],[64.807,25.329],[65.155,25.296],[65.395,25.392],[65.672,25.347],[65.858,25.418],[66.252,25.473],[66.437,25.598],[66.718,25.231],[66.68,24.831],[66.965,24.844],[67.176,24.758],[67.3,24.186],[67.632,23.803],[67.865,23.866],[68.102,23.734],[68.183,23.842],[68.432,23.967],[68.724,23.965],[68.726,24.289],[68.981,24.255],[69.563,24.277],[69.671,24.189],[69.972,24.165],[70.11,24.305],[70.563,24.424],[70.56,24.287],[70.755,24.231],[70.918,24.362],[70.955,24.585],[71.064,24.683],[70.86,25.139],[70.647,25.431],[70.657,25.634],[70.265,25.697],[70.065,25.98],[70.132,26.18],[70.158,26.53],[69.816,26.58],[69.465,26.808],[69.576,27.188],[70.017,27.601],[70.091,27.794],[70.342,28.011],[70.633,27.932],[70.71,27.741],[70.832,27.701],[71.311,27.862],[71.561,27.869],[71.861,27.95],[71.892,28.097],[72.15,28.354],[72.256,28.646],[72.382,28.784],[72.902,29.023],[73.233,29.537],[73.37,29.927],[73.74,30.048],[73.944,30.188],[73.852,30.373],[74.164,30.665],[74.33,30.9],[74.601,31.057],[74.506,31.175],[74.612,31.44],[74.489,31.711],[74.566,31.841],[74.829,32.025],[75.295,32.149],[75.359,32.262],[75.024,32.466],[74.725,32.461],[74.65,32.723],[74.419,32.785],[74.322,32.972],[74.002,33.178],[74.142,33.549],[73.977,33.648],[74.035,33.829],[73.946,34.01],[73.998,34.197],[73.775,34.371],[73.962,34.668],[74.286,34.769],[75.348,34.557],[75.777,34.504],[76.023,34.677],[76.553,34.726],[76.921,34.921],[77.049,35.11],[76.777,35.646]]]},"properties":{"id":"pakistan","name":"パキスタン","nameEn":"Pakistan","guide":true,"small":false,"center":[68.947,30.375]}},
{"type":"Feature","geometry":{"type":"Polygon","coordinates":[[[26.333,41.713],[26.624,41.969],[26.939,41.996],[27.273,42.092],[27.533,41.908],[27.808,41.993],[28.017,41.973],[27.511,42.553],[27.743,42.716],[27.892,42.711],[27.885,43.009],[28.092,43.364],[28.459,43.381],[28.604,43.538],[28.578,43.741],[28.221,43.762],[27.981,43.849],[27.936,43.964],[27.384,44.015],[27.027,44.177],[26.151,44.012],[25.781,43.732],[25.36,43.654],[24.964,43.75],[24.5,43.799],[24.159,43.753],[23.325,43.887],[22.92,43.834],[22.886,43.995],[22.692,44.228],[22.605,44.079],[22.4,43.993],[22.349,43.808],[22.519,43.474],[22.805,43.329],[22.935,43.086],[22.727,42.887],[22.506,42.87],[22.43,42.571],[22.509,42.405],[22.345,42.313],[22.531,42.129],[22.844,42.014],[23.01,41.716],[22.917,41.336],[23.288,41.398],[23.612,41.371],[24.047,41.526],[24.531,41.548],[24.596,41.43],[24.886,41.401],[25.286,41.239],[25.551,41.316],[25.882,41.304],[26.121,41.358],[26.164,41.518],[26.048,41.689],[26.333,41.713]]]},"properties":{"id":"bulgaria","name":"ブルガリア","nameEn":"Bulgaria","guide":true,"small":false,"center":[25.474,42.733]}},
{"type":"Feature","geometry":{"type":"MultiPolygon","coordinates":[[[[102.914,11.646],[102.914,11.766],[102.7,12.139],[102.765,12.416],[102.559,12.631],[102.473,13.006],[102.328,13.275],[102.332,13.565],[102.513,13.567],[102.87,14.021],[102.919,14.185],[103.085,14.296],[103.55,14.422],[103.87,14.343],[104.247,14.401],[104.462,14.357],[104.772,14.44],[105.184,14.346],[105.416,14.428],[105.51,14.594],[105.489,14.786],[105.584,14.978],[105.444,15.134],[105.564,15.273],[105.651,15.635],[105.448,15.765],[105.405,16.019],[105.042,16.141],[105.015,16.277],[104.755,16.529],[104.745,17.025],[104.816,17.373],[104.715,17.515],[104.481,17.64],[104.111,18.115],[104,18.318],[103.832,18.321],[103.397,18.441],[103.261,18.4],[103.038,17.991],[102.939,18.009],[102.596,17.85],[102.568,17.971],[102.307,18.051],[102.079,18.214],[101.729,17.912],[101.578,17.868],[101.132,17.462],[100.902,17.562],[101.008,17.895],[101.165,18.053],[101.146,18.336],[101.03,18.428],[101.24,18.674],[101.233,18.893],[101.318,19.05],[101.229,19.144],[101.193,19.453],[101.125,19.565],[100.875,19.613],[100.746,19.485],[100.462,19.537],[100.384,19.764],[100.543,20.067],[100.364,20.369],[100.099,20.318],[99.942,20.444],[99.77,20.328],[99.503,20.345],[99.526,20.196],[99.296,20.062],[99.017,20.041],[99.009,19.846],[98.533,19.676],[98.218,19.708],[97.84,19.555],[97.767,19.398],[97.811,19.112],[97.719,18.865],[97.752,18.582],[97.438,18.488],[97.754,17.969],[97.686,17.881],[97.769,17.679],[97.983,17.505],[98.313,17.052],[98.525,16.85],[98.457,16.723],[98.632,16.463],[98.657,16.302],[98.903,16.363],[98.807,16.111],[98.659,16.116],[98.543,15.735],[98.56,15.355],[98.283,15.29],[98.165,15.126],[98.243,14.805],[98.548,14.378],[98.945,14.069],[99.153,13.715],[99.19,13.23],[99.102,13.171],[99.214,12.735],[99.394,12.59],[99.466,12.126],[99.63,11.816],[99.243,11.198],[98.767,10.689],[98.747,10.351],[98.327,9.204],[98.382,9.072],[98.224,8.735],[98.199,8.534],[98.278,8.241],[98.599,8.375],[98.744,8.215],[98.747,8.068],[98.918,8.051],[99.138,7.744],[99.293,7.621],[99.366,7.336],[99.525,7.311],[99.693,7.116],[99.686,6.877],[99.797,6.822],[100.127,6.442],[100.167,6.695],[100.281,6.689],[100.387,6.522],[100.806,6.415],[100.822,6.26],[101.082,6.246],[101.071,5.92],[100.967,5.781],[101.105,5.638],[101.249,5.787],[101.535,5.906],[101.8,5.74],[102.06,6.095],[102.073,6.258],[101.772,6.501],[101.566,6.832],[101.385,6.905],[100.998,6.857],[100.765,6.983],[100.611,7.193],[100.396,7.211],[100.185,7.514],[100.323,7.616],[100.44,7.477],[100.22,8.449],[100.104,8.418],[99.959,8.638],[99.916,9.102],[99.854,9.295],[99.689,9.316],[99.475,9.201],[99.255,9.232],[99.324,9.392],[99.181,9.643],[99.152,10.357],[99.512,10.902],[99.494,11.115],[99.855,11.968],[100.02,12.193],[99.961,12.625],[100.104,13.057],[99.967,13.259],[100.039,13.403],[100.29,13.505],[100.65,13.52],[100.951,13.468],[100.981,13.359],[100.878,13.098],[100.837,12.708],[101.443,12.625],[101.83,12.673],[102.072,12.489],[102.296,12.19],[102.75,12.04],[102.914,11.646]]],[[[98.419,7.904],[98.438,8.066],[98.281,8.192],[98.268,7.89],[98.419,7.904]]]]},"properties":{"id":"thailand","name":"タイ王国","nameEn":"Thailand","guide":true,"small":false,"center":[101.501,13.037]}},
{"type":"Feature","geometry":{"type":"Polygon","coordinates":[[[12.429,43.892],[12.49,43.939],[12.421,43.967],[12.386,43.925],[12.429,43.892]]]},"properties":{"id":"san-marino","name":"サンマリノ","nameEn":"San Marino","guide":true,"small":true,"center":[12.439,43.937]}},
{"type":"Feature","geometry":{"type":"Polygon","coordinates":[[[-71.757,19.71],[-72.33,19.752],[-72.776,19.944],[-73.144,19.92],[-73.468,19.725],[-73.409,19.636],[-73.019,19.601],[-72.728,19.426],[-72.814,19.053],[-72.55,18.786],[-72.325,18.671],[-72.354,18.53],[-72.628,18.554],[-72.755,18.429],[-73.527,18.524],[-73.605,18.498],[-74.256,18.67],[-74.426,18.608],[-74.489,18.429],[-74.331,18.286],[-74.183,18.293],[-73.968,18.141],[-73.654,18.253],[-73.377,18.258],[-72.886,18.141],[-72.44,18.224],[-72.072,18.238],[-71.776,18.039],[-71.709,18.313],[-71.912,18.431],[-71.719,18.784],[-71.784,18.996],[-71.639,19.212],[-71.757,19.71]]]},"properties":{"id":"x-HTI","name":"ハイチ","nameEn":"Haiti","guide":false,"small":false,"center":[-73.064,18.986]}},
{"type":"Feature","geometry":{"type":"Polygon","coordinates":[[[-71.757,19.71],[-71.639,19.212],[-71.784,18.996],[-71.719,18.784],[-71.912,18.431],[-71.709,18.313],[-71.776,18.039],[-71.631,17.817],[-71.417,17.605],[-71.309,17.816],[-71.061,18.142],[-70.704,18.43],[-70.553,18.204],[-70.158,18.243],[-69.884,18.471],[-69.525,18.408],[-69.236,18.451],[-68.85,18.375],[-68.743,18.205],[-68.444,18.42],[-68.356,18.657],[-68.74,18.964],[-69.042,18.987],[-69.608,19.093],[-69.603,19.229],[-69.868,19.425],[-69.898,19.636],[-70.301,19.658],[-70.434,19.775],[-70.624,19.767],[-71.001,19.938],[-71.212,19.837],[-71.649,19.897],[-71.757,19.71]]]},"properties":{"id":"dominican-republic","name":"ドミニカ共和国","nameEn":"Dominican Republic","guide":true,"small":false,"center":[-70.169,18.771]}},
{"type":"Feature","geometry":{"type":"Polygon","coordinates":[[[14.065,13.078],[14.418,13.081],[14.491,12.886],[14.831,12.618],[14.908,12.327],[14.903,12.146],[15.041,12.056],[15.068,11.7],[15.136,11.531],[15.021,11.183],[15.066,10.793],[15.301,10.312],[15.536,10.081],[15.383,9.93],[15.215,9.984],[14.732,9.924],[14.44,9.995],[14.182,9.978],[13.948,9.638],[14.321,9.243],[14.35,9.168],[14.794,8.814],[15.031,8.659],[15.184,8.479],[15.345,8.136],[15.441,7.839],[15.563,7.792],[15.481,7.523],[15.794,7.458],[16.065,7.591],[16.371,7.673],[16.549,7.87],[16.625,7.669],[16.769,7.55],[17.102,7.678],[17.251,7.823],[17.68,7.985],[18.589,8.048],[18.673,8.208],[18.813,8.276],[19.124,8.675],[18.893,8.898],[19.101,9.015],[19.369,9],[19.889,9.046],[20.069,9.138],[20.359,9.116],[20.496,9.271],[20.826,9.418],[21.257,9.976],[21.374,9.973],[21.485,10.164],[21.656,10.234],[21.751,10.412],[21.723,10.637],[22.176,10.816],[22.46,11.001],[22.861,10.919],[22.956,11.209],[22.915,11.396],[22.628,11.51],[22.537,11.681],[22.593,11.989],[22.373,12.463],[22.446,12.611],[22.205,12.743],[21.936,12.64],[21.809,12.794],[21.935,13.059],[22.268,13.335],[22.196,13.58],[22.074,13.771],[22.244,13.975],[22.531,14.123],[22.441,14.25],[22.465,14.629],[22.666,14.682],[22.739,14.98],[22.966,15.224],[22.926,15.564],[23.095,15.704],[23.321,15.681],[23.593,15.749],[23.984,15.721],[23.983,16.941],[23.983,17.87],[23.981,19.496],[23.24,19.862],[21.634,20.655],[20.523,21.204],[19.164,21.875],[17.435,22.729],[15.985,23.445],[14.98,22.996],[15.172,21.993],[15.18,21.507],[15.301,21.401],[15.609,20.951],[15.544,20.799],[15.954,20.375],[15.736,19.904],[15.583,18.174],[15.472,16.917],[15.452,16.876],[14.369,15.75],[13.834,15.02],[13.764,14.719],[13.449,14.38],[13.607,13.704],[14.065,13.078]]]},"properties":{"id":"x-TCD","name":"チャド","nameEn":"Chad","guide":false,"small":false,"center":[18.717,15.45]}},
{"type":"Feature","geometry":{"type":"MultiPolygon","coordinates":[[[[47.948,29.994],[47.674,30.098],[47.358,30.092],[47.11,29.961],[46.853,29.445],[46.532,29.096],[47.434,28.995],[47.668,28.534],[48.433,28.54],[48.158,29.017],[48.092,29.287],[47.727,29.362],[47.966,29.576],[48.022,29.78],[47.948,29.994]]],[[[48.353,29.71],[48.159,29.879],[48.046,29.8],[48.229,29.6],[48.353,29.71]]]]},"properties":{"id":"x-KWT","name":"クウェート","nameEn":"Kuwait","guide":false,"small":false,"center":[47.483,29.316]}},
{"type":"Feature","geometry":{"type":"Polygon","coordinates":[[[-90.098,13.731],[-89.808,13.527],[-89.251,13.472],[-88.786,13.245],[-88.208,13.16],[-87.928,13.159],[-87.798,13.266],[-87.817,13.407],[-87.713,13.8],[-87.833,13.915],[-88.088,13.981],[-88.488,13.865],[-88.495,13.975],[-88.747,14.052],[-88.957,14.185],[-89.027,14.311],[-89.362,14.415],[-89.57,14.412],[-89.531,14.226],[-89.88,14.043],[-90.099,13.859],[-90.098,13.731]]]},"properties":{"id":"x-SLV","name":"エルサルバドル","nameEn":"El Salvador","guide":false,"small":false,"center":[-88.909,13.802]}},
{"type":"Feature","geometry":{"type":"Polygon","coordinates":[[[-89.362,14.415],[-89.145,14.708],[-89.228,14.835],[-89.173,15.042],[-88.973,15.14],[-88.221,15.726],[-88.448,15.859],[-88.626,15.754],[-88.914,15.894],[-89.237,15.894],[-89.149,17.036],[-89.16,17.814],[-90.26,17.815],[-90.991,17.802],[-90.992,17.252],[-91.29,17.189],[-91.067,16.918],[-90.735,16.747],[-90.648,16.53],[-90.399,16.348],[-90.486,16.071],[-91.724,16.069],[-92.205,15.29],[-92.074,15.074],[-92.154,14.996],[-92.162,14.702],[-92.246,14.546],[-91.763,14.18],[-91.316,13.956],[-90.91,13.911],[-90.707,13.929],[-90.401,13.859],[-90.098,13.731],[-90.099,13.859],[-89.88,14.043],[-89.531,14.226],[-89.57,14.412],[-89.362,14.415]]]},"properties":{"id":"guatemala","name":"グアテマラ","nameEn":"Guatemala","guide":true,"small":false,"center":[-90.234,15.774]}},
{"type":"Feature","geometry":{"type":"MultiPolygon","coordinates":[[[[124.451,-9.18],[124.03,-9.342],[124.31,-9.489],[124.451,-9.18]]],[[[124.92,-8.962],[125.062,-9.486],[125.379,-9.281],[125.609,-9.186],[125.947,-9.126],[126.166,-8.988],[126.43,-8.955],[126.583,-8.806],[127.009,-8.677],[127.303,-8.432],[127.186,-8.332],[126.967,-8.309],[126.549,-8.487],[126.412,-8.419],[126.069,-8.522],[125.898,-8.481],[125.144,-8.631],[125.1,-8.778],[124.92,-8.962]]]]},"properties":{"id":"x-TLS","name":"東ティモール","nameEn":"Timor-Leste","guide":false,"small":false,"center":[126.111,-8.897]}},
{"type":"Feature","geometry":{"type":"MultiPolygon","coordinates":[[[[115.146,4.909],[115.03,4.821],[115.113,4.382],[115.324,4.315],[115.273,4.637],[115.146,4.909]]],[[[114.982,4.889],[114.928,5.001],[114.529,4.694],[114.252,4.593],[113.999,4.601],[114.246,4.481],[114.297,4.317],[114.42,4.26],[114.587,4.021],[114.767,4.132],[114.836,4.357],[114.752,4.739],[114.982,4.889]]]]},"properties":{"id":"x-BRN","name":"ブルネイ","nameEn":"Brunei","guide":false,"small":true,"center":[114.551,4.537]}},
{"type":"Feature","geometry":{"type":"Polygon","coordinates":[[[7.437,43.743],[7.407,43.764],[7.366,43.723],[7.437,43.743]]]},"properties":{"id":"monaco","name":"モナコ","nameEn":"Monaco","guide":true,"small":true,"center":[7.402,43.741]}},
{"type":"Feature","geometry":{"type":"Polygon","coordinates":[[[-4.822,24.995],[-3.449,24.106],[-2.523,23.501],[-0.964,22.481],[-0.01,21.858],[1.147,21.102],[1.145,20.796],[1.644,20.523],[1.778,20.304],[2.056,20.215],[2.182,20.279],[2.4,20.057],[2.946,19.942],[3.217,19.794],[3.199,19.554],[3.258,19.41],[3.103,19.154],[3.308,18.982],[4.229,19.142],[5.749,19.434],[5.838,19.479],[6.61,20.143],[7.483,20.873],[8.634,21.552],[9.723,22.193],[11.084,22.996],[11.969,23.517],[11.567,24.267],[11.509,24.314],[10.721,24.552],[10.45,24.477],[10.26,24.577],[10.193,24.75],[10.032,24.856],[10.021,25.268],[9.97,25.395],[9.401,26.113],[9.483,26.353],[9.836,26.504],[9.911,26.843],[9.826,26.921],[9.721,27.292],[9.936,27.867],[9.777,28.268],[9.851,28.786],[9.826,29.129],[9.668,29.608],[9.287,30.117],[9.52,30.229],[9.264,31.219],[9.045,32.072],[8.32,32.561],[8.283,32.836],[8.087,33.094],[7.751,33.208],[7.693,33.454],[7.553,33.659],[7.48,33.894],[7.517,34.095],[7.774,34.261],[7.832,34.414],[8.236,34.648],[8.314,35.103],[8.324,35.652],[8.241,35.828],[8.349,36.449],[8.444,36.796],[8.603,36.94],[8.233,36.958],[7.908,36.85],[7.383,37.083],[7.239,36.972],[6.909,36.893],[6.339,37.069],[6.197,36.902],[5.576,36.761],[5.304,36.643],[5.105,36.781],[4.787,36.895],[4.105,36.884],[3.827,36.913],[3.461,36.775],[3.179,36.743],[2.933,36.809],[2.633,36.605],[2.31,36.631],[1.914,36.57],[1.045,36.487],[0.663,36.333],[0.127,36.051],[0.035,35.863],[-0.124,35.787],[-0.349,35.907],[-0.683,35.717],[-0.825,35.769],[-1.19,35.566],[-1.268,35.39],[-1.761,35.13],[-2.223,35.089],[-2.194,35.004],[-1.788,34.757],[-1.871,34.597],[-1.675,34.106],[-1.719,33.898],[-1.613,33.521],[-1.674,33.238],[-1.5,33.06],[-1.559,32.934],[-1.423,32.742],[-1.048,32.517],[-1.218,32.393],[-1.25,32.082],[-2.516,32.132],[-2.939,32.049],[-2.828,31.795],[-3.66,31.648],[-3.673,31.389],[-3.815,31.221],[-3.555,30.956],[-3.646,30.711],[-3.834,30.627],[-4.372,30.509],[-4.624,30.285],[-4.876,30.18],[-5.274,29.887],[-5.54,29.523],[-5.756,29.614],[-6.7,29.516],[-6.784,29.446],[-7.147,29.509],[-7.35,29.383],[-7.619,29.389],[-8.07,29.079],[-8.383,28.906],[-8.682,28.666],[-8.682,27.661],[-8.682,27.285],[-7.297,26.471],[-6.14,25.79],[-4.822,24.995]]]},"properties":{"id":"x-DZA","name":"アルジェリア","nameEn":"Algeria","guide":false,"small":false,"center":[1.643,28.035]}},
{"type":"Feature","geometry":{"type":"Polygon","coordinates":[[[32.114,-26.84],[32.893,-26.846],[32.929,-26.266],[32.681,-26.188],[32.591,-25.969],[32.687,-25.886],[32.873,-25.544],[33.153,-25.366],[33.729,-25.105],[34.649,-24.813],[35.106,-24.598],[35.494,-24.111],[35.543,-23.863],[35.395,-23.842],[35.521,-22.908],[35.493,-22.565],[35.542,-22.41],[35.497,-22.142],[35.336,-22.089],[35.271,-21.644],[35.152,-21.454],[35.058,-21.138],[35.12,-20.966],[34.993,-20.73],[34.742,-20.55],[34.68,-20.347],[34.777,-20.135],[34.758,-19.869],[34.88,-19.863],[35.34,-19.521],[35.662,-19.133],[36.109,-18.806],[36.244,-18.883],[36.552,-18.486],[36.887,-18.189],[37.086,-17.869],[37.361,-17.65],[37.909,-17.355],[38.595,-17.094],[39.091,-16.984],[39.204,-16.817],[39.698,-16.532],[39.813,-16.277],[39.992,-16.222],[40.165,-15.916],[40.426,-15.615],[40.573,-15.505],[40.682,-15.233],[40.671,-14.977],[40.835,-14.802],[40.843,-14.464],[40.61,-14.139],[40.651,-14.032],[40.543,-13.659],[40.568,-13.367],[40.56,-12.814],[40.647,-12.755],[40.48,-12.484],[40.537,-11.997],[40.429,-11.642],[40.471,-11.417],[40.349,-11.317],[40.507,-11.187],[40.496,-10.956],[40.602,-10.82],[40.532,-10.509],[40.437,-10.475],[40.008,-10.811],[39.76,-10.943],[39.483,-10.999],[39.287,-11.154],[38.896,-11.168],[38.654,-11.276],[38.492,-11.413],[38.257,-11.277],[38.071,-11.256],[37.875,-11.319],[37.784,-11.559],[37.428,-11.723],[37.044,-11.596],[36.82,-11.574],[36.747,-11.666],[36.2,-11.702],[36.168,-11.579],[35.826,-11.413],[35.655,-11.578],[34.965,-11.574],[34.651,-11.57],[34.564,-11.831],[34.354,-12.199],[34.494,-12.687],[34.545,-13.326],[34.641,-13.492],[34.894,-13.535],[35.084,-13.704],[35.456,-14.137],[35.853,-14.667],[35.904,-14.887],[35.785,-15.195],[35.841,-15.417],[35.796,-16.005],[35.698,-16.107],[35.375,-16.141],[35.259,-16.272],[35.214,-16.484],[35.278,-16.701],[35.305,-17.104],[35.081,-17.124],[35.096,-16.817],[35.005,-16.815],[34.525,-16.301],[34.385,-16.186],[34.388,-16.037],[34.233,-15.89],[34.404,-15.647],[34.41,-15.481],[34.569,-15.271],[34.584,-14.984],[34.502,-14.576],[34.344,-14.387],[33.604,-14.524],[33.439,-14.381],[33.203,-14.014],[31.658,-14.52],[31.411,-14.634],[30.816,-14.768],[30.214,-14.981],[30.288,-15.279],[30.369,-15.375],[30.396,-15.636],[30.403,-16.001],[30.857,-15.998],[30.973,-16.062],[31.26,-16.023],[31.405,-16.162],[31.686,-16.207],[31.91,-16.429],[32.29,-16.452],[32.893,-16.712],[32.829,-16.935],[33.022,-17.361],[32.937,-18.047],[32.996,-18.467],[32.871,-18.536],[32.885,-18.788],[32.691,-18.834],[32.691,-19.014],[32.862,-19.118],[32.769,-19.364],[32.816,-19.652],[33.033,-19.784],[32.845,-20.287],[32.646,-20.558],[32.469,-20.687],[32.497,-20.898],[32.34,-21.134],[32.409,-21.29],[31.434,-22.302],[31.289,-22.397],[31.536,-23.157],[31.521,-23.416],[31.741,-23.837],[31.856,-23.947],[31.869,-24.164],[31.987,-24.423],[31.992,-25.65],[31.912,-25.785],[31.949,-25.958],[32.057,-26.041],[32.04,-26.284],[32.117,-26.582],[32.114,-26.84]]]},"properties":{"id":"x-MOZ","name":"モザンビーク","nameEn":"Mozambique","guide":false,"small":false,"center":[35.531,-18.665]}},
{"type":"Feature","geometry":{"type":"Polygon","coordinates":[[[31.949,-25.958],[31.835,-25.982],[31.427,-25.744],[31.12,-25.91],[30.97,-26.209],[30.805,-26.397],[30.786,-26.717],[30.88,-26.772],[30.976,-27.035],[31.157,-27.206],[31.527,-27.311],[31.968,-27.316],[31.942,-27.101],[31.992,-26.838],[32.114,-26.84],[32.117,-26.582],[32.04,-26.284],[32.057,-26.041],[31.949,-25.958]]]},"properties":{"id":"eswatini","name":"エスワティニ","nameEn":"Eswatini","guide":true,"small":false,"center":[31.45,-26.526]}},
{"type":"Feature","geometry":{"type":"Polygon","coordinates":[[[30.555,-2.401],[30.379,-2.303],[30.139,-2.431],[29.932,-2.317],[29.903,-2.649],[29.698,-2.808],[29.34,-2.826],[29.307,-2.66],[29.13,-2.597],[29.015,-2.721],[29.09,-2.926],[29.235,-3.047],[29.207,-3.335],[29.215,-3.9],[29.339,-4.093],[29.404,-4.45],[29.728,-4.462],[30.003,-4.272],[30.469,-3.513],[30.832,-3.173],[30.719,-2.99],[30.416,-2.852],[30.416,-2.646],[30.555,-2.401]]]},"properties":{"id":"x-BDI","name":"ブルンジ","nameEn":"Burundi","guide":false,"small":false,"center":[29.91,-3.383]}},
{"type":"Feature","geometry":{"type":"Polygon","coordinates":[[[29.015,-2.721],[29.13,-2.597],[29.307,-2.66],[29.34,-2.826],[29.698,-2.808],[29.903,-2.649],[29.932,-2.317],[30.139,-2.431],[30.379,-2.303],[30.555,-2.401],[30.834,-2.345],[30.888,-2.083],[30.83,-1.961],[30.831,-1.594],[30.738,-1.407],[30.555,-1.318],[30.472,-1.067],[30.353,-1.061],[30.147,-1.345],[29.898,-1.47],[29.836,-1.329],[29.578,-1.388],[29.358,-1.51],[29.149,-1.799],[29.151,-2.15],[28.859,-2.418],[28.891,-2.653],[29.015,-2.721]]]},"properties":{"id":"rwanda","name":"ルワンダ","nameEn":"Rwanda","guide":true,"small":false,"center":[29.873,-1.943]}},
{"type":"Feature","geometry":{"type":"MultiPolygon","coordinates":[[[[92.576,21.978],[92.59,21.496],[92.643,21.298],[92.323,21.462],[92.184,21.317],[92.265,21.061],[92.381,20.7],[92.653,20.418],[92.832,20.479],[92.901,20.308],[92.772,20.201],[93.148,19.994],[93.375,20.089],[93.566,19.917],[93.601,19.783],[93.74,19.617],[93.915,19.473],[93.984,19.464],[93.987,19.387],[93.93,19.3],[93.797,19.235],[93.498,19.314],[93.75,18.97],[93.93,18.859],[94.134,18.847],[94.28,18.48],[94.39,18.363],[94.481,18.094],[94.447,17.973],[94.595,17.615],[94.573,17.311],[94.379,16.887],[94.403,16.788],[94.273,16.538],[94.215,16.158],[94.34,15.996],[94.507,16.19],[94.562,15.962],[94.859,15.783],[95.174,15.778],[95.396,15.716],[95.665,15.949],[95.756,16.145],[95.98,16.223],[96.336,16.439],[96.616,16.518],[96.801,16.737],[96.911,17.025],[96.849,17.213],[97.069,17.251],[97.199,16.997],[97.255,16.698],[97.403,16.517],[97.548,16.538],[97.65,16.284],[97.582,16.009],[97.727,15.843],[97.795,15.408],[97.795,14.88],[98.109,14.133],[98.062,14.01],[98.103,13.701],[98.245,13.714],[98.432,13.479],[98.691,12.71],[98.552,12.28],[98.72,11.964],[98.698,11.388],[98.759,11.269],[98.712,10.924],[98.459,10.715],[98.528,10.364],[98.491,10.204],[98.59,10.042],[98.747,10.351],[98.767,10.689],[99.243,11.198],[99.63,11.816],[99.466,12.126],[99.394,12.59],[99.214,12.735],[99.102,13.171],[99.19,13.23],[99.153,13.715],[98.945,14.069],[98.548,14.378],[98.243,14.805],[98.165,15.126],[98.283,15.29],[98.56,15.355],[98.543,15.735],[98.659,16.116],[98.807,16.111],[98.903,16.363],[98.657,16.302],[98.632,16.463],[98.457,16.723],[98.525,16.85],[98.313,17.052],[97.983,17.505],[97.769,17.679],[97.686,17.881],[97.754,17.969],[97.438,18.488],[97.752,18.582],[97.719,18.865],[97.811,19.112],[97.767,19.398],[97.84,19.555],[98.218,19.708],[98.533,19.676],[99.009,19.846],[99.017,20.041],[99.296,20.062],[99.526,20.196],[99.503,20.345],[99.77,20.328],[99.942,20.444],[100.099,20.318],[100.211,20.697],[100.516,20.886],[100.725,21.312],[101.003,21.406],[101.159,21.553],[101.069,21.762],[100.797,21.626],[100.622,21.469],[100.327,21.524],[100.187,21.428],[100.082,21.684],[99.95,21.721],[99.942,22.046],[99.439,22.124],[99.166,22.205],[99.358,22.495],[99.308,22.72],[99.535,22.949],[99.351,23.119],[99.217,23.057],[98.911,23.298],[98.857,23.604],[98.663,23.97],[98.503,24.121],[98.182,24.119],[97.89,24.023],[97.637,23.864],[97.516,23.943],[97.708,24.125],[97.64,24.439],[97.52,24.431],[97.536,24.745],[97.664,24.83],[97.738,25.091],[98.108,25.389],[98.15,25.613],[98.333,25.567],[98.461,25.795],[98.692,25.879],[98.546,26.106],[98.706,26.175],[98.749,26.771],[98.673,27.176],[98.679,27.577],[98.4,27.676],[98.295,27.537],[98.107,27.973],[98.119,28.141],[97.7,28.488],[97.528,28.53],[97.437,28.286],[97.323,28.217],[97.334,27.894],[97.223,27.9],[96.87,27.619],[96.905,27.408],[97.135,27.127],[96.865,27.172],[96.759,27.342],[96.143,27.258],[95.889,27.027],[95.778,26.995],[95.393,26.692],[95.119,26.604],[95.041,26.476],[95.046,26.248],[95.14,26.03],[95.001,25.922],[95.009,25.737],[94.608,25.395],[94.55,25.245],[94.709,25.026],[94.29,24.317],[94.19,23.995],[93.998,23.917],[93.612,24.009],[93.457,23.96],[93.375,23.13],[93.08,22.773],[93.169,22.247],[92.854,22.024],[92.708,22.148],[92.576,21.978]]],[[[93.971,19.417],[93.82,19.472],[93.731,19.554],[93.774,19.299],[93.857,19.279],[93.966,19.363],[93.971,19.417]]]]},"properties":{"id":"x-MMR","name":"ミャンマー","nameEn":"Myanmar","guide":false,"small":false,"center":[96.674,19.263]}},
{"type":"Feature","geometry":{"type":"MultiPolygon","coordinates":[[[[92.576,21.978],[92.577,22.169],[92.496,22.696],[92.379,22.9],[92.357,23.289],[92.253,23.609],[92.151,23.732],[91.744,23.272],[91.796,23.089],[91.537,22.982],[91.464,23.184],[91.301,23.142],[91.227,23.469],[91.141,23.612],[91.216,23.908],[91.363,24.1],[91.597,24.105],[92.108,24.406],[92.234,24.778],[92.458,24.953],[92.304,25.074],[92.002,25.183],[91.471,25.134],[91.236,25.202],[90.822,25.142],[90.365,25.15],[89.908,25.297],[89.795,25.374],[89.83,25.908],[89.603,26.055],[89.351,25.997],[89.132,26.134],[89.044,26.381],[88.808,26.233],[88.656,26.415],[88.495,26.378],[88.164,26.14],[88.074,25.908],[88.419,25.654],[88.53,25.5],[88.772,25.502],[88.899,25.169],[88.431,25.173],[88.323,24.875],[88.202,24.945],[88.022,24.646],[88.139,24.495],[88.475,24.315],[88.738,24.287],[88.54,23.65],[88.719,23.468],[88.686,23.293],[88.955,23.184],[88.843,22.965],[89.06,22.13],[89.105,21.816],[89.466,21.781],[90.024,21.862],[90.185,21.801],[90.332,22.038],[90.46,22.092],[90.613,22.315],[90.607,22.466],[90.406,22.763],[90.627,23.087],[90.774,22.778],[90.955,22.576],[91.203,22.543],[91.243,22.702],[91.456,22.785],[91.676,22.535],[91.855,22.109],[91.909,21.781],[92.022,21.599],[91.96,21.424],[92.053,21.155],[92.265,21.061],[92.184,21.317],[92.323,21.462],[92.643,21.298],[92.59,21.496],[92.576,21.978]]],[[[90.791,22.495],[90.688,22.378],[90.604,22.044],[90.836,22.178],[90.791,22.495]]]]},"properties":{"id":"bangladesh","name":"バングラデシュ","nameEn":"Bangladesh","guide":true,"small":false,"center":[90.332,23.681]}},
{"type":"Feature","geometry":{"type":"Polygon","coordinates":[[[1.707,42.503],[1.429,42.595],[1.448,42.435],[1.707,42.503]]]},"properties":{"id":"andorra","name":"アンドラ","nameEn":"Andorra","guide":true,"small":true,"center":[1.586,42.539]}},
{"type":"Feature","geometry":{"type":"Polygon","coordinates":[[[74.542,37.022],[74.487,37.226],[74.892,37.231],[74.66,37.394],[74.224,37.403],[74.163,37.33],[73.798,37.229],[73.753,37.428],[73.276,37.459],[72.761,37.187],[72.658,37.029],[72.26,36.967],[71.837,36.699],[71.611,36.705],[71.431,37.067],[71.497,37.567],[71.598,37.898],[71.256,37.95],[71.334,38.281],[70.974,38.474],[70.596,38.338],[70.483,38.137],[70.165,37.89],[70.283,37.705],[70.158,37.541],[69.529,37.586],[69.378,37.437],[69.445,37.236],[69.324,37.121],[69.124,37.169],[69.005,37.306],[68.307,37.114],[68.011,36.931],[67.781,37.189],[67.482,37.277],[67.237,37.192],[67.006,37.384],[66.52,37.364],[66.294,37.331],[66.08,37.441],[65.669,37.521],[65.501,37.242],[65.063,37.233],[64.76,37.093],[64.779,36.938],[64.592,36.621],[64.606,36.461],[64.445,36.25],[64.266,36.152],[63.343,35.856],[63.077,35.625],[63.08,35.437],[62.621,35.223],[62.219,35.306],[62.034,35.424],[61.539,35.452],[61.27,35.618],[61.108,35.278],[61.065,34.815],[60.948,34.638],[60.714,34.537],[60.89,34.319],[60.644,34.307],[60.487,34.094],[60.512,33.638],[60.88,33.549],[60.819,33.405],[60.568,33.151],[60.578,32.994],[60.83,32.249],[60.775,32.027],[60.793,31.66],[60.855,31.483],[61.661,31.382],[61.826,31.035],[61.785,30.831],[60.844,29.858],[61.613,29.639],[62.478,29.408],[63.569,29.497],[64.086,29.387],[64.173,29.484],[64.478,29.57],[65.036,29.54],[66.196,29.835],[66.322,30.437],[66.268,30.601],[66.366,30.923],[66.55,30.977],[66.697,31.196],[66.943,31.315],[67.023,31.239],[67.346,31.208],[67.749,31.328],[67.597,31.426],[68.126,31.811],[68.356,31.763],[68.676,31.775],[68.777,31.619],[69.004,31.651],[69.299,31.938],[69.228,32.421],[69.429,32.667],[69.548,33.075],[69.881,33.089],[70.294,33.319],[70.155,33.507],[70.108,33.727],[69.958,33.753],[69.841,33.942],[70.003,34.044],[70.522,33.939],[70.862,33.965],[71.047,34.042],[71.122,34.357],[70.971,34.469],[71.081,34.673],[71.289,34.875],[71.46,34.943],[71.634,35.203],[71.53,35.301],[71.593,35.549],[71.342,35.947],[71.171,36.027],[71.629,36.46],[71.736,36.396],[72.214,36.726],[72.565,36.821],[73.64,36.897],[74.094,36.831],[74.542,37.022]]]},"properties":{"id":"x-AFG","name":"アフガニスタン","nameEn":"Afghanistan","guide":false,"small":false,"center":[67.69,33.93]}},
{"type":"Feature","geometry":{"type":"Polygon","coordinates":[[[18.496,42.416],[18.684,42.459],[18.779,42.271],[19.365,41.852],[19.375,42.095],[19.272,42.181],[19.605,42.585],[19.82,42.466],[20.065,42.547],[20.076,42.773],[20.345,42.827],[19.929,43.114],[19.619,43.168],[19.195,43.533],[18.911,43.507],[18.899,43.352],[18.68,43.249],[18.639,43.02],[18.453,42.993],[18.538,42.618],[18.437,42.559],[18.496,42.416]]]},"properties":{"id":"montenegro","name":"モンテネグロ","nameEn":"Montenegro","guide":true,"small":false,"center":[19.394,42.7]}},
{"type":"Feature","geometry":{"type":"Polygon","coordinates":[[[17.653,42.891],[18.437,42.559],[18.538,42.618],[18.453,42.993],[18.639,43.02],[18.68,43.249],[18.899,43.352],[18.911,43.507],[19.195,43.533],[19.462,43.762],[19.275,43.933],[19.619,44.036],[19.177,44.287],[19.13,44.518],[19.328,44.734],[19.369,44.887],[19.016,44.866],[18.617,45.098],[18.238,45.157],[17.836,45.064],[17.187,45.149],[16.933,45.279],[16.786,45.179],[16.482,45.2],[16.341,45.006],[15.998,45.219],[15.78,45.16],[15.717,44.786],[16.116,44.521],[16.216,44.208],[17.085,43.513],[17.442,43.152],[17.581,42.942],[17.653,42.891]]]},"properties":{"id":"x-BIH","name":"ボスニア・ヘルツェゴビナ","nameEn":"Bosnia and Herz.","guide":false,"small":false,"center":[17.667,43.922]}},
{"type":"Feature","geometry":{"type":"Polygon","coordinates":[[[30.472,-1.067],[30.828,-1.003],[32.358,-1.003],[33.904,-1.003],[33.895,-0.663],[33.954,-0.154],[33.894,0.11],[34.088,0.367],[34.132,0.573],[34.388,0.816],[34.507,1.103],[34.798,1.232],[34.779,1.389],[34.979,1.676],[34.968,2.102],[34.866,2.348],[34.924,2.477],[34.819,2.598],[34.73,2.853],[34.575,2.946],[34.434,3.182],[34.382,3.466],[34.44,3.668],[34.279,3.71],[34.061,4.008],[33.977,4.22],[33.533,3.774],[33.195,3.757],[33.017,3.877],[32.756,3.769],[32.372,3.731],[32.188,3.619],[31.944,3.591],[31.781,3.816],[31.505,3.66],[31.141,3.785],[30.944,3.679],[30.84,3.49],[30.91,3.393],[30.745,3.036],[30.855,2.893],[30.725,2.441],[30.872,2.332],[31.178,2.303],[31.243,2.051],[31.026,1.778],[30.682,1.5],[30.478,1.239],[30.239,1.136],[30.145,0.903],[29.928,0.785],[29.94,0.498],[29.712,0.1],[29.629,-0.442],[29.611,-0.864],[29.556,-0.919],[29.578,-1.388],[29.836,-1.329],[29.898,-1.47],[30.147,-1.345],[30.353,-1.061],[30.472,-1.067]]]},"properties":{"id":"uganda","name":"ウガンダ","nameEn":"Uganda","guide":true,"small":false,"center":[32.277,1.372]}},
{"type":"Feature","geometry":{"type":"MultiPolygon","coordinates":[[[[-75.095,19.897],[-74.813,20.037],[-74.267,20.068],[-74.142,20.183],[-74.214,20.311],[-74.401,20.307],[-74.605,20.486],[-74.998,20.701],[-75.394,20.739],[-75.709,20.691],[-75.784,20.746],[-75.578,21.013],[-75.822,21.137],[-76.117,21.091],[-76.388,21.284],[-76.654,21.294],[-76.963,21.473],[-77.07,21.596],[-77.508,21.862],[-77.665,21.781],[-77.895,21.877],[-78.065,22.087],[-78.381,22.247],[-78.782,22.391],[-79.342,22.413],[-79.7,22.747],[-80.025,22.947],[-80.28,22.912],[-80.622,23.09],[-81.185,23.052],[-81.272,23.142],[-82.033,23.201],[-82.407,23.147],[-82.576,23.054],[-83.208,23.003],[-83.369,22.894],[-84.021,22.679],[-84.391,22.353],[-84.429,22.202],[-84.305,21.885],[-83.993,21.951],[-83.925,22.172],[-83.415,22.186],[-83.086,22.463],[-82.633,22.68],[-81.878,22.68],[-81.643,22.573],[-81.684,22.464],[-82.119,22.432],[-82.088,22.342],[-81.824,22.189],[-81.396,22.171],[-81.198,22.212],[-80.992,22.054],[-80.437,22.041],[-80.27,21.887],[-79.249,21.552],[-78.767,21.64],[-78.563,21.383],[-78.495,21.048],[-78.066,20.712],[-77.493,20.677],[-77.315,20.709],[-77.113,20.512],[-77.182,20.295],[-77.401,20.198],[-77.737,19.856],[-77.359,19.864],[-77.189,19.913],[-76.524,19.944],[-76.248,19.991],[-75.722,19.958],[-75.605,19.892],[-75.233,19.9],[-75.16,19.971],[-75.137,19.972],[-75.095,19.897]]],[[[-82.568,21.637],[-82.69,21.882],[-82.989,21.948],[-83.073,21.761],[-82.836,21.445],[-82.595,21.542],[-82.568,21.637]]]]},"properties":{"id":"x-CUB","name":"グァンタナモ米軍基地","nameEn":"USNB Guantanamo Bay","guide":false,"small":false,"center":[-79.541,21.52]}},
{"type":"Feature","geometry":{"type":"Polygon","coordinates":[[[-89.362,14.415],[-89.027,14.311],[-88.957,14.185],[-88.747,14.052],[-88.495,13.975],[-88.488,13.865],[-88.088,13.981],[-87.833,13.915],[-87.713,13.8],[-87.817,13.407],[-87.622,13.423],[-87.314,12.982],[-86.948,13.07],[-86.911,13.24],[-86.702,13.314],[-86.766,13.745],[-86.41,13.749],[-86.097,14.044],[-85.824,13.848],[-85.432,14.133],[-85.03,14.589],[-85.002,14.741],[-84.77,14.805],[-84.699,14.675],[-84.483,14.619],[-83.869,14.777],[-83.39,15.031],[-83.13,14.997],[-83.254,15.045],[-83.408,15.266],[-83.775,15.286],[-83.905,15.384],[-84.295,15.811],[-84.66,15.774],[-84.677,15.876],[-85,15.988],[-85.254,15.884],[-85.489,15.87],[-85.703,15.976],[-86.471,15.804],[-86.879,15.764],[-87.345,15.85],[-87.51,15.799],[-87.722,15.923],[-87.909,15.868],[-88.119,15.696],[-88.221,15.726],[-88.973,15.14],[-89.173,15.042],[-89.228,14.835],[-89.145,14.708],[-89.362,14.415]]]},"properties":{"id":"x-HND","name":"ホンジュラス","nameEn":"Honduras","guide":false,"small":false,"center":[-86.247,14.506]}},
{"type":"Feature","geometry":{"type":"MultiPolygon","coordinates":[[[[-78.829,1.434],[-78.958,1.163],[-79.457,1.072],[-80.076,0.816],[-80.017,0.559],[-80.066,0.052],[-80.496,-0.381],[-80.422,-0.6],[-80.616,-0.941],[-80.816,-0.946],[-80.916,-1.066],[-80.744,-1.344],[-80.85,-1.616],[-80.733,-1.904],[-80.745,-2.103],[-80.914,-2.319],[-80.657,-2.416],[-80.321,-2.711],[-80.175,-2.587],[-79.725,-2.57],[-79.953,-3.197],[-80.341,-3.393],[-80.216,-3.632],[-80.165,-3.89],[-80.305,-4.005],[-80.481,-3.999],[-80.489,-4.396],[-80.408,-4.478],[-80.08,-4.309],[-79.796,-4.485],[-79.658,-4.439],[-79.507,-4.532],[-79.451,-4.81],[-79.303,-4.961],[-79.009,-4.96],[-78.853,-4.652],[-78.673,-4.551],[-78.682,-4.327],[-78.502,-3.954],[-78.363,-3.489],[-78.196,-3.364],[-77.849,-2.981],[-76.685,-2.574],[-76.091,-2.129],[-75.56,-1.503],[-75.413,-0.924],[-75.297,-0.747],[-75.272,-0.526],[-75.434,-0.403],[-75.455,-0.161],[-75.283,-0.107],[-75.647,0.085],[-75.79,0.084],[-76.053,0.364],[-76.312,0.459],[-76.408,0.255],[-76.897,0.245],[-77.117,0.358],[-77.424,0.408],[-77.468,0.651],[-77.646,0.716],[-77.728,0.843],[-78.12,0.921],[-78.57,1.196],[-78.829,1.434]]],[[[-80.06,-2.663],[-80.211,-2.725],[-80.266,-3.018],[-80.131,-3.021],[-79.946,-2.707],[-80.06,-2.663]]],[[[-90.192,-0.538],[-90.488,-0.525],[-90.545,-0.682],[-90.337,-0.777],[-90.199,-0.682],[-90.192,-0.538]]],[[[-91.401,-0.453],[-91.474,-0.249],[-91.644,-0.404],[-91.401,-0.453]]],[[[-90.811,-0.731],[-90.956,-0.607],[-90.962,-0.442],[-91.185,-0.211],[-91.209,-0.011],[-91.423,-0.029],[-91.352,-0.307],[-91.094,-0.569],[-91.436,-0.778],[-91.502,-0.896],[-91.4,-1.018],[-91.16,-1.03],[-90.929,-0.97],[-90.811,-0.731]]]]},"properties":{"id":"ecuador","name":"エクアドル","nameEn":"Ecuador","guide":true,"small":false,"center":[-78.12,-1.789]}},
{"type":"Feature","geometry":{"type":"Polygon","coordinates":[[[-78.829,1.434],[-78.57,1.196],[-78.12,0.921],[-77.728,0.843],[-77.646,0.716],[-77.468,0.651],[-77.424,0.408],[-77.117,0.358],[-76.897,0.245],[-76.408,0.255],[-76.312,0.459],[-76.053,0.364],[-75.79,0.084],[-75.647,0.085],[-75.283,-0.107],[-75.142,-0.043],[-74.933,-0.209],[-74.825,-0.17],[-74.413,-0.573],[-74.289,-0.943],[-73.637,-1.255],[-73.497,-1.478],[-73.531,-1.674],[-73.34,-1.792],[-73.186,-1.8],[-73.111,-2.073],[-73.195,-2.187],[-72.943,-2.419],[-72.644,-2.334],[-72.397,-2.447],[-71.966,-2.328],[-71.768,-2.142],[-71.456,-2.255],[-71.387,-2.369],[-71.22,-2.342],[-70.993,-2.197],[-70.874,-2.23],[-70.236,-2.625],[-70.051,-2.715],[-70.734,-3.782],[-70.544,-3.865],[-70.311,-3.829],[-70.188,-4.029],[-69.965,-4.236],[-69.771,-3.234],[-69.566,-2.106],[-69.399,-1.183],[-69.45,-0.997],[-69.628,-0.733],[-69.632,-0.507],[-69.944,-0.305],[-70.074,-0.125],[-70.054,0.588],[-69.619,0.651],[-69.504,0.73],[-69.363,0.641],[-69.137,0.65],[-69.204,0.944],[-69.371,1.063],[-69.852,1.059],[-69.849,1.669],[-69.58,1.77],[-69.352,1.72],[-68.163,1.721],[-68.261,1.858],[-68.201,2.008],[-67.998,1.75],[-67.79,1.813],[-67.593,2.055],[-67.341,2.09],[-67.117,1.71],[-67.074,1.541],[-67.098,1.253],[-66.875,1.223],[-67.067,1.894],[-67.325,2.475],[-67.627,2.813],[-67.839,2.886],[-67.452,3.244],[-67.305,3.426],[-67.471,3.68],[-67.632,3.762],[-67.865,4.512],[-67.793,5.063],[-67.844,5.297],[-67.647,5.483],[-67.601,5.821],[-67.429,6.038],[-67.574,6.266],[-67.839,6.308],[-67.924,6.235],[-68.635,6.136],[-69.061,6.218],[-69.246,6.081],[-69.444,6.122],[-70.097,6.944],[-70.319,6.938],[-70.703,7.1],[-71.184,6.963],[-71.284,7.019],[-71.654,7.053],[-71.833,6.986],[-72.081,7.067],[-72.206,7.382],[-72.451,7.44],[-72.488,7.949],[-72.336,8.104],[-72.387,8.339],[-72.675,8.652],[-72.783,9.06],[-72.936,9.099],[-73.01,9.295],[-73.176,9.191],[-73.378,9.165],[-72.978,9.838],[-72.988,9.999],[-72.908,10.452],[-72.706,10.811],[-72.481,11.133],[-72.257,11.168],[-71.971,11.662],[-71.328,11.85],[-71.114,12.094],[-71.242,12.328],[-71.656,12.465],[-71.905,12.208],[-72.171,12.234],[-72.139,12.105],[-72.263,11.886],[-72.76,11.697],[-73.292,11.294],[-73.826,11.277],[-74.005,11.355],[-74.187,11.317],[-74.218,11.079],[-74.362,10.776],[-74.503,10.974],[-74.844,11.11],[-75.036,10.917],[-75.267,10.795],[-75.51,10.586],[-75.516,10.319],[-75.646,10.194],[-75.574,10.074],[-75.658,9.705],[-75.621,9.453],[-75.91,9.428],[-76.168,9.247],[-76.256,9.007],[-76.673,8.68],[-76.894,8.62],[-76.77,8.398],[-76.757,7.924],[-76.934,7.965],[-76.832,8.137],[-77.053,8.276],[-77.275,8.496],[-77.374,8.665],[-77.48,8.526],[-77.201,7.982],[-77.322,7.881],[-77.34,7.707],[-77.58,7.528],[-77.82,7.477],[-77.896,7.235],[-77.653,6.977],[-77.532,6.712],[-77.343,6.544],[-77.415,6.239],[-77.246,5.787],[-77.356,5.608],[-77.491,5.595],[-77.359,5.297],[-77.367,4.999],[-77.32,4.547],[-77.435,4.155],[-77.425,4.005],[-77.151,3.8],[-77.205,3.621],[-77.457,3.356],[-77.509,3.195],[-77.648,3.074],[-77.643,2.898],[-77.812,2.748],[-77.752,2.627],[-78.087,2.511],[-78.432,2.587],[-78.703,2.19],[-78.586,2],[-78.571,1.782],[-78.846,1.822],[-78.998,1.608],[-78.829,1.434]]]},"properties":{"id":"colombia","name":"コロンビア","nameEn":"Colombia","guide":true,"small":false,"center":[-72.948,4.116]}},
{"type":"Feature","geometry":{"type":"Polygon","coordinates":[[[-62.65,-22.234],[-62.287,-22.484],[-61.956,-23.034],[-61.492,-23.413],[-61.11,-23.607],[-61.006,-23.805],[-60.328,-24.018],[-60.034,-24.007],[-59.46,-24.359],[-59.341,-24.488],[-58.809,-24.777],[-58.224,-24.941],[-57.754,-25.181],[-57.557,-25.46],[-57.875,-25.876],[-57.873,-26.01],[-58.087,-26.127],[-58.206,-26.403],[-58.248,-26.758],[-58.653,-27.156],[-58.511,-27.278],[-58.022,-27.26],[-57.18,-27.487],[-56.904,-27.419],[-56.771,-27.507],[-56.546,-27.455],[-56.368,-27.581],[-56.28,-27.39],[-56.125,-27.299],[-55.913,-27.328],[-55.755,-27.444],[-55.591,-27.328],[-55.599,-27.183],[-55.414,-26.98],[-54.975,-26.788],[-54.706,-26.442],[-54.638,-26.197],[-54.662,-25.98],[-54.588,-25.811],[-54.6,-25.575],[-54.61,-25.433],[-54.43,-25.131],[-54.462,-25.037],[-54.321,-24.628],[-54.261,-24.329],[-54.335,-24.149],[-54.245,-24.051],[-54.613,-23.811],[-54.944,-23.969],[-55.201,-24.02],[-55.398,-23.977],[-55.531,-23.603],[-55.535,-23.229],[-55.638,-23.001],[-55.631,-22.627],[-55.752,-22.416],[-55.893,-22.307],[-56.197,-22.279],[-56.422,-22.074],[-56.655,-22.237],[-56.843,-22.289],[-57.214,-22.188],[-57.385,-22.213],[-57.844,-22.144],[-57.987,-22.035],[-57.896,-21.688],[-57.93,-21.453],[-57.856,-21.331],[-57.825,-20.999],[-57.86,-20.73],[-57.991,-20.621],[-57.989,-20.433],[-58.159,-20.165],[-58.175,-19.821],[-59.09,-19.287],[-60.006,-19.298],[-61.761,-19.658],[-61.944,-20.104],[-62.277,-20.58],[-62.276,-21.067],[-62.65,-22.234]]]},"properties":{"id":"x-PRY","name":"パラグアイ","nameEn":"Paraguay","guide":false,"small":false,"center":[-58.448,-23.437]}},
{"type":"Feature","geometry":{"type":"Polygon","coordinates":[[[-16.789,32.687],[-16.92,32.841],[-17.252,32.815],[-16.977,32.647],[-16.789,32.687]]]},"properties":{"id":"madeira","name":"マデイラ諸島","nameEn":"Madeira","guide":true,"small":true,"center":[-16.962,32.758]}},
{"type":"Feature","geometry":{"type":"Polygon","coordinates":[[[-25.198,37.864],[-25.681,37.843],[-25.506,37.707],[-25.195,37.741],[-25.198,37.864]]]},"properties":{"id":"azores","name":"アゾレス諸島","nameEn":"Azores","guide":true,"small":true,"center":[-25.496,37.809]}},
{"type":"Feature","geometry":{"type":"Polygon","coordinates":[[[-7.414,37.193],[-7.53,37.567],[-7.269,37.949],[-7.024,38.023],[-7.359,38.446],[-7.27,38.738],[-7.056,38.855],[-6.973,39.014],[-7.167,39.113],[-7.327,39.341],[-7.314,39.457],[-7.557,39.68],[-7.036,39.689],[-6.88,40.009],[-7.043,40.181],[-6.794,40.356],[-6.857,40.442],[-6.818,41.054],[-6.647,41.268],[-6.496,41.295],[-6.206,41.57],[-6.555,41.675],[-6.524,41.867],[-6.657,41.933],[-7.145,41.987],[-7.251,41.864],[-7.588,41.824],[-7.722,41.899],[-8.049,41.816],[-8.222,42.154],[-8.751,41.969],[-8.88,41.737],[-8.655,40.994],[-8.865,40.275],[-8.868,40.125],[-9.09,39.579],[-9.353,39.368],[-9.492,38.708],[-9.253,38.665],[-9.2,38.412],[-8.906,38.512],[-8.774,38.187],[-8.868,37.974],[-8.797,37.845],[-8.798,37.49],[-8.879,37.047],[-8.627,37.121],[-8.179,37.088],[-7.981,37.002],[-7.787,37.023],[-7.414,37.193]]]},"properties":{"id":"portugal","name":"ポルトガル","nameEn":"Portugal","guide":true,"small":false,"center":[-7.852,39.57]}},
{"type":"Feature","geometry":{"type":"Polygon","coordinates":[[[26.618,48.259],[26.805,48.258],[27.048,48.122],[27.272,47.715],[27.563,47.468],[27.807,47.145],[28.037,47.016],[28.234,46.662],[28.246,46.428],[28.086,46.001],[28.199,45.462],[28.481,45.502],[28.474,45.658],[28.932,45.993],[29.015,46.183],[28.946,46.455],[29.163,46.538],[29.283,46.397],[29.727,46.456],[29.953,46.725],[29.844,46.854],[29.559,46.946],[29.557,47.324],[29.359,47.353],[29.117,47.533],[29.239,47.756],[29.124,47.976],[28.95,47.935],[28.799,48.112],[28.2,48.212],[27.752,48.452],[27.504,48.472],[27.176,48.362],[26.843,48.394],[26.618,48.259]]]},"properties":{"id":"x-MDA","name":"モルドバ","nameEn":"Moldova","guide":false,"small":false,"center":[28.375,46.974]}},
{"type":"Feature","geometry":{"type":"Polygon","coordinates":[[[61.27,35.618],[61.539,35.452],[62.034,35.424],[62.219,35.306],[62.621,35.223],[63.08,35.437],[63.077,35.625],[63.343,35.856],[64.266,36.152],[64.445,36.25],[64.606,36.461],[64.592,36.621],[64.779,36.938],[64.76,37.093],[65.063,37.233],[65.501,37.242],[65.669,37.521],[66.08,37.441],[66.294,37.331],[66.52,37.364],[66.554,38.027],[65.877,38.273],[65.604,38.237],[64.978,38.612],[64.635,38.744],[64.337,38.971],[64.121,38.962],[63.709,39.191],[63.478,39.403],[62.593,39.89],[62.453,40.009],[62.353,40.43],[62.192,40.499],[62.045,40.715],[61.878,41.125],[61.47,41.297],[61.281,41.157],[60.86,41.253],[60.415,41.235],[60.094,41.39],[60.156,41.603],[59.984,41.949],[60.028,42.2],[59.866,42.304],[59.478,42.286],[59.245,42.365],[59.122,42.538],[58.894,42.548],[58.612,42.781],[58.493,42.645],[58.283,42.689],[57.998,42.493],[57.85,42.191],[57.382,42.164],[56.95,41.866],[57.01,41.254],[56.793,41.288],[55.978,41.322],[55.635,41.264],[55.43,41.291],[54.738,42.048],[54.195,42.318],[54.047,42.345],[53.412,42.258],[52.979,42.127],[52.438,41.749],[52.562,41.519],[52.816,41.389],[52.904,41.69],[52.821,41.765],[52.96,41.984],[53.122,42.09],[53.682,42.144],[53.897,42.079],[54.041,41.535],[54.6,41.192],[54.76,40.965],[54.64,40.839],[54.011,40.658],[53.721,40.626],[53.542,40.762],[53.107,40.774],[52.958,41.016],[52.737,40.485],[52.738,40.054],[52.884,39.945],[53.437,40.003],[53.567,39.95],[53.364,39.538],[53.089,39.383],[53.581,39.33],[53.748,39.054],[53.978,38.902],[53.827,38.525],[53.859,38.206],[53.825,37.745],[53.914,37.343],[54.187,37.324],[54.784,37.517],[54.857,37.761],[55.13,37.952],[55.423,38.076],[55.709,38.119],[55.978,38.066],[56.3,38.08],[56.436,38.255],[56.739,38.27],[57.038,38.187],[57.218,38.265],[57.352,37.968],[57.691,37.92],[58.181,37.775],[58.372,37.63],[58.514,37.691],[58.861,37.668],[59.352,37.494],[59.37,37.319],[59.509,37.19],[60.019,37.026],[60.342,36.637],[61.075,36.648],[61.223,36.118],[61.27,35.618]]]},"properties":{"id":"x-TKM","name":"トルクメニスタン","nameEn":"Turkmenistan","guide":false,"small":false,"center":[59.542,38.966]}},
{"type":"Feature","geometry":{"type":"Polygon","coordinates":[[[35.758,32.744],[35.563,32.644],[35.561,32.385],[35.523,32.058],[35.559,31.765],[35.458,31.492],[35.396,31.258],[35.438,31.104],[35.14,30.43],[35.145,30.155],[34.956,29.559],[34.949,29.352],[36.016,29.19],[36.477,29.495],[36.756,29.866],[37.47,29.995],[37.635,30.313],[37.981,30.499],[37.48,31.007],[36.96,31.491],[38.963,31.994],[39.146,32.118],[39.046,32.308],[39.057,32.497],[38.775,33.372],[38.057,32.994],[36.819,32.317],[36.373,32.386],[36.07,32.517],[35.896,32.713],[35.758,32.744]]]},"properties":{"id":"jordan","name":"ヨルダン","nameEn":"Jordan","guide":true,"small":false,"center":[37.121,31.281]}},
{"type":"Feature","geometry":{"type":"Polygon","coordinates":[[[88.118,27.861],[87.826,27.907],[87.756,27.82],[87.156,27.826],[86.662,28.107],[86.439,27.911],[86.203,28.003],[85.98,27.885],[85.848,28.159],[85.675,28.306],[85.26,28.267],[85.08,28.319],[85.168,28.583],[84.919,28.536],[84.678,28.604],[84.235,28.9],[84.099,29.247],[83.946,29.292],[83.517,29.192],[83.328,29.485],[83.162,29.625],[82.837,29.66],[82.542,29.923],[82.145,30.069],[82.089,30.33],[81.592,30.414],[81.195,30.004],[80.996,30.197],[80.571,29.947],[80.369,29.758],[80.385,29.605],[80.214,29.417],[80.279,29.268],[80.133,29.11],[80.036,28.837],[80.35,28.62],[80.648,28.62],[81,28.397],[81.146,28.372],[81.307,28.124],[81.856,27.851],[82.052,27.905],[82.402,27.677],[82.652,27.704],[82.752,27.495],[83.133,27.444],[83.834,27.434],[84.08,27.51],[84.289,27.376],[84.577,27.329],[84.64,27.028],[84.802,27.014],[85.287,26.737],[85.599,26.854],[85.822,26.572],[86.011,26.654],[86.284,26.612],[86.714,26.415],[87.041,26.58],[87.083,26.432],[87.326,26.353],[87.871,26.461],[88.074,26.454],[88.169,26.744],[87.971,27.103],[88.023,27.495],[88.16,27.774],[88.118,27.861]]]},"properties":{"id":"nepal","name":"ネパール","nameEn":"Nepal","guide":true,"small":false,"center":[84.1,28.38]}},
{"type":"Feature","geometry":{"type":"Polygon","coordinates":[[[28.981,-28.909],[28.7,-28.688],[28.667,-28.597],[28.155,-28.702],[28.019,-28.857],[27.747,-28.909],[27.665,-29.066],[27.242,-29.549],[27.015,-29.626],[27.366,-30.311],[27.459,-30.317],[27.744,-30.6],[28.055,-30.65],[28.364,-30.159],[28.86,-30.066],[29.144,-29.92],[29.161,-29.667],[29.436,-29.342],[29.312,-29.09],[28.981,-28.909]]]},"properties":{"id":"lesotho","name":"レソト","nameEn":"Lesotho","guide":true,"small":false,"center":[28.219,-29.615]}},
{"type":"Feature","geometry":{"type":"Polygon","coordinates":[[[11.322,2.166],[11.352,2.301],[12.203,2.28],[12.334,2.31],[12.75,2.237],[13.243,2.271],[13.295,2.161],[14.267,2.152],[14.562,2.209],[14.706,2.106],[14.871,2.102],[15.092,1.984],[15.234,2.031],[15.349,1.923],[15.483,1.976],[15.765,1.909],[15.89,1.793],[16.159,1.735],[16.065,1.979],[16.104,2.194],[16.197,2.236],[16.09,2.51],[16.092,2.863],[15.914,3.098],[15.786,3.108],[15.171,3.759],[15.085,3.886],[15.103,4.112],[15.001,4.403],[14.717,4.622],[14.663,5.142],[14.524,5.28],[14.597,5.411],[14.631,5.738],[14.585,5.923],[14.398,6.019],[14.535,6.19],[14.719,6.258],[14.932,6.71],[15.042,6.791],[15.224,7.248],[15.433,7.39],[15.481,7.523],[15.563,7.792],[15.441,7.839],[15.345,8.136],[15.184,8.479],[15.031,8.659],[14.794,8.814],[14.35,9.168],[14.321,9.243],[13.948,9.638],[14.182,9.978],[14.44,9.995],[14.732,9.924],[15.215,9.984],[15.383,9.93],[15.536,10.081],[15.301,10.312],[15.066,10.793],[15.021,11.183],[15.136,11.531],[15.068,11.7],[15.041,12.056],[14.903,12.146],[14.908,12.327],[14.831,12.618],[14.491,12.886],[14.418,13.081],[14.065,13.078],[14.177,12.546],[14.18,12.386],[14.514,12.324],[14.67,12.167],[14.547,11.719],[14.594,11.496],[14.165,11.238],[13.982,11.276],[13.755,11.017],[13.566,10.679],[13.435,10.153],[13.248,10.079],[13.263,9.802],[13.195,9.542],[12.862,9.383],[12.806,8.832],[12.66,8.659],[12.377,8.595],[12.25,8.419],[12.198,7.975],[12.055,7.784],[12.025,7.597],[11.78,7.241],[11.881,7.102],[11.623,6.932],[11.51,6.612],[11.319,6.437],[11.097,6.449],[11.056,6.7],[10.877,6.816],[10.832,6.945],[10.603,7.058],[10.496,6.875],[10.238,6.871],[10.119,6.994],[9.875,6.788],[9.77,6.774],[9.693,6.531],[9.588,6.503],[8.856,5.847],[8.894,5.622],[8.799,5.16],[8.594,4.815],[8.505,4.551],[8.702,4.501],[8.872,4.602],[8.971,4.101],[9.412,3.902],[9.579,4.013],[9.642,3.539],[9.903,3.273],[9.958,3.082],[9.878,2.881],[9.8,2.342],[9.991,2.166],[11.322,2.166]]]},"properties":{"id":"x-CMR","name":"カメルーン","nameEn":"Cameroon","guide":false,"small":false,"center":[12.356,7.368]}},
{"type":"Feature","geometry":{"type":"Polygon","coordinates":[[[13.295,2.161],[13.243,2.271],[12.75,2.237],[12.334,2.31],[12.203,2.28],[11.352,2.301],[11.322,2.166],[11.336,0.999],[9.804,0.998],[9.562,0.963],[9.618,0.807],[9.52,0.684],[9.309,0.614],[9.498,0.291],[9.355,0.016],[9.267,-0.412],[9.101,-0.6],[8.8,-0.734],[9.03,-1.299],[9.285,-1.416],[9.244,-1.786],[9.368,-1.995],[9.566,-2.193],[9.597,-2.352],[9.843,-2.501],[9.902,-2.7],[10.453,-3.133],[10.635,-3.314],[10.646,-3.452],[10.985,-3.715],[11.114,-3.937],[11.213,-3.697],[11.57,-3.545],[11.649,-3.673],[11.828,-3.548],[11.944,-3.303],[11.688,-3.171],[11.764,-2.983],[11.637,-2.833],[11.558,-2.349],[11.756,-2.415],[11.938,-2.329],[12.062,-2.415],[12.459,-2.33],[12.423,-1.898],[12.583,-1.827],[12.805,-1.919],[13.011,-2.288],[13.361,-2.429],[13.593,-2.327],[13.771,-2.119],[13.885,-2.488],[14.081,-2.5],[14.227,-2.323],[14.252,-1.968],[14.371,-1.921],[14.374,-1.604],[14.482,-1.389],[14.392,-1.023],[14.499,-0.631],[14.121,-0.302],[13.831,-0.205],[13.921,-0.053],[13.871,0.196],[14.076,0.539],[14.232,0.543],[14.468,0.913],[14.275,1.156],[14.184,1.381],[13.795,1.434],[13.543,1.283],[13.25,1.222],[13.239,1.428],[13.13,1.592],[13.207,1.994],[13.295,2.161]]]},"properties":{"id":"x-GAB","name":"ガボン","nameEn":"Gabon","guide":false,"small":false,"center":[11.597,-0.807]}},
{"type":"Feature","geometry":{"type":"Polygon","coordinates":[[[3.596,11.696],[3.651,12.269],[3.646,12.529],[3.929,12.75],[4.089,12.996],[4.126,13.473],[4.248,13.494],[4.507,13.695],[4.857,13.774],[5.274,13.753],[5.554,13.873],[6.12,13.654],[6.369,13.626],[6.673,13.321],[6.907,13.007],[7.09,13.006],[7.198,13.117],[7.392,13.113],[7.756,13.327],[8.078,13.31],[8.398,13.075],[8.534,13.065],[8.679,12.924],[9.269,12.81],[9.641,12.823],[9.93,13.146],[10.162,13.267],[10.675,13.375],[11.44,13.364],[11.853,13.245],[12.058,13.117],[12.473,13.064],[12.561,13.243],[12.683,13.289],[12.884,13.496],[13.228,13.548],[13.36,13.714],[13.607,13.704],[13.449,14.38],[13.764,14.719],[13.834,15.02],[14.369,15.75],[15.452,16.876],[15.472,16.917],[15.583,18.174],[15.736,19.904],[15.954,20.375],[15.544,20.799],[15.609,20.951],[15.301,21.401],[15.18,21.507],[15.172,21.993],[14.98,22.996],[14.232,22.618],[13.6,23.119],[13.482,23.18],[11.969,23.517],[11.084,22.996],[9.723,22.193],[8.634,21.552],[7.483,20.873],[6.61,20.143],[5.838,19.479],[5.749,19.434],[4.229,19.142],[4.232,18.153],[4.236,16.996],[4.182,16.81],[4.184,16.416],[4.061,16.298],[3.871,15.715],[3.527,15.496],[3.507,15.354],[3.073,15.427],[3,15.339],[1.332,15.284],[0.974,14.991],[0.67,14.94],[0.515,14.994],[0.218,14.911],[0.153,14.547],[0.389,14.252],[0.339,14.126],[0.621,13.68],[0.951,13.583],[0.972,13.067],[1.114,12.996],[1.536,12.647],[1.826,12.604],[1.972,12.724],[2.109,12.706],[2.245,12.424],[2.071,12.307],[2.39,11.897],[2.361,12.219],[2.844,12.399],[3.255,12.019],[3.293,11.919],[3.503,11.83],[3.596,11.696]]]},"properties":{"id":"x-NER","name":"ニジェール","nameEn":"Niger","guide":false,"small":false,"center":[8.062,17.607]}},
{"type":"Feature","geometry":{"type":"Polygon","coordinates":[[[2.39,11.897],[2.071,12.307],[2.245,12.424],[2.109,12.706],[1.972,12.724],[1.826,12.604],[1.536,12.647],[1.114,12.996],[0.972,13.067],[0.951,13.583],[0.621,13.68],[0.339,14.126],[0.389,14.252],[0.153,14.547],[0.218,14.911],[-0.237,15.066],[-0.753,15.07],[-1.043,14.818],[-1.35,14.715],[-1.697,14.496],[-1.967,14.484],[-2.023,14.199],[-2.152,14.156],[-2.462,14.281],[-2.841,14.043],[-2.928,13.8],[-2.895,13.652],[-3.068,13.607],[-3.26,13.658],[-3.249,13.293],[-3.597,13.199],[-3.799,13.347],[-3.984,13.396],[-4.351,13.118],[-4.229,12.949],[-4.387,12.53],[-4.406,12.307],[-4.807,11.996],[-5.168,11.944],[-5.268,11.843],[-5.308,11.629],[-5.218,11.422],[-5.322,11.136],[-5.49,11.082],[-5.431,10.845],[-5.523,10.425],[-5.403,10.301],[-5.112,10.279],[-4.966,9.901],[-4.838,9.869],[-4.705,9.702],[-4.604,9.727],[-4.323,9.609],[-4.27,9.744],[-3.662,9.949],[-3.137,9.83],[-2.99,9.708],[-2.764,9.392],[-2.689,9.489],[-2.795,9.72],[-2.737,9.833],[-2.833,10.306],[-2.933,10.634],[-2.864,10.864],[-2.751,10.986],[-1.599,10.997],[-0.516,10.989],[-0.406,11.101],[-0.166,11.135],[0.487,11.003],[0.901,10.993],[1.035,11.049],[1.131,11.248],[1.268,11.248],[1.434,11.459],[1.602,11.389],[2.011,11.427],[2.291,11.675],[2.39,11.897]]]},"properties":{"id":"x-BFA","name":"ブルキナファソ","nameEn":"Burkina Faso","guide":false,"small":false,"center":[-1.566,12.236]}},
{"type":"Feature","geometry":{"type":"Polygon","coordinates":[[[-0.166,11.135],[0.016,11.063],[-0.088,10.633],[0.177,10.398],[0.367,10.304],[0.355,9.571],[0.538,9.378],[0.431,9.028],[0.506,8.866],[0.366,8.774],[0.444,8.607],[0.616,8.489],[0.705,8.283],[0.574,8.204],[0.612,7.699],[0.501,7.455],[0.646,7.324],[0.519,6.832],[0.715,6.584],[0.767,6.419],[1.185,6.1],[1.62,6.214],[1.782,6.277],[1.744,6.426],[1.566,6.678],[1.626,6.997],[1.621,7.997],[1.601,9.05],[1.425,9.284],[1.351,9.595],[1.331,9.996],[0.769,10.367],[0.781,10.693],[0.901,10.993],[0.487,11.003],[-0.166,11.135]]]},"properties":{"id":"x-TGO","name":"トーゴ","nameEn":"Togo","guide":false,"small":false,"center":[0.808,8.618]}},
{"type":"Feature","geometry":{"type":"Polygon","coordinates":[[[-0.166,11.135],[-0.406,11.101],[-0.516,10.989],[-1.599,10.997],[-2.751,10.986],[-2.864,10.864],[-2.933,10.634],[-2.833,10.306],[-2.737,9.833],[-2.795,9.72],[-2.689,9.489],[-2.66,9.273],[-2.775,9.055],[-2.619,8.924],[-2.506,8.209],[-2.619,8.123],[-2.84,7.82],[-2.942,7.577],[-3.046,7.071],[-3.225,6.849],[-3.263,6.617],[-2.97,5.621],[-2.782,5.579],[-2.733,5.356],[-2.844,5.149],[-3.115,5.108],[-3.12,5.091],[-2.357,4.92],[-2.091,4.737],[-1.749,4.877],[-1.569,5.019],[-1.234,5.101],[-1.05,5.199],[-0.8,5.215],[-0.507,5.369],[-0.372,5.493],[0.035,5.628],[0.322,5.779],[0.723,5.755],[0.995,5.839],[1.185,6.1],[0.767,6.419],[0.715,6.584],[0.519,6.832],[0.646,7.324],[0.501,7.455],[0.612,7.699],[0.574,8.204],[0.705,8.283],[0.616,8.489],[0.444,8.607],[0.366,8.774],[0.506,8.866],[0.431,9.028],[0.538,9.378],[0.355,9.571],[0.367,10.304],[0.177,10.398],[-0.088,10.633],[0.016,11.063],[-0.166,11.135]]]},"properties":{"id":"ghana","name":"ガーナ","nameEn":"Ghana","guide":true,"small":false,"center":[-1.037,7.95]}},
{"type":"Feature","geometry":{"type":"Polygon","coordinates":[[[-13.728,12.673],[-15.195,12.679],[-15.677,12.439],[-16.233,12.453],[-16.382,12.374],[-16.728,12.333],[-16.472,12.186],[-16.332,12.005],[-15.97,11.768],[-15.83,11.748],[-15.585,11.851],[-15.396,11.532],[-15.41,11.19],[-15.207,11.125],[-15.021,10.967],[-14.828,11.335],[-14.687,11.511],[-14.521,11.513],[-14.279,11.665],[-14.015,11.637],[-13.73,11.71],[-13.724,12.003],[-13.965,12.148],[-13.712,12.268],[-13.663,12.476],[-13.728,12.673]]]},"properties":{"id":"x-GNB","name":"ギニアビサウ","nameEn":"Guinea-Bissau","guide":false,"small":false,"center":[-15.195,11.804]}},
{"type":"Feature","geometry":{"type":"Polygon","coordinates":[[[-5.358,36.141],[-5.35,36.119],[-5.339,36.124],[-5.339,36.141],[-5.358,36.141]]]},"properties":{"id":"gibraltar","name":"ジブラルタル","nameEn":"Gibraltar","guide":true,"small":true,"center":[-5.349,36.126]}},
{"type":"Feature","geometry":{"type":"MultiPolygon","coordinates":[[[[-141.006,69.651],[-142.271,69.856],[-142.601,70.013],[-143.236,70.118],[-144.942,69.978],[-145.88,70.175],[-147.124,70.168],[-148.381,70.312],[-149.344,70.51],[-150.513,70.504],[-151.178,70.449],[-151.98,70.449],[-152.456,70.556],[-152.546,70.888],[-153.302,70.929],[-154.539,70.826],[-154.597,71],[-155.109,71.15],[-155.594,71.07],[-155.999,71.195],[-156.817,71.306],[-157.231,71.071],[-158.043,70.837],[-159.357,70.76],[-159.948,70.636],[-160.861,70.347],[-161.342,70.259],[-162.015,70.277],[-162.538,69.957],[-162.95,69.79],[-163.156,69.359],[-163.623,69.119],[-164.346,68.929],[-165.665,68.862],[-166.237,68.875],[-166.24,68.564],[-166.548,68.359],[-165.928,68.137],[-165.437,68.06],[-164.151,67.62],[-163.81,67.335],[-163.688,67.103],[-162.435,66.991],[-161.835,67.055],[-161.868,66.706],[-161.314,66.535],[-160.881,66.672],[-160.219,66.532],[-160.249,66.402],[-160.785,66.374],[-161.061,66.486],[-161.607,66.454],[-162.081,66.666],[-162.015,66.772],[-162.327,66.96],[-162.639,66.9],[-161.745,66.406],[-161.571,66.258],[-161.916,66.042],[-162.655,66.039],[-163.68,66.079],[-163.89,66.168],[-163.986,66.612],[-164.718,66.556],[-165.306,66.437],[-165.89,66.241],[-166.725,66.061],[-167.06,65.878],[-167.346,65.899],[-168.081,65.591],[-167.399,65.401],[-166.31,65.312],[-166.75,65.062],[-166.39,64.899],[-166.483,64.73],[-166.19,64.585],[-165.036,64.448],[-164.342,64.59],[-162.607,64.507],[-162.081,64.721],[-161.422,64.774],[-161.183,64.94],[-160.885,64.81],[-160.803,64.643],[-161.035,64.508],[-160.792,63.747],[-161.186,63.506],[-162.087,63.452],[-163.094,63.057],[-163.351,63.031],[-163.767,63.225],[-164.145,63.262],[-164.579,63.141],[-164.883,62.842],[-164.813,62.62],[-165.133,62.516],[-165.706,62.117],[-165.609,61.851],[-166.2,61.595],[-165.777,61.516],[-165.921,61.399],[-165.624,61.28],[-165.622,61.144],[-165.059,61.063],[-165.129,60.923],[-164.564,60.855],[-163.766,60.889],[-163.424,60.765],[-163.794,60.584],[-163.956,60.78],[-164.669,60.826],[-165.314,60.581],[-164.989,60.341],[-164.201,60.034],[-164.098,59.834],[-163.615,59.801],[-163.088,59.859],[-162.526,59.998],[-162.375,60.176],[-161.714,59.501],[-161.947,59.388],[-161.974,59.131],[-161.717,58.755],[-161.357,58.726],[-160.352,59.071],[-160.257,58.912],[-159.911,58.776],[-159.725,58.91],[-159.385,58.756],[-159.051,58.425],[-158.77,58.518],[-158.794,58.816],[-158.408,58.77],[-158.154,58.614],[-157.084,58.887],[-157.062,58.726],[-157.503,58.464],[-157.709,57.73],[-157.71,57.569],[-158.312,57.315],[-158.682,57.022],[-158.681,56.787],[-158.945,56.843],[-159.456,56.629],[-159.746,56.579],[-160.369,56.277],[-160.521,55.935],[-160.82,55.739],[-161.124,55.961],[-161.826,55.88],[-162.227,55.698],[-163.041,55.099],[-162.878,54.939],[-162.416,55.098],[-162.275,55.02],[-161.957,55.126],[-161.716,55.393],[-161.621,55.613],[-161.389,55.572],[-161.279,55.355],[-160.478,55.495],[-159.83,55.853],[-159.625,55.813],[-158.859,56.013],[-158.484,56.032],[-158.318,56.175],[-158.355,56.471],[-158.068,56.512],[-157.913,56.654],[-157.189,56.776],[-156.768,57.012],[-156.574,56.983],[-156.346,57.178],[-156.339,57.415],[-155.394,57.726],[-155.069,57.897],[-155.023,58.026],[-154.583,58.025],[-154.166,58.217],[-153.899,58.617],[-153.439,58.734],[-153.332,58.934],[-153.712,59.071],[-154.198,59.077],[-154.076,59.381],[-153.725,59.466],[-153.573,59.642],[-153.055,59.71],[-153.021,59.889],[-152.738,59.908],[-152.34,60.476],[-151.841,60.751],[-151.747,60.917],[-151.155,61.064],[-150.634,61.299],[-149.618,60.995],[-150.044,60.917],[-150.453,61.034],[-151.071,60.785],[-151.417,60.718],[-151.283,60.537],[-151.465,60.188],[-151.706,60.042],[-151.883,59.787],[-151.747,59.683],[-151.273,59.56],[-151.894,59.413],[-151.977,59.279],[-151.742,59.167],[-151.092,59.285],[-150.326,59.476],[-149.739,59.891],[-149.341,60.022],[-148.562,59.957],[-148.402,59.991],[-147.942,60.443],[-148.306,60.896],[-147.365,60.891],[-146.816,61.032],[-146.511,60.819],[-145.692,60.657],[-145.939,60.456],[-145.236,60.368],[-144.915,60.381],[-144.571,60.191],[-144.348,60.201],[-143.919,59.997],[-142.798,60.112],[-141.969,60.028],[-141.733,59.963],[-141.386,60.035],[-141.274,59.849],[-140.863,59.746],[-140.323,59.701],[-139.621,59.89],[-139.473,59.718],[-139.857,59.546],[-139.206,59.32],[-138.185,59.026],[-137.931,58.803],[-137.519,58.565],[-136.979,58.407],[-136.598,58.223],[-136.027,58.388],[-136.269,58.764],[-136.06,58.826],[-135.841,58.528],[-135.053,58.309],[-135.226,58.612],[-135.144,58.834],[-134.767,58.4],[-134.498,58.354],[-134.242,58.214],[-134.068,58.279],[-134.06,58.072],[-133.861,57.957],[-133.573,57.716],[-133.391,57.335],[-133.552,57.181],[-133.093,57.086],[-132.479,56.743],[-132.477,56.604],[-131.971,56.356],[-131.944,56.007],[-132.262,55.74],[-131.961,55.501],[-131.736,55.887],[-131.414,56.01],[-131.165,55.941],[-130.89,55.715],[-130.873,55.342],[-131.058,55.199],[-130.934,54.824],[-130.58,54.806],[-130.365,54.907],[-129.989,55.284],[-130.174,55.749],[-130.02,55.908],[-130.072,56.084],[-130.404,56.122],[-130.496,56.232],[-131.101,56.408],[-131.586,56.595],[-131.799,56.588],[-131.872,56.793],[-132.107,56.859],[-132.032,57.028],[-132.552,57.499],[-133.463,58.462],[-133.871,58.736],[-134.222,58.843],[-134.398,59.052],[-135.096,59.419],[-135.016,59.543],[-135.483,59.792],[-136.258,59.622],[-136.468,59.462],[-136.467,59.288],[-137.423,58.908],[-137.611,59.239],[-138.599,59.754],[-138.692,59.887],[-139.182,60.073],[-139.102,60.347],[-139.628,60.334],[-140.016,60.187],[-140.534,60.219],[-141.001,60.321],[-141.002,61.633],[-141.003,63.382],[-141.003,64.549],[-141.004,65.569],[-141.004,66.59],[-141.005,67.756],[-141.006,69.651]]],[[[-130.962,55.585],[-130.938,55.652],[-131.28,55.965],[-131.671,55.84],[-131.81,55.477],[-131.662,55.343],[-131.192,55.186],[-131.065,55.261],[-130.962,55.585]]],[[[-132.548,56.304],[-132.681,56.229],[-132.303,55.915],[-132.092,56.106],[-132.548,56.304]]],[[[-131.977,54.832],[-131.994,55.268],[-132.401,55.517],[-132.347,55.643],[-132.736,55.997],[-133.063,56.052],[-133.182,56.332],[-133.587,56.353],[-133.612,56.212],[-133.286,56.167],[-133.237,55.9],[-133.385,55.709],[-133.063,55.623],[-133.213,55.279],[-132.96,55.277],[-132.609,55.119],[-132.579,54.954],[-132.265,54.845],[-131.977,54.832]]],[[[-132.96,56.788],[-132.792,56.497],[-132.533,56.6],[-132.816,56.797],[-132.96,56.788]]],[[[-133.885,56.49],[-133.706,56.604],[-133.801,56.777],[-134.176,56.922],[-134.409,56.843],[-134.358,56.677],[-134.067,56.478],[-133.885,56.49]]],[[[-133.913,57.083],[-133.697,56.832],[-133.659,56.464],[-133.148,56.462],[-132.934,56.642],[-132.991,56.808],[-132.98,56.935],[-133.913,57.083]]],[[[-134.621,56.744],[-134.808,57.181],[-134.995,57.398],[-135.381,57.554],[-135.673,57.35],[-135.31,57.047],[-135.368,56.829],[-135.155,56.746],[-135.053,56.538],[-134.75,56.217],[-134.626,56.261],[-134.621,56.744]]],[[[-152.161,57.627],[-152.468,57.657],[-152.486,57.911],[-153.202,57.946],[-153.192,57.805],[-153.925,57.81],[-153.754,57.562],[-154.239,57.673],[-154.615,57.527],[-154.81,57.347],[-154.535,57.175],[-154.529,56.992],[-153.963,56.748],[-153.56,56.987],[-153.253,57.237],[-152.692,57.283],[-152.591,57.451],[-152.33,57.446],[-152.161,57.627]]],[[[-135.848,57.394],[-135.546,57.466],[-135.628,57.706],[-135.057,57.467],[-134.814,57.497],[-134.942,57.807],[-134.925,58.027],[-135.814,58.274],[-135.982,58.168],[-136.405,58.134],[-136.395,57.886],[-135.848,57.394]]],[[[-134.354,57.093],[-133.865,57.355],[-133.938,57.619],[-134.312,57.979],[-134.186,58.168],[-134.693,58.168],[-134.798,58.113],[-134.654,57.598],[-134.464,57.394],[-134.623,57.111],[-134.354,57.093]]],[[[-151.966,58.333],[-152.477,58.361],[-153.042,58.306],[-153.23,58.169],[-152.805,57.992],[-151.966,58.333]]],[[[-147.107,60.286],[-147.703,59.998],[-147.49,59.939],[-147.107,60.286]]],[[[-167.857,53.393],[-168.2,53.54],[-168.76,53.187],[-168.49,53.042],[-168.288,53.243],[-167.857,53.393]]],[[[-166.294,53.728],[-166.456,53.896],[-166.754,54.016],[-167.163,53.857],[-166.947,53.716],[-167.155,53.623],[-167.159,53.477],[-167.475,53.434],[-167.665,53.242],[-166.877,53.482],[-166.656,53.502],[-166.294,53.728]]],[[[173.377,52.83],[173.127,52.995],[172.66,53.009],[172.64,52.869],[172.944,52.75],[173.377,52.83]]],[[[-163.074,54.688],[-163.373,54.793],[-163.572,55.057],[-163.917,55.036],[-164.314,54.893],[-164.547,54.883],[-164.701,54.678],[-164.958,54.585],[-164.845,54.423],[-164.406,54.436],[-164.133,54.623],[-163.623,54.612],[-163.074,54.688]]],[[[-165.582,59.951],[-165.684,60.3],[-166.185,60.402],[-166.459,60.387],[-166.874,60.211],[-167.288,60.239],[-167.19,60.028],[-166.613,59.856],[-166.244,59.808],[-165.582,59.951]]],[[[-168.741,63.281],[-169.55,63.363],[-170.039,63.532],[-170.297,63.696],[-170.937,63.572],[-171.504,63.653],[-171.853,63.521],[-171.439,63.32],[-170.856,63.46],[-170.444,63.359],[-169.716,63.025],[-169.287,63.193],[-168.812,63.17],[-168.741,63.281]]]]},"properties":{"id":"alaska","name":"アラスカ","nameEn":"Alaska","guide":true,"small":false,"center":[-149.063,63.088]}},
{"type":"Feature","geometry":{"type":"MultiPolygon","coordinates":[[[[-154.9,19.567],[-155.087,19.86],[-155.332,20.047],[-155.867,20.263],[-155.824,20.02],[-156.06,19.731],[-155.886,19.334],[-155.878,19.029],[-155.683,18.933],[-155.503,19.138],[-155.291,19.26],[-154.982,19.339],[-154.9,19.567]]],[[[-156.002,20.8],[-156.298,20.953],[-156.482,20.904],[-156.408,20.587],[-156.003,20.686],[-156.002,20.8]]],[[[-156.749,21.171],[-157.26,21.222],[-157.273,21.087],[-156.87,21.053],[-156.749,21.171]]],[[[-157.707,21.352],[-157.962,21.705],[-158.228,21.483],[-158.094,21.294],[-157.795,21.255],[-157.707,21.352]]],[[[-159.301,22.151],[-159.4,22.235],[-159.717,22.158],[-159.76,21.979],[-159.437,21.869],[-159.301,22.151]]]]},"properties":{"id":"hawaii","name":"ハワイ","nameEn":"Hawaii","guide":true,"small":false,"center":[-155.437,19.585]}},
{"type":"Feature","geometry":{"type":"MultiPolygon","coordinates":[[[[-122.753,48.993],[-122.44,48.581],[-122.534,48.375],[-122.392,48.31],[-122.32,47.942],[-122.413,47.642],[-122.324,47.373],[-122.722,47.089],[-122.799,47.205],[-122.586,47.336],[-122.508,47.52],[-122.628,47.693],[-122.468,47.757],[-122.792,48.083],[-124.05,48.177],[-124.575,48.37],[-124.735,48.17],[-124.638,47.908],[-124.423,47.742],[-124.318,47.357],[-124.172,47.042],[-124.013,46.984],[-124.093,46.743],[-123.913,46.728],[-123.898,46.442],[-123.981,45.76],[-123.921,45.663],[-123.971,45.154],[-124.151,43.882],[-124.277,43.421],[-124.377,43.34],[-124.548,42.845],[-124.415,42.662],[-124.433,42.329],[-124.062,41.436],[-124.11,41.015],[-124.214,40.701],[-124.409,40.444],[-124.364,40.261],[-124.116,40.107],[-123.854,39.834],[-123.77,39.545],[-123.825,39.347],[-123.648,38.85],[-122.975,38.266],[-122.921,38.035],[-122.528,37.816],[-122.487,38.105],[-122.146,37.579],[-122.52,37.531],[-122.4,37.36],[-122.404,37.195],[-122.154,36.977],[-121.937,36.978],[-121.79,36.806],[-121.946,36.492],[-121.896,36.314],[-121.49,35.982],[-121.269,35.664],[-120.871,35.405],[-120.898,35.25],[-120.645,35.139],[-120.648,34.586],[-120.473,34.45],[-120.133,34.473],[-119.879,34.407],[-119.617,34.421],[-119.269,34.255],[-119.217,34.146],[-118.937,34.043],[-118.544,34.039],[-118.391,33.836],[-118.091,33.731],[-117.509,33.335],[-117.322,33.109],[-117.257,32.702],[-117.125,32.532],[-115.794,32.632],[-114.724,32.713],[-114.822,32.5],[-113.962,32.234],[-112.325,31.728],[-111.067,31.334],[-109.582,31.327],[-108.215,31.327],[-108.215,31.778],[-106.517,31.774],[-106.358,31.718],[-106.164,31.448],[-106.005,31.397],[-105.364,30.85],[-105.008,30.677],[-104.682,30.193],[-104.68,29.942],[-104.531,29.668],[-104.267,29.527],[-104.057,29.339],[-103.794,29.278],[-103.673,29.174],[-103.302,29.002],[-103.148,28.985],[-102.883,29.344],[-102.683,29.744],[-102.406,29.777],[-102.302,29.889],[-101.972,29.818],[-101.409,29.766],[-101.164,29.501],[-100.816,29.271],[-100.669,29.116],[-100.624,28.925],[-100.397,28.593],[-100.284,28.297],[-100.075,28.154],[-99.7,27.659],[-99.507,27.574],[-99.462,27.057],[-99.248,26.827],[-99.085,26.408],[-98.796,26.368],[-98.641,26.242],[-98.369,26.194],[-98.223,26.075],[-97.68,26.035],[-97.425,25.855],[-97.139,25.966],[-97.311,26.123],[-97.352,26.354],[-97.55,27.009],[-97.184,27.837],[-97.025,28.041],[-96.654,28.319],[-96.404,28.435],[-96.559,28.654],[-96.205,28.587],[-95.817,28.732],[-95.602,28.764],[-95.159,29.046],[-95.159,29.152],[-94.889,29.376],[-95.024,29.542],[-94.876,29.666],[-94.654,29.452],[-94.06,29.682],[-93.933,29.776],[-93.739,29.737],[-93.2,29.773],[-92.683,29.604],[-92.276,29.534],[-92.107,29.62],[-91.984,29.832],[-91.685,29.753],[-91.534,29.534],[-91.22,29.404],[-91.229,29.239],[-90.706,29.12],[-90.562,29.301],[-90.08,29.175],[-90.036,29.366],[-89.908,29.477],[-89.758,29.343],[-89.483,29.243],[-89.384,29.088],[-89.188,29.03],[-89.023,29.147],[-89.202,29.353],[-89.342,29.346],[-89.668,29.522],[-89.457,29.829],[-89.687,29.883],[-89.839,29.995],[-90.339,30.066],[-90.405,30.22],[-90.222,30.388],[-89.708,30.175],[-89.443,30.19],[-89.33,30.303],[-88.928,30.442],[-88.742,30.354],[-88.471,30.324],[-88.355,30.404],[-88.12,30.338],[-88.053,30.654],[-87.786,30.237],[-87.329,30.32],[-87.157,30.475],[-86.68,30.422],[-86.485,30.48],[-86.365,30.381],[-85.671,30.123],[-85.357,29.889],[-85.308,29.693],[-84.887,29.73],[-84.508,29.922],[-84.27,30.093],[-84.024,30.107],[-83.681,29.921],[-83.405,29.532],[-83.216,29.411],[-83.024,29.175],[-82.849,29.182],[-82.644,28.9],[-82.664,28.448],[-82.787,28.194],[-82.842,27.829],[-82.638,27.701],[-82.596,27.983],[-82.398,27.796],[-82.661,27.52],[-82.562,27.276],[-82.314,26.849],[-82.082,26.68],[-82.039,26.528],[-81.856,26.449],[-81.801,26.099],[-81.322,25.783],[-81.149,25.395],[-81.087,25.121],[-80.855,25.186],[-80.711,25.145],[-80.427,25.222],[-80.314,25.371],[-80.307,25.618],[-80.129,25.888],[-80.038,26.811],[-80.076,26.973],[-80.345,27.515],[-80.381,27.666],[-80.738,28.373],[-80.766,28.612],[-80.609,28.61],[-80.922,29.068],[-81.256,29.789],[-81.499,30.704],[-81.499,30.968],[-81.27,31.275],[-81.364,31.416],[-81.196,31.718],[-80.836,32.003],[-80.888,32.069],[-80.441,32.366],[-80.409,32.481],[-80.005,32.612],[-79.607,32.916],[-79.387,33.017],[-79.203,33.193],[-79.133,33.417],[-78.938,33.642],[-78.559,33.869],[-77.911,33.958],[-77.833,34.207],[-77.536,34.469],[-77.202,34.651],[-76.896,34.739],[-76.658,34.722],[-76.336,34.899],[-76.548,34.999],[-76.442,35.404],[-76.15,35.347],[-75.897,35.579],[-75.754,35.612],[-75.722,35.829],[-75.853,35.98],[-76.195,35.994],[-76.02,36.191],[-75.86,36.162],[-75.928,36.706],[-75.989,36.912],[-76.269,36.961],[-76.379,37.272],[-76.245,37.45],[-76.357,37.522],[-76.248,37.903],[-76.531,38.025],[-76.321,38.139],[-76.512,38.528],[-76.552,38.776],[-76.399,39.014],[-76.424,39.324],[-76.175,39.316],[-76.154,38.895],[-76.34,38.728],[-76.145,38.665],[-76.319,38.474],[-76.221,38.344],[-75.814,38.135],[-75.708,37.833],[-75.922,37.611],[-75.887,37.357],[-75.492,37.831],[-75.434,37.962],[-75.154,38.241],[-75.058,38.553],[-75.166,38.794],[-75.394,39.056],[-75.359,39.338],[-74.746,39.055],[-74.359,39.55],[-74.168,39.699],[-73.972,40.328],[-74.283,40.497],[-73.635,41.007],[-72.779,41.27],[-72.288,41.283],[-71.498,41.366],[-71.356,41.746],[-71.207,41.646],[-71.186,41.469],[-70.533,41.816],[-70.631,42.093],[-70.784,42.26],[-71.038,42.308],[-70.861,42.547],[-70.815,42.87],[-70.52,43.34],[-70.239,43.7],[-69.986,43.863],[-69.787,43.738],[-69.649,43.898],[-69.263,43.93],[-69.119,44.041],[-68.987,44.421],[-68.756,44.334],[-68.27,44.486],[-68.098,44.386],[-67.9,44.422],[-67.807,44.575],[-67.575,44.553],[-67.224,44.644],[-66.977,44.816],[-67.176,45.179],[-67.475,45.282],[-67.45,45.611],[-67.8,45.7],[-67.773,45.828],[-67.805,47.036],[-68.197,47.341],[-68.906,47.19],[-69.07,47.432],[-69.268,47.44],[-70.008,46.704],[-70.074,46.42],[-70.188,46.358],[-70.311,46.072],[-70.263,45.923],[-70.407,45.732],[-70.687,45.573],[-70.834,45.393],[-71.142,45.252],[-71.395,45.242],[-71.504,45.014],[-73.399,45.004],[-74.713,44.999],[-74.868,45.01],[-75.27,44.864],[-75.7,44.582],[-75.87,44.409],[-76.067,44.348],[-76.455,44.084],[-76.842,43.626],[-78.688,43.632],[-79.174,43.465],[-79.054,43.26],[-79.019,42.803],[-80.247,42.365],[-81.277,42.209],[-82.425,41.677],[-82.711,41.68],[-83.068,41.848],[-83.157,42],[-83.129,42.24],[-82.8,42.418],[-82.511,42.647],[-82.411,43.051],[-82.154,43.55],[-82.292,44.242],[-82.532,45.294],[-82.589,45.372],[-83.484,45.772],[-83.466,45.993],[-83.614,46.116],[-83.947,46.061],[-84.087,46.201],[-84.159,46.433],[-84.589,46.475],[-84.773,46.633],[-84.879,46.898],[-86.637,47.624],[-88.347,48.299],[-88.643,48.257],[-89.34,47.984],[-89.98,48.01],[-90.179,48.116],[-90.786,48.1],[-90.923,48.227],[-91.428,48.036],[-91.693,48.098],[-92.043,48.335],[-92.303,48.311],[-92.649,48.536],[-93.258,48.63],[-93.757,48.517],[-93.875,48.636],[-94.593,48.726],[-94.711,48.915],[-94.827,49.293],[-95.161,49.369],[-95.177,48.993],[-96.716,48.993],[-98.474,48.993],[-100.672,48.993],[-102.87,48.993],[-104.189,48.993],[-105.948,48.993],[-108.146,48.993],[-110.564,48.993],[-112.322,48.993],[-114.52,48.993],[-116.499,48.993],[-118.257,48.993],[-119.576,48.993],[-121.554,48.993],[-122.753,48.993]]],[[[-71.919,41.065],[-72.155,41.055],[-72.457,40.91],[-72.606,40.99],[-73.486,40.946],[-73.909,40.789],[-73.707,40.583],[-73.233,40.715],[-72.605,40.801],[-71.919,41.065]]]]},"properties":{"id":"united-states","name":"アメリカ合衆国（本土）","nameEn":"United States (contiguous)","guide":true,"small":false,"center":[-95.856,37.245]}},
{"type":"Feature","geometry":{"type":"MultiPolygon","coordinates":[[[[-122.753,48.993],[-121.554,48.993],[-119.576,48.993],[-118.257,48.993],[-116.499,48.993],[-114.52,48.993],[-112.322,48.993],[-110.564,48.993],[-108.146,48.993],[-105.948,48.993],[-104.189,48.993],[-102.87,48.993],[-100.672,48.993],[-98.474,48.993],[-96.716,48.993],[-95.177,48.993],[-95.161,49.369],[-94.827,49.293],[-94.711,48.915],[-94.593,48.726],[-93.875,48.636],[-93.757,48.517],[-93.258,48.63],[-92.649,48.536],[-92.303,48.311],[-92.043,48.335],[-91.693,48.098],[-91.428,48.036],[-90.923,48.227],[-90.786,48.1],[-90.179,48.116],[-89.98,48.01],[-89.34,47.984],[-88.643,48.257],[-88.347,48.299],[-86.637,47.624],[-84.879,46.898],[-84.773,46.633],[-84.589,46.475],[-84.159,46.433],[-84.087,46.201],[-83.947,46.061],[-83.614,46.116],[-83.466,45.993],[-83.484,45.772],[-82.589,45.372],[-82.532,45.294],[-82.292,44.242],[-82.154,43.55],[-82.411,43.051],[-82.511,42.647],[-82.8,42.418],[-83.129,42.24],[-83.157,42],[-83.068,41.848],[-82.711,41.68],[-82.425,41.677],[-81.277,42.209],[-80.247,42.365],[-79.019,42.803],[-79.054,43.26],[-79.174,43.465],[-78.688,43.632],[-76.842,43.626],[-76.455,44.084],[-76.067,44.348],[-75.87,44.409],[-75.7,44.582],[-75.27,44.864],[-74.868,45.01],[-74.713,44.999],[-74.494,45.146],[-73.962,45.354],[-74.078,45.457],[-73.755,45.676],[-73.495,45.728],[-73.29,45.875],[-73.159,46.075],[-72.994,46.211],[-72.603,46.301],[-72.228,46.553],[-71.881,46.691],[-71.354,46.739],[-70.957,47.021],[-70.715,47.118],[-70.497,47.429],[-70.237,47.496],[-69.932,47.773],[-69.736,48.123],[-69.447,48.296],[-69.144,48.601],[-69.07,48.756],[-68.122,49.271],[-67.376,49.339],[-67.245,49.459],[-67.131,49.831],[-66.543,50.216],[-66.162,50.196],[-65.258,50.322],[-64.888,50.274],[-64.47,50.322],[-64.247,50.271],[-63.722,50.304],[-63.442,50.223],[-62.852,50.294],[-61.846,50.22],[-61.718,50.1],[-61.311,50.199],[-60.836,50.256],[-60.064,50.254],[-59.803,50.446],[-59.582,50.484],[-59.41,50.667],[-58.993,50.791],[-58.948,51.042],[-58.716,51.107],[-58.454,51.317],[-58.234,51.277],[-57.671,51.435],[-57.25,51.508],[-56.967,51.425],[-56.338,51.782],[-55.934,51.925],[-55.685,52.112],[-55.82,52.308],[-55.648,52.443],[-56,52.515],[-56.059,52.766],[-55.812,52.83],[-55.956,53.022],[-55.747,53.146],[-55.812,53.33],[-56.035,53.434],[-56.036,53.58],[-57.153,53.74],[-57.357,54.139],[-58.012,54.24],[-58.22,54.064],[-58.853,53.942],[-59.077,53.687],[-59.511,53.555],[-60.042,53.48],[-60.108,53.758],[-59.791,53.848],[-59.532,53.822],[-58.975,53.972],[-58.186,54.359],[-57.678,54.377],[-57.391,54.502],[-57.847,54.739],[-58.681,54.819],[-59.026,55.02],[-59.008,55.154],[-59.862,55.141],[-60.287,55.233],[-60.419,55.428],[-60.355,55.575],[-60.782,55.86],[-61.345,55.969],[-61.547,56.2],[-61.83,56.377],[-61.809,56.789],[-61.382,57.121],[-61.865,57.171],[-61.817,57.377],[-62.289,57.524],[-61.89,57.625],[-62.305,58.031],[-62.661,58.176],[-62.579,58.504],[-63.01,58.429],[-63.176,58.503],[-62.847,58.669],[-62.927,58.823],[-63.442,59.121],[-63.532,59.348],[-63.728,59.509],[-64.148,59.683],[-64.221,60.047],[-64.417,60.26],[-64.849,60.366],[-65.138,59.9],[-65.546,59.731],[-65.407,59.417],[-65.743,59.268],[-65.642,59.073],[-66.109,58.779],[-66.391,58.851],[-66.629,58.593],[-67.064,58.393],[-67.649,58.252],[-68.35,58.622],[-68.362,58.784],[-68.787,58.922],[-69.256,58.899],[-69.834,58.604],[-70.034,58.813],[-69.452,58.895],[-69.528,59.186],[-69.255,59.325],[-69.671,59.457],[-69.568,59.603],[-69.59,59.876],[-69.77,59.971],[-69.602,60.225],[-69.753,60.333],[-69.72,60.684],[-69.381,60.8],[-69.537,61.08],[-69.916,60.81],[-70.11,61.06],[-70.604,61.033],[-71.395,61.15],[-71.855,61.424],[-71.652,61.65],[-71.957,61.711],[-72.232,61.881],[-72.605,61.944],[-72.621,62.102],[-73.062,62.188],[-73.671,62.482],[-74.417,62.253],[-75.328,62.317],[-75.83,62.313],[-76.758,62.511],[-77.491,62.588],[-78.155,62.297],[-78.085,61.888],[-77.94,61.694],[-77.708,61.616],[-77.812,61.088],[-78.166,60.868],[-77.607,60.759],[-77.829,60.643],[-77.742,60.426],[-77.283,60.027],[-77.463,59.677],[-77.881,59.485],[-77.819,59.293],[-78.107,59.21],[-78.305,58.96],[-78.56,58.945],[-78.474,58.72],[-78.031,58.388],[-77.601,58.271],[-77.079,57.961],[-76.809,57.676],[-76.589,57.271],[-76.504,56.784],[-76.545,56.295],[-76.659,56.073],[-77.113,55.675],[-77.782,55.274],[-78.392,55.028],[-78.967,54.852],[-79.676,54.694],[-79.529,54.577],[-79.464,54.31],[-79.129,54.107],[-79.013,53.846],[-79.056,53.62],[-78.902,53.201],[-78.977,53.07],[-78.783,52.872],[-78.786,52.659],[-78.521,52.481],[-78.591,52.106],[-78.841,51.842],[-78.792,51.611],[-78.882,51.403],[-79.346,51.662],[-79.701,51.385],[-79.745,51.124],[-80.108,51.296],[-80.43,51.357],[-80.595,51.711],[-80.979,52.002],[-81.391,52.128],[-81.581,52.316],[-81.564,52.456],[-82.301,52.968],[-82.119,53.277],[-82.219,53.604],[-82.126,53.812],[-82.243,54.065],[-82.431,54.228],[-82.421,54.384],[-82.201,54.834],[-82.279,55.045],[-82.458,55.141],[-82.815,55.147],[-83.929,55.327],[-84.613,55.245],[-85.127,55.303],[-85.683,55.587],[-86.289,55.726],[-86.875,55.911],[-87.316,55.962],[-87.622,56.096],[-87.98,56.443],[-88.311,56.538],[-88.921,56.853],[-89.827,56.976],[-90.586,57.23],[-91.031,57.265],[-92.223,57.021],[-92.666,57.001],[-92.457,57.223],[-92.457,57.449],[-92.757,57.866],[-92.808,58.076],[-93.128,58.528],[-93.19,58.76],[-93.717,58.792],[-94.399,58.712],[-94.807,59.018],[-94.718,59.367],[-94.822,59.65],[-94.817,59.963],[-94.712,60.266],[-94.352,60.858],[-94.007,61.238],[-93.985,61.458],[-93.303,61.752],[-93.502,61.856],[-92.593,62.239],[-92.718,62.465],[-92.261,62.563],[-92.454,62.794],[-91.979,62.847],[-91.442,62.787],[-90.644,63.069],[-90.695,63.275],[-91.017,63.471],[-91.587,63.582],[-91.371,63.702],[-90.975,63.579],[-90.168,63.658],[-89.813,63.96],[-89.177,64.039],[-88.735,63.972],[-88.044,64.184],[-87.764,64.522],[-87.6,64.558],[-86.938,65.142],[-87.047,65.238],[-89.04,65.328],[-89.394,65.501],[-89.837,65.831],[-89.688,65.947],[-88.97,65.697],[-88.585,65.645],[-88.205,65.405],[-87.927,65.333],[-87.381,65.33],[-86.475,65.734],[-86.412,65.904],[-85.974,66.036],[-85.857,66.163],[-86.621,66.314],[-86.62,66.507],[-85.752,66.518],[-85.416,66.567],[-85.268,66.287],[-84.382,66.19],[-83.691,66.199],[-83.963,66.478],[-83.678,66.525],[-83.369,66.35],[-82.633,66.563],[-82.184,66.769],[-81.955,66.977],[-81.527,66.996],[-81.238,67.461],[-81.457,67.628],[-82.088,67.9],[-82.109,68.112],[-82.37,68.356],[-81.267,68.639],[-81.365,68.862],[-81.703,68.908],[-81.337,69.188],[-81.753,69.268],[-82.237,69.235],[-82.576,69.674],[-83.754,69.712],[-84.34,69.86],[-85.333,69.791],[-85.534,69.463],[-85.22,69.133],[-84.767,69.088],[-85.225,68.721],[-85.668,68.727],[-85.717,68.398],[-85.902,68.054],[-86.529,67.687],[-86.502,67.379],[-87.328,67.173],[-87.484,67.363],[-88.153,67.68],[-88.374,67.976],[-88.283,68.126],[-87.792,68.331],[-88.023,68.809],[-88.729,69.084],[-88.942,69.234],[-89.332,69.249],[-89.672,69.045],[-89.688,68.817],[-89.945,68.616],[-90,68.379],[-90.604,68.441],[-90.447,68.886],[-90.671,69.088],[-91.034,69.22],[-90.654,69.537],[-91.11,69.513],[-91.426,69.668],[-91.803,69.513],[-92.471,69.698],[-91.943,70.024],[-91.545,70.145],[-91.991,70.325],[-92.25,70.625],[-92.614,70.689],[-92.908,70.902],[-92.991,71.357],[-94.054,71.789],[-94.54,71.771],[-94.549,72.002],[-95.225,71.95],[-95.492,71.723],[-95.944,71.552],[-95.465,71.484],[-95.658,71.291],[-96.212,71.387],[-96.562,71.127],[-96.616,70.826],[-96.19,70.625],[-96.562,70.315],[-96.486,70.097],[-95.976,69.786],[-95.65,69.784],[-94.322,69.453],[-93.434,69.357],[-94.135,69.133],[-94.636,68.756],[-94.11,68.759],[-93.73,68.612],[-94.341,68.244],[-94.861,68.031],[-95.234,68.07],[-95.582,67.9],[-95.696,67.711],[-95.463,67.639],[-95.256,67.262],[-95.735,67.376],[-96.075,67.226],[-96.465,67.55],[-96.216,67.78],[-96.009,68.252],[-96.398,68.171],[-97.26,68.469],[-98.192,68.308],[-98.544,68.34],[-98.449,68.071],[-98.172,67.876],[-97.641,68.009],[-97.061,67.68],[-97.59,67.603],[-98.361,67.811],[-98.915,67.712],[-99.424,67.794],[-100.717,67.847],[-101.529,67.68],[-101.939,67.786],[-102.242,67.725],[-102.763,67.815],[-103.366,68.019],[-104.484,68.034],[-104.602,68.235],[-105.095,68.27],[-105.536,68.45],[-105.47,68.722],[-106.197,68.944],[-107.293,68.701],[-108.281,68.622],[-108.815,68.274],[-108.338,68.155],[-107.73,68.207],[-106.573,68.42],[-106.522,68.527],[-105.879,68.639],[-105.698,68.489],[-106.276,68.387],[-106.494,68.246],[-107.429,68.043],[-107.942,67.854],[-107.99,67.693],[-107.586,67.501],[-107.527,67.212],[-107.246,67.084],[-107.659,66.708],[-108.215,67.027],[-107.88,67.053],[-107.993,67.282],[-108.444,67.434],[-108.599,67.625],[-109.698,67.81],[-109.971,67.967],[-110.421,67.948],[-111.019,67.768],[-111.292,67.826],[-112.421,67.682],[-113.859,67.696],[-114.789,67.817],[-115.118,67.804],[-115.534,67.934],[-114.837,68.263],[-114.057,68.304],[-114.201,68.572],[-114.988,68.867],[-115.588,68.975],[-116.16,68.984],[-116.208,68.831],[-118.041,69.025],[-118.666,69.225],[-120.279,69.408],[-120.807,69.624],[-121.428,69.767],[-122.951,69.839],[-123.157,69.77],[-123.178,69.496],[-123.545,69.377],[-124.438,69.37],[-124.072,69.666],[-124.507,69.736],[-124.384,70.14],[-124.988,70.046],[-125.032,69.747],[-125.416,69.603],[-125.151,69.454],[-125.449,69.319],[-125.939,69.414],[-126.702,69.767],[-127.136,70.253],[-127.928,70.567],[-128.196,70.447],[-128.032,70.294],[-128.31,69.989],[-128.994,69.679],[-129.174,69.832],[-130.338,69.702],[-130.75,69.454],[-131.595,69.474],[-131.88,69.285],[-132.862,69.073],[-132.771,69.256],[-132.114,69.361],[-131.984,69.537],[-131.086,69.633],[-129.6,69.991],[-130.324,70.14],[-130.943,70.079],[-132.139,69.688],[-132.548,69.743],[-132.887,69.661],[-133.196,69.414],[-133.632,69.399],[-134.41,69.657],[-134.641,69.482],[-135.155,69.48],[-135.838,69.309],[-136.068,68.885],[-136.663,68.876],[-137.191,68.948],[-138.637,69.284],[-139.144,69.514],[-139.918,69.621],[-141.006,69.651],[-141.005,67.756],[-141.004,66.59],[-141.004,65.569],[-141.003,64.549],[-141.003,63.382],[-141.002,61.633],[-141.001,60.321],[-140.534,60.219],[-140.016,60.187],[-139.628,60.334],[-139.102,60.347],[-139.182,60.073],[-138.692,59.887],[-138.599,59.754],[-137.611,59.239],[-137.423,58.908],[-136.467,59.288],[-136.468,59.462],[-136.258,59.622],[-135.483,59.792],[-135.016,59.543],[-135.096,59.419],[-134.398,59.052],[-134.222,58.843],[-133.871,58.736],[-133.463,58.462],[-132.552,57.499],[-132.032,57.028],[-132.107,56.859],[-131.872,56.793],[-131.799,56.588],[-131.586,56.595],[-131.101,56.408],[-130.496,56.232],[-130.404,56.122],[-130.072,56.084],[-130.02,55.908],[-130.131,55.736],[-129.958,55.274],[-130.167,55.085],[-130.064,55.003],[-130.202,54.729],[-130.372,54.664],[-130.458,54.349],[-130.112,54.159],[-130.105,53.947],[-129.335,53.397],[-129.228,53.633],[-128.862,53.83],[-128.776,53.556],[-128.875,53.306],[-128.547,53.136],[-128.478,52.868],[-128.126,52.753],[-128.243,52.559],[-128.016,52.347],[-127.801,52.256],[-127.225,52.456],[-127.284,52.238],[-127.638,52.084],[-127.85,51.92],[-127.874,51.673],[-127.664,51.398],[-127.777,51.167],[-127.429,50.943],[-127.022,50.822],[-126.859,50.943],[-126.489,50.817],[-126.179,50.853],[-126.242,50.501],[-125.703,50.438],[-125.391,50.497],[-125.062,50.328],[-124.705,50.322],[-124.605,50.233],[-124.732,49.954],[-124.404,49.767],[-124.171,49.781],[-123.964,49.521],[-123.555,49.39],[-123.249,49.598],[-123.212,49.13],[-123.091,48.993],[-123.035,48.992],[-122.753,48.993]]],[[[-67.176,45.179],[-67.086,45.098],[-66.746,45.065],[-66.491,45.156],[-65.909,45.21],[-65.315,45.459],[-64.756,45.628],[-64.585,45.826],[-64.429,45.71],[-64.833,45.484],[-64.388,45.367],[-64.066,45.413],[-64.223,45.108],[-64.511,45.229],[-64.863,45.14],[-65.786,44.696],[-65.848,44.557],[-66.114,44.343],[-66.21,44.106],[-66.122,43.744],[-65.772,43.669],[-65.668,43.5],[-65.463,43.528],[-65.25,43.673],[-65.034,43.712],[-64.816,43.954],[-64.561,44.08],[-64.34,44.333],[-64.354,44.456],[-63.943,44.621],[-63.716,44.456],[-63.281,44.643],[-62.552,44.868],[-61.64,45.087],[-61.332,45.231],[-61.071,45.224],[-61.471,45.683],[-61.62,45.614],[-61.894,45.704],[-61.924,45.889],[-62.47,45.614],[-62.739,45.763],[-63.19,45.736],[-63.806,45.889],[-63.813,46.14],[-64.253,46.234],[-64.514,46.239],[-64.906,46.887],[-64.825,47.089],[-65.331,47.101],[-64.96,47.294],[-64.892,47.562],[-64.685,47.723],[-64.826,47.815],[-65.209,47.82],[-65.629,47.671],[-65.818,47.907],[-66.262,48.006],[-65.953,48.195],[-65.784,48.116],[-65.286,48.013],[-64.779,48.204],[-64.705,48.324],[-64.329,48.42],[-64.162,48.63],[-64.221,48.894],[-64.613,49.123],[-64.963,49.219],[-65.566,49.266],[-66.219,49.208],[-66.622,49.123],[-67.962,48.702],[-68.206,48.642],[-69.054,48.232],[-69.802,47.622],[-70.031,47.47],[-70.535,47.011],[-71.158,46.841],[-71.302,46.745],[-71.714,46.632],[-71.846,46.668],[-72.496,46.361],[-72.731,46.177],[-73.14,46.058],[-73.259,45.854],[-73.413,45.752],[-73.557,45.414],[-73.687,45.431],[-74.048,45.233],[-74.4,45.145],[-74.713,44.999],[-73.399,45.004],[-71.504,45.014],[-71.395,45.242],[-71.142,45.252],[-70.834,45.393],[-70.687,45.573],[-70.407,45.732],[-70.263,45.923],[-70.311,46.072],[-70.188,46.358],[-70.074,46.42],[-70.008,46.704],[-69.268,47.44],[-69.07,47.432],[-68.906,47.19],[-68.197,47.341],[-67.805,47.036],[-67.773,45.828],[-67.8,45.7],[-67.45,45.611],[-67.475,45.282],[-67.176,45.179]]],[[[-52.629,47.527],[-52.704,47.756],[-53.114,47.431],[-53.244,47.593],[-53.054,47.933],[-53.276,48.016],[-53.605,47.539],[-53.847,47.707],[-53.622,48.005],[-53.639,48.169],[-53.058,48.436],[-52.983,48.604],[-53.414,48.624],[-53.521,48.462],[-53.774,48.551],[-53.924,48.918],[-53.609,49.044],[-53.454,49.242],[-54.041,49.481],[-54.743,49.32],[-55.223,49.265],[-55.156,49.549],[-55.582,49.472],[-55.939,49.61],[-55.723,49.931],[-56.149,50.156],[-56.725,49.69],[-56.739,50.027],[-55.873,50.917],[-55.719,51.184],[-55.492,51.388],[-55.514,51.604],[-56.106,51.529],[-56.72,51.319],[-56.977,50.881],[-57.457,50.483],[-57.61,50.166],[-57.94,49.705],[-57.926,49.589],[-58.186,49.443],[-58.136,49.095],[-58.443,49.057],[-58.667,48.726],[-58.703,48.555],[-58.536,48.454],[-59.399,47.88],[-59.301,47.614],[-59.112,47.561],[-58.098,47.695],[-57.33,47.633],[-56.777,47.533],[-56.672,47.627],[-56.235,47.632],[-55.968,47.76],[-55.774,47.458],[-55.438,47.471],[-55.376,47.686],[-55.072,47.597],[-55.301,47.268],[-55.487,47.14],[-55.87,47.075],[-55.851,46.871],[-55.251,46.919],[-54.866,47.38],[-54.458,47.499],[-54.141,47.836],[-54.013,47.807],[-53.886,47.527],[-53.911,47.373],[-54.15,47.005],[-54.05,46.808],[-53.573,47.162],[-53.623,46.656],[-53.374,46.735],[-53.211,46.635],[-52.941,46.791],[-52.786,47.311],[-52.629,47.527]]],[[[-127.241,52.426],[-127.82,52.196],[-127.642,52.138],[-127.277,52.289],[-127.241,52.426]]],[[[-131.113,52.172],[-131.414,52.454],[-131.661,52.542],[-131.852,52.867],[-131.613,53.056],[-131.904,53.241],[-132.373,53.133],[-132.504,53.04],[-131.883,52.576],[-131.683,52.49],[-131.38,52.203],[-131.113,52.172]]],[[[-128.804,52.701],[-128.606,52.611],[-128.539,53.02],[-128.635,53.163],[-129.078,53.303],[-129.19,53.023],[-129.057,52.741],[-128.804,52.701]]],[[[-129.743,53.235],[-129.974,53.458],[-130.315,53.393],[-129.939,53.169],[-129.743,53.235]]],[[[-130.253,53.892],[-130.202,53.73],[-129.933,53.6],[-129.797,53.378],[-129.568,53.215],[-129.337,53.361],[-129.831,53.735],[-130.253,53.892]]],[[[-132.579,53.207],[-132.401,53.148],[-132.008,53.254],[-131.871,53.783],[-131.693,53.992],[-132.13,54.034],[-132.297,54.112],[-133.041,54.165],[-133.144,53.897],[-132.891,53.62],[-132.929,53.523],[-132.518,53.413],[-132.579,53.207]]],[[[-95.215,68.862],[-95.846,68.891],[-95.952,69.14],[-96.22,69.314],[-96.893,69.498],[-97.225,69.682],[-97.925,69.896],[-98.219,69.798],[-98.411,69.353],[-98.713,69.202],[-99.309,69.159],[-99.592,69.041],[-99.417,68.89],[-97.761,68.652],[-97.562,68.564],[-96.296,68.48],[-95.807,68.729],[-95.215,68.862]]],[[[-100.872,69.808],[-100.996,70.175],[-101.582,70.133],[-102.409,70.426],[-103.538,70.6],[-104.591,71.073],[-104.282,71.364],[-104.38,71.6],[-105.039,72.114],[-105.277,72.44],[-105.333,72.751],[-105.829,73.051],[-106.234,73.087],[-106.823,73.31],[-107.172,73.195],[-107.662,73.328],[-108.298,73.134],[-107.718,72.303],[-107.779,72.141],[-107.252,71.902],[-107.668,71.708],[-108.287,71.799],[-108.188,71.95],[-108.663,72.361],[-108.633,72.566],[-110.076,72.996],[-110.484,72.839],[-109.788,72.504],[-110.729,72.571],[-111.407,72.426],[-111.22,72.724],[-112.077,72.898],[-113.015,73.016],[-113.604,72.778],[-114.023,72.798],[-113.962,73.123],[-114.584,73.385],[-115.57,73.202],[-117.369,72.918],[-118.19,72.635],[-118.593,72.429],[-118.128,72.227],[-118.678,72.142],[-119.054,71.935],[-119.051,71.627],[-118.076,71.665],[-118.309,71.432],[-117.551,71.374],[-116.185,71.5],[-115.904,71.394],[-117.475,71.185],[-118.386,71.022],[-118.187,70.839],[-117.585,70.606],[-116.233,70.64],[-115.581,70.58],[-114.183,70.668],[-113.988,70.716],[-112.926,70.565],[-112.144,70.494],[-111.809,70.352],[-112.586,70.2],[-114.185,70.316],[-116.033,70.22],[-116.965,70.129],[-117.442,69.989],[-117.252,69.764],[-116.62,69.572],[-116.633,69.462],[-115.975,69.3],[-115.189,69.243],[-114.397,69.288],[-113.584,69.201],[-113.656,68.8],[-113.35,68.592],[-112.583,68.51],[-111.251,68.52],[-110.605,68.617],[-109.625,68.642],[-108.952,68.742],[-108.539,68.947],[-107.941,68.941],[-107.335,69.026],[-106.584,69.504],[-106.32,69.405],[-106.204,69.15],[-105.886,69.176],[-103.383,68.782],[-102.523,68.866],[-101.965,68.97],[-101.768,69.123],[-102.055,69.484],[-103.037,69.366],[-103.041,69.515],[-102.51,69.564],[-102.582,69.743],[-102.025,69.809],[-101.707,69.691],[-100.964,69.664],[-100.872,69.808]]],[[[-72.949,66.735],[-74.345,66.226],[-74.42,66.083],[-73.718,65.775],[-73.496,65.494],[-74.179,65.529],[-74.503,65.343],[-74.872,65.398],[-75.215,65.254],[-75.757,65.214],[-76.677,65.411],[-77.436,65.46],[-77.313,65.2],[-77.964,65.052],[-78.185,64.587],[-77.758,64.343],[-76.728,64.296],[-75.862,64.378],[-75.707,64.579],[-74.713,64.382],[-74.551,64.631],[-74.084,64.641],[-73.892,64.554],[-73.452,64.591],[-73.386,64.281],[-73.13,64.292],[-72.318,63.679],[-71.566,63.691],[-71.766,63.284],[-71.373,63.049],[-71.029,63.079],[-70.83,62.897],[-70.24,62.754],[-69.627,62.791],[-69.445,62.554],[-68.554,62.25],[-67.401,62.15],[-66.274,61.858],[-65.95,61.897],[-66.129,62.089],[-65.93,62.198],[-66.302,62.351],[-66.551,62.561],[-66.982,62.703],[-67.198,62.877],[-68.147,63.161],[-68.76,63.555],[-68.928,63.761],[-68.496,63.74],[-67.869,63.464],[-67.501,63.443],[-67.012,63.288],[-66.698,63.039],[-66.519,63.077],[-65.666,62.912],[-65.17,62.568],[-64.962,62.663],[-64.765,63.055],[-64.772,63.329],[-64.484,63.288],[-64.676,63.74],[-65.307,64.193],[-65.081,64.479],[-65.726,64.515],[-65.583,64.757],[-65.824,64.883],[-66.649,64.97],[-67.169,65.269],[-67.06,65.453],[-67.433,65.504],[-67.455,65.679],[-67.927,65.62],[-67.81,65.878],[-67.17,65.933],[-67.303,66.281],[-66.961,66.541],[-66.472,66.344],[-65.899,65.954],[-65.353,65.914],[-65.503,65.767],[-64.902,65.282],[-64.178,65.177],[-63.655,64.918],[-63.405,65.033],[-63.498,65.371],[-63.16,65.649],[-62.594,65.664],[-62.306,65.829],[-62.429,65.979],[-61.954,66.02],[-62.539,66.227],[-62.22,66.397],[-61.935,66.289],[-61.492,66.367],[-61.576,66.55],[-61.27,66.605],[-61.606,66.872],[-62.004,67.037],[-62.284,66.946],[-62.905,66.973],[-63.25,67.132],[-63.888,67.242],[-64.29,67.729],[-64.72,67.985],[-66.214,68.005],[-66.314,68.129],[-66.766,68.242],[-67.064,68.475],[-67.664,68.565],[-67.931,68.528],[-68.547,68.753],[-68.133,68.837],[-67.735,69.04],[-67.678,69.177],[-66.669,69.185],[-66.788,69.34],[-67.228,69.464],[-68.005,69.462],[-68.587,69.591],[-68.013,69.776],[-67.115,69.729],[-67.25,69.963],[-67.809,70.264],[-68.157,70.318],[-68.337,70.069],[-69.47,70.248],[-68.459,70.373],[-68.362,70.584],[-70.516,70.937],[-70.787,71.115],[-71.323,70.887],[-71.953,70.791],[-72.337,70.758],[-72.164,70.83],[-72.356,70.879],[-72.045,71.085],[-71.445,71.073],[-71.117,71.27],[-71.582,71.515],[-72.473,71.647],[-73.254,71.33],[-73.688,71.593],[-73.596,71.764],[-74.263,71.82],[-74.237,72.076],[-75.063,72.128],[-74.942,72.257],[-75.198,72.498],[-76.652,72.639],[-76.889,72.743],[-77.601,72.756],[-78.535,72.515],[-78.57,72.356],[-78.943,72.196],[-79.283,72.394],[-80.049,72.398],[-80.483,72.181],[-80.558,72.628],[-80.269,72.725],[-80.64,72.928],[-80.643,73.17],[-81.134,73.247],[-81.229,73.54],[-81.528,73.716],[-82.831,73.737],[-84.008,73.505],[-84.837,73.389],[-85.464,73.112],[-85.702,72.635],[-85.036,72.255],[-85.501,72.214],[-85.747,71.949],[-85.258,71.668],[-84.892,71.633],[-84.96,71.429],[-85.497,71.514],[-86.128,71.794],[-86.46,72.203],[-86.253,72.395],[-86.68,72.646],[-86.699,72.816],[-86.03,73.302],[-85.577,73.512],[-84.952,73.668],[-85.106,73.812],[-86.714,73.847],[-87.764,73.717],[-89.051,73.252],[-89.321,72.882],[-89.753,72.611],[-89.963,72.257],[-89.762,72.126],[-90.105,71.916],[-89.798,71.765],[-89.977,71.658],[-89.813,71.329],[-88.067,71.213],[-87.228,71.011],[-87.359,70.95],[-88.325,70.958],[-89.126,71.032],[-89.449,70.908],[-88.694,70.465],[-88.141,70.396],[-87.853,70.238],[-87.031,70.468],[-86.27,70.113],[-85.783,69.995],[-84.952,70.067],[-84.695,70.007],[-83.673,69.946],[-83.052,70.01],[-82.126,69.818],[-81.072,70.099],[-79.835,69.953],[-79.681,69.849],[-78.888,69.894],[-78.665,70.014],[-78.767,70.191],[-79.565,70.39],[-79.156,70.497],[-78.745,70.456],[-78.389,70.216],[-77.683,70.184],[-77.491,69.863],[-76.873,69.819],[-77.038,69.606],[-76.63,69.546],[-75.687,69.287],[-75.572,69.157],[-75.99,69.011],[-76.422,69.06],[-76.673,68.766],[-76.326,68.698],[-75.497,68.934],[-74.879,68.826],[-74.373,68.544],[-73.885,68.555],[-73.728,68.314],[-73.2,68.275],[-72.988,68.173],[-72.857,67.861],[-72.436,67.531],[-72.351,67.119],[-72.803,67.043],[-72.949,66.735]]],[[[-115.324,73.509],[-116.867,74.088],[-117.416,74.232],[-118.066,74.281],[-118.725,74.221],[-120.157,74.279],[-121.581,74.556],[-122.623,74.463],[-124.756,74.349],[-124.145,73.851],[-123.774,73.766],[-124.445,73.419],[-124.86,73.09],[-124.49,72.925],[-125.038,72.832],[-124.946,72.703],[-125.752,72.148],[-125.79,71.949],[-125.232,71.941],[-124.065,71.7],[-123.1,71.085],[-122.156,71.261],[-121.701,71.468],[-121.423,71.38],[-120.635,71.491],[-120.383,71.701],[-120.434,71.964],[-120.197,72.217],[-119.34,72.347],[-119.164,72.63],[-117.215,73.066],[-116.459,73.261],[-115.754,73.357],[-115.324,73.509]]],[[[-123.321,48.496],[-123.541,48.636],[-123.594,48.837],[-123.813,49.119],[-124.159,49.31],[-124.795,49.473],[-124.882,49.725],[-125.178,49.925],[-125.436,50.314],[-126.117,50.455],[-126.46,50.475],[-127.199,50.621],[-127.505,50.773],[-128.077,50.87],[-128.407,50.781],[-128.32,50.61],[-127.916,50.466],[-127.775,50.233],[-127.488,50.13],[-127.142,49.867],[-126.65,49.898],[-126.573,49.414],[-126.076,49.384],[-125.736,49.053],[-125.366,48.987],[-124.968,48.988],[-125.185,48.801],[-124.665,48.573],[-123.891,48.367],[-123.555,48.328],[-123.321,48.496]]],[[[-67.881,60.497],[-68.241,60.586],[-68.439,60.259],[-67.96,60.333],[-67.881,60.497]]],[[[-64.841,61.352],[-64.717,61.663],[-65.047,61.698],[-65.486,61.599],[-64.841,61.352]]],[[[-79.282,62.27],[-79.559,62.42],[-79.831,62.411],[-80.215,62.138],[-80.18,61.774],[-79.75,61.586],[-79.27,62.145],[-79.282,62.27]]],[[[-70.241,62.616],[-70.492,62.767],[-70.96,62.803],[-70.682,62.547],[-70.241,62.616]]],[[[-82.191,62.986],[-83.52,62.826],[-83.553,62.7],[-83.907,62.491],[-83.673,62.145],[-83.135,62.177],[-82.747,62.311],[-82.296,62.585],[-81.957,62.698],[-81.862,62.925],[-82.191,62.986]]],[[[-77.538,63.288],[-77.703,63.438],[-78.186,63.493],[-78.532,63.39],[-77.941,63.087],[-77.538,63.288]]],[[[-76.689,63.486],[-77.12,63.685],[-77.418,63.591],[-76.982,63.407],[-76.689,63.486]]],[[[-80.183,63.768],[-80.889,64.123],[-81.059,64.027],[-81.627,64.124],[-81.771,64.512],[-82.366,64.768],[-82.715,64.781],[-83.208,64.948],[-83.398,65.137],[-84.098,65.21],[-84.152,65.332],[-84.577,65.489],[-84.848,65.214],[-85.077,65.456],[-85.201,65.809],[-85.61,65.911],[-86.028,65.665],[-86.174,65.287],[-86.159,64.939],[-86.406,64.439],[-86.193,64.103],[-86.896,63.93],[-87.224,63.66],[-87.064,63.555],[-86.661,63.658],[-85.617,63.675],[-85.635,63.243],[-85.274,63.123],[-84.59,63.315],[-84.405,63.555],[-83.634,63.771],[-83.685,64.014],[-82.534,63.973],[-82.075,63.692],[-81.019,63.45],[-80.466,63.727],[-80.183,63.768]]],[[[-84.474,66.09],[-83.87,65.783],[-83.693,65.926],[-84.069,66.063],[-84.474,66.09]]],[[[-73.358,67.838],[-73.413,67.968],[-74.277,68.078],[-74.756,68.063],[-74.402,67.779],[-73.409,67.776],[-73.358,67.838]]],[[[-86.577,68.291],[-86.986,68.067],[-86.837,67.792],[-86.413,67.845],[-86.408,68.208],[-86.577,68.291]]],[[[-75.034,68.173],[-75.911,68.345],[-76.689,68.263],[-77.212,67.87],[-77.323,67.708],[-76.982,67.243],[-75.889,67.258],[-75.39,67.358],[-75.065,67.552],[-75.161,67.953],[-75.034,68.173]]],[[[-74.838,68.42],[-74.989,68.669],[-75.379,68.499],[-74.838,68.42]]],[[[-79.08,68.879],[-78.83,68.917],[-78.313,69.387],[-78.731,69.325],[-78.863,69.148],[-79.204,69.085],[-79.08,68.879]]],[[[-76.692,69.411],[-77.36,69.39],[-77.265,69.147],[-76.992,69.145],[-76.692,69.411]]],[[[-71.508,71.017],[-72.012,71.052],[-72.046,70.946],[-72.228,70.922],[-72.118,70.825],[-71.439,70.91],[-71.508,71.017]]],[[[-104.681,73.63],[-105.167,73.757],[-106.6,73.711],[-107.039,73.484],[-106.121,73.293],[-105.486,72.956],[-105.202,72.945],[-104.573,73.332],[-104.681,73.63]]],[[[-80.903,73.607],[-80.795,73.285],[-80.164,73.233],[-79.949,72.847],[-79.175,72.755],[-78.171,72.899],[-76.319,72.817],[-76.272,73.102],[-77.213,73.511],[-78.139,73.669],[-79.45,73.635],[-80.56,73.773],[-80.903,73.607]]],[[[-96.321,72.467],[-96.452,72.642],[-96.932,72.676],[-97.661,73.037],[-98.349,73.044],[-97.828,73.278],[-97.668,73.486],[-96.995,73.626],[-96.956,73.737],[-97.57,73.894],[-99.218,73.739],[-100.001,73.95],[-100.886,73.832],[-101.562,73.469],[-100.467,73.203],[-100.111,73.033],[-100.431,72.74],[-101.296,72.719],[-101.763,73.019],[-102.485,73.041],[-102.756,72.812],[-102.614,72.661],[-101.967,72.497],[-101.84,72.326],[-100.637,72.186],[-99.864,71.859],[-99.235,71.35],[-98.541,71.292],[-98.215,71.409],[-97.97,71.662],[-97.461,71.617],[-96.962,71.807],[-96.56,71.84],[-96.485,72.128],[-96.718,72.3],[-96.321,72.467]]],[[[-99.247,73.855],[-98.143,73.878],[-97.725,74.122],[-98.753,74.034],[-99.247,73.855]]],[[[-90.291,73.923],[-90.994,74.006],[-92.114,73.984],[-93.273,74.178],[-94.374,74.132],[-95.249,74.01],[-95.613,73.596],[-95.582,73.162],[-95.719,73.012],[-95.593,72.699],[-95.136,72.463],[-95.145,71.966],[-94.088,72.064],[-93.464,72.463],[-93.793,72.693],[-93.403,72.794],[-92.385,72.71],[-91.858,72.848],[-91.176,73.354],[-90.511,73.698],[-90.291,73.923]]],[[[-103.638,75.2],[-103.821,75.367],[-104.403,75.433],[-104.906,75.124],[-104.229,75.019],[-103.638,75.2]]],[[[-93.437,74.944],[-93.499,75.268],[-94.394,75.604],[-94.9,75.645],[-95.791,75.501],[-96.605,75.065],[-95.898,74.826],[-95.305,74.805],[-94.724,74.632],[-93.608,74.654],[-93.437,74.944]]],[[[-117.785,75.896],[-118.621,75.922],[-119.409,75.602],[-118.614,75.504],[-117.932,75.74],[-117.785,75.896]]],[[[-103.811,76.034],[-102.838,76.081],[-102.727,76.316],[-104.312,76.212],[-103.811,76.034]]],[[[-104.398,76.469],[-104.378,76.325],[-103.336,76.332],[-103.023,76.416],[-103.883,76.578],[-104.398,76.469]]],[[[-97.425,75.52],[-97.57,75.865],[-97.5,76.157],[-97.789,76.322],[-97.665,76.486],[-98.508,76.637],[-100.27,76.65],[-100.963,76.48],[-102.035,76.413],[-102.103,76.221],[-101.589,75.925],[-102.262,75.87],[-102.776,75.545],[-102.064,75.548],[-100.223,75.667],[-100.676,75.336],[-100.252,75.263],[-100.33,75.014],[-99.645,74.976],[-98.035,75.026],[-97.685,75.17],[-98.117,75.298],[-97.924,75.52],[-97.425,75.52]]],[[[-89.675,76.733],[-90.568,76.716],[-90.065,76.486],[-89.675,76.733]]],[[[-105.395,75.674],[-105.76,75.99],[-106.607,76.062],[-107.046,75.889],[-107.858,76.066],[-108.458,76.103],[-108.081,76.287],[-108.616,76.423],[-108.451,76.733],[-109.184,76.822],[-109.554,76.63],[-110.397,76.397],[-110.384,76.301],[-109.542,76.189],[-109.433,76.004],[-110.055,75.896],[-109.102,75.75],[-108.896,75.492],[-110.514,75.573],[-111.274,75.527],[-111.361,75.715],[-112.432,76.171],[-112.994,76.273],[-113.963,76.191],[-114.206,76.471],[-115.512,76.456],[-115.841,76.185],[-116.526,76.16],[-116.708,75.9],[-117.675,75.293],[-117.51,75.201],[-115.715,74.97],[-114.958,74.971],[-113.887,75.058],[-111.028,75.177],[-111.555,75.013],[-112.798,74.985],[-114.44,74.684],[-113.693,74.444],[-112.437,74.414],[-111.001,74.616],[-110.344,74.797],[-109.582,74.858],[-108.824,75.072],[-108.417,74.917],[-107.686,74.982],[-107.005,74.924],[-106.009,75.057],[-105.395,75.674]]],[[[-79.56,74.992],[-79.501,75.392],[-81.113,75.779],[-82.331,75.844],[-83.089,75.74],[-83.918,75.815],[-85.299,75.575],[-86.01,75.536],[-86.196,75.415],[-87.111,75.595],[-88.245,75.478],[-88.58,75.659],[-90.188,76.068],[-89.38,76.184],[-89.298,76.301],[-90.448,76.411],[-90.572,76.564],[-91.441,76.694],[-92.693,76.596],[-93.701,76.921],[-95.771,77.077],[-96.851,76.93],[-95.823,76.399],[-94.848,76.269],[-93.591,76.3],[-93.128,76.37],[-92.185,75.895],[-92.004,75.602],[-92.3,75.513],[-92.504,75.218],[-92.061,74.963],[-92.018,74.777],[-91.621,74.712],[-90.894,74.761],[-90.701,74.646],[-89.949,74.533],[-89.147,74.608],[-88.518,74.501],[-87.644,74.458],[-84.258,74.506],[-83.494,74.578],[-81.789,74.458],[-81.32,74.562],[-80.542,74.564],[-80.245,74.759],[-79.395,74.876],[-79.56,74.992]]],[[[-119.317,76.2],[-118.007,76.402],[-117.352,76.26],[-116.934,76.356],[-117.075,76.526],[-115.893,76.698],[-115.831,76.973],[-116.247,77.196],[-115.404,77.318],[-116.407,77.562],[-117.231,77.286],[-117.852,77.39],[-118.821,77.361],[-120.091,77.006],[-120.368,76.815],[-121.204,76.678],[-121.554,76.437],[-122.381,76.409],[-122.862,76.182],[-121.437,75.944],[-120.717,76.027],[-120.489,75.847],[-119.863,75.859],[-119.317,76.2]]],[[[-89.661,77.356],[-90.304,77.629],[-91.169,77.617],[-91.2,77.408],[-90.094,77.204],[-89.661,77.356]]],[[[-104.395,77.193],[-104.421,77.308],[-105.503,77.721],[-105.765,77.466],[-105.536,77.304],[-104.754,77.111],[-104.395,77.193]]],[[[-93.252,77.644],[-93.608,77.781],[-95.506,77.811],[-96.235,77.706],[-95.988,77.479],[-93.478,77.488],[-93.252,77.644]]],[[[-113.686,77.867],[-114.115,78],[-115.118,77.96],[-114.301,77.713],[-113.686,77.867]]],[[[-109.604,78.074],[-110.712,78.104],[-112.271,78.015],[-113.241,77.905],[-113.2,77.528],[-112.109,77.326],[-110.235,77.504],[-110.13,77.781],[-109.604,78.074]]],[[[-109.26,78.459],[-110.427,78.766],[-113.214,78.407],[-112.176,78.377],[-111.778,78.27],[-109.823,78.295],[-109.26,78.459]]],[[[-96.91,77.795],[-96.632,77.877],[-95.061,77.973],[-94.889,78.109],[-95.37,78.247],[-94.828,78.364],[-96.543,78.686],[-97.451,78.797],[-98.356,78.774],[-98.36,78.452],[-97.767,78.247],[-97.742,78.042],[-96.993,77.925],[-96.91,77.795]]],[[[-105.607,79.104],[-104.953,79.054],[-103.384,78.775],[-103.497,78.507],[-104.641,78.583],[-104.82,78.362],[-103.947,78.243],[-102.744,78.381],[-101.036,78.199],[-100.61,77.864],[-99.939,77.783],[-99.017,77.894],[-99.045,78.082],[-99.803,78.308],[-99.558,78.599],[-101.648,79.081],[-102.607,79.076],[-103.121,79.291],[-103.722,79.363],[-105.449,79.269],[-105.607,79.104]]],[[[-100.152,79.998],[-99.3,79.759],[-98.651,79.792],[-98.874,80.084],[-99.779,80.151],[-100.152,79.998]]],[[[-96.623,80.044],[-96.543,79.848],[-95.611,79.559],[-95.646,79.394],[-92.58,79.385],[-92.627,79.245],[-94.272,78.968],[-92.953,78.437],[-92.116,78.227],[-90.884,78.145],[-89.713,78.226],[-88.77,78.186],[-88.551,78.433],[-88.042,78.479],[-87.859,78.693],[-84.919,79.296],[-85.564,79.58],[-87.189,79.628],[-86.971,79.882],[-87.576,80.18],[-87.701,80.413],[-89.325,80.537],[-90.639,80.569],[-92.237,81.256],[-93.217,81.215],[-95.232,81.015],[-95.5,80.808],[-94.375,80.617],[-96.027,80.584],[-96.322,80.262],[-94.846,80.045],[-96.623,80.044]]],[[[-61.085,82.331],[-61.579,82.489],[-63.065,82.537],[-63.447,82.827],[-65.852,82.842],[-69.483,83.046],[-69.688,83.117],[-72.592,83.102],[-74.2,83.002],[-76.135,83.054],[-78.421,82.872],[-79.34,82.976],[-81.576,82.791],[-82.712,82.381],[-85.762,82.467],[-85.351,82.29],[-86.848,82.221],[-86.965,82.052],[-88.681,82.058],[-91.709,81.734],[-91.949,81.632],[-89.915,81.596],[-90.834,81.464],[-89.826,81.013],[-86.522,81.125],[-86.699,81.005],[-88.413,80.999],[-89.386,80.879],[-88.101,80.681],[-86.118,80.537],[-84.397,80.51],[-82.913,80.539],[-81.217,80.628],[-79.614,80.828],[-80.352,80.473],[-83.159,80.335],[-83.788,80.251],[-86.438,80.32],[-86.643,80.153],[-86.45,79.754],[-85.322,79.68],[-84.487,79.413],[-84.33,79.192],[-85.757,78.832],[-86.61,78.809],[-87.482,78.452],[-87.488,78.127],[-86.228,78.062],[-85.19,77.798],[-85.282,77.66],[-84.617,77.384],[-85.402,77.401],[-86.216,77.793],[-87.192,77.905],[-88.181,77.801],[-88.188,77.64],[-87.647,77.487],[-87.681,77.353],[-87.133,77.214],[-87.475,77.111],[-88.294,77.136],[-89.537,76.857],[-89.657,76.565],[-89.17,76.424],[-87.63,76.336],[-86.217,76.375],[-85.249,76.316],[-84.235,76.447],[-82.801,76.39],[-81.935,76.495],[-80.772,76.42],[-81.095,76.219],[-80.667,76.164],[-78.141,76.527],[-77.716,76.822],[-78.091,77.023],[-78.868,76.924],[-79.432,77.239],[-78.82,77.384],[-78.289,77.378],[-77.737,77.601],[-77.981,77.817],[-76.881,77.905],[-75.582,78.113],[-75.108,78.375],[-74.774,78.835],[-75.744,78.897],[-74.469,79.227],[-75.028,79.373],[-73.128,79.559],[-71.142,79.789],[-70.211,80.188],[-69.374,80.397],[-68.279,80.76],[-66.672,81.04],[-65.989,81.228],[-64.692,81.391],[-64.546,81.55],[-66.654,81.5],[-65.361,81.734],[-64.373,81.725],[-62.258,82.024],[-61.085,82.331]]],[[[-60.081,45.792],[-59.862,45.936],[-59.882,46.177],[-60.351,46.312],[-60.621,46.101],[-60.73,45.714],[-60.982,45.821],[-60.427,46.284],[-60.509,46.368],[-60.35,46.616],[-60.311,46.854],[-60.603,47.034],[-60.869,46.8],[-61.095,46.454],[-61.541,46.04],[-61.455,45.71],[-61.335,45.566],[-61.01,45.608],[-60.727,45.566],[-60.395,45.643],[-60.081,45.792]]],[[[-62.004,46.464],[-62.517,46.476],[-63.195,46.431],[-63.834,46.612],[-64.231,46.903],[-64.417,46.683],[-64.108,46.544],[-63.628,46.224],[-63.233,46.145],[-62.997,46.179],[-62.777,45.964],[-62.545,45.972],[-62.576,46.239],[-62.004,46.464]]],[[[-64.319,49.791],[-63.925,49.675],[-63.641,49.513],[-63.587,49.39],[-63.093,49.233],[-62.248,49.068],[-61.812,49.069],[-61.661,49.151],[-61.883,49.354],[-62.204,49.414],[-62.534,49.605],[-63.375,49.829],[-64.133,49.95],[-64.319,49.791]]],[[[-80.759,52.919],[-81.123,53.202],[-81.424,53.229],[-81.883,53.18],[-82.063,53.023],[-81.027,52.753],[-80.67,52.742],[-80.759,52.919]]],[[[-79.546,56.044],[-79.469,55.879],[-79.043,56.366],[-79.235,56.551],[-79.409,56.233],[-79.737,56.161],[-80.026,55.9],[-79.867,55.843],[-79.546,56.044]]]]},"properties":{"id":"canada","name":"カナダ","nameEn":"Canada","guide":true,"small":false,"center":[-98.311,56.836]}},
{"type":"Feature","geometry":{"type":"MultiPolygon","coordinates":[[[[-97.139,25.966],[-97.425,25.855],[-97.68,26.035],[-98.223,26.075],[-98.369,26.194],[-98.641,26.242],[-98.796,26.368],[-99.085,26.408],[-99.248,26.827],[-99.462,27.057],[-99.507,27.574],[-99.7,27.659],[-100.075,28.154],[-100.284,28.297],[-100.397,28.593],[-100.624,28.925],[-100.669,29.116],[-100.816,29.271],[-101.164,29.501],[-101.409,29.766],[-101.972,29.818],[-102.302,29.889],[-102.406,29.777],[-102.683,29.744],[-102.883,29.344],[-103.148,28.985],[-103.302,29.002],[-103.673,29.174],[-103.794,29.278],[-104.057,29.339],[-104.267,29.527],[-104.531,29.668],[-104.68,29.942],[-104.682,30.193],[-105.008,30.677],[-105.364,30.85],[-106.005,31.397],[-106.164,31.448],[-106.358,31.718],[-106.517,31.774],[-108.215,31.778],[-108.215,31.327],[-109.582,31.327],[-111.067,31.334],[-112.325,31.728],[-113.962,32.234],[-114.822,32.5],[-114.724,32.713],[-115.794,32.632],[-117.125,32.532],[-116.842,31.987],[-116.62,31.858],[-116.676,31.553],[-116.309,31.149],[-116.25,30.957],[-116.068,30.813],[-116.049,30.48],[-115.837,30.346],[-115.698,29.756],[-115.187,29.429],[-114.972,29.378],[-114.272,28.659],[-114.043,28.458],[-114.125,28.256],[-114.04,28.028],[-114.173,27.827],[-114.325,27.875],[-114.499,27.774],[-114.923,27.836],[-114.734,27.521],[-114.506,27.406],[-114.488,27.238],[-114.114,27.105],[-114.005,26.977],[-113.816,26.949],[-113.637,26.726],[-113.504,26.793],[-113.143,26.758],[-113.061,26.599],[-112.728,26.37],[-112.343,26.178],[-112.198,25.995],[-112.076,25.713],[-112.078,25.259],[-112.143,25.086],[-112.088,24.773],[-111.967,24.778],[-111.679,24.586],[-111.444,24.324],[-111.04,24.104],[-110.577,23.682],[-110.307,23.541],[-110.167,23.321],[-110.098,23.018],[-109.895,22.874],[-109.532,23.108],[-109.426,23.297],[-109.476,23.56],[-109.68,23.648],[-109.698,23.798],[-110.173,24.253],[-110.402,24.176],[-110.562,24.213],[-110.739,24.555],[-110.657,24.807],[-110.758,25.012],[-110.904,25.143],[-111.026,25.459],[-111.307,25.779],[-111.318,26.074],[-111.569,26.576],[-111.56,26.696],[-111.818,26.896],[-112.017,26.979],[-112.373,27.564],[-112.598,27.654],[-112.773,27.864],[-112.794,28.19],[-112.902,28.475],[-113.103,28.505],[-113.26,28.84],[-113.479,28.946],[-113.771,29.408],[-114.271,29.772],[-114.392,29.783],[-114.66,30.183],[-114.63,30.425],[-114.72,30.941],[-114.889,31.163],[-114.853,31.527],[-114.585,31.761],[-114.159,31.495],[-113.876,31.597],[-113.66,31.498],[-113.549,31.296],[-113.117,31.218],[-113.049,31.157],[-113.129,30.812],[-113.08,30.67],[-112.871,30.429],[-112.686,29.908],[-112.506,29.617],[-112.263,29.33],[-112.151,28.963],[-111.894,28.781],[-111.708,28.46],[-111.473,28.381],[-111.251,28.052],[-111.059,27.937],[-110.808,27.928],[-110.587,27.837],[-110.627,27.609],[-110.555,27.385],[-110.288,27.148],[-109.917,27.06],[-109.856,26.801],[-109.694,26.678],[-109.55,26.728],[-109.256,26.498],[-109.268,26.18],[-109.433,26.022],[-109.441,25.793],[-109.171,25.649],[-109.116,25.536],[-108.888,25.49],[-108.451,25.269],[-108.186,24.987],[-107.995,24.648],[-107.624,24.458],[-107.378,24.207],[-107.036,23.981],[-106.793,23.632],[-106.523,23.408],[-106.43,23.23],[-106.032,22.83],[-105.8,22.638],[-105.655,22.256],[-105.632,21.956],[-105.414,21.601],[-105.185,21.443],[-105.243,21.342],[-105.234,21.061],[-105.362,20.763],[-105.234,20.636],[-105.329,20.514],[-105.576,20.488],[-105.699,20.407],[-105.553,20.201],[-105.526,20.032],[-105.251,19.666],[-105.088,19.561],[-105.017,19.368],[-104.807,19.229],[-104.452,19.104],[-103.98,18.875],[-103.7,18.654],[-103.498,18.333],[-102.742,18.067],[-102.191,17.916],[-102.037,17.991],[-101.811,17.89],[-101.644,17.668],[-101.456,17.526],[-101.182,17.413],[-101.008,17.253],[-99.992,16.91],[-99.741,16.731],[-99.374,16.668],[-98.857,16.528],[-98.777,16.555],[-98.568,16.324],[-98.124,16.209],[-97.773,15.979],[-97.266,15.936],[-96.845,15.733],[-96.556,15.659],[-96.237,15.683],[-95.96,15.828],[-95.434,15.975],[-94.852,16.429],[-94.654,16.364],[-94.44,16.187],[-94.364,16.287],[-94.128,16.221],[-93.943,16.011],[-93.656,15.839],[-92.824,15.173],[-92.7,14.999],[-92.246,14.546],[-92.162,14.702],[-92.154,14.996],[-92.074,15.074],[-92.205,15.29],[-91.724,16.069],[-90.486,16.071],[-90.399,16.348],[-90.648,16.53],[-90.735,16.747],[-91.067,16.918],[-91.29,17.189],[-90.992,17.252],[-90.991,17.802],[-90.26,17.815],[-89.16,17.814],[-89.049,17.999],[-88.88,17.888],[-88.736,18.052],[-88.489,18.485],[-88.304,18.481],[-88.104,18.803],[-88.002,18.69],[-88.078,18.499],[-87.771,18.406],[-87.723,18.681],[-87.423,19.558],[-87.666,19.552],[-87.629,19.709],[-87.472,19.885],[-87.444,20.191],[-87.235,20.493],[-86.875,20.855],[-86.742,21.164],[-86.828,21.433],[-86.998,21.566],[-87.238,21.443],[-87.474,21.467],[-87.962,21.6],[-88.448,21.575],[-88.703,21.459],[-89.123,21.363],[-89.786,21.285],[-90.099,21.164],[-90.36,21],[-90.49,20.534],[-90.478,19.922],[-90.709,19.687],[-90.73,19.376],[-90.936,19.163],[-91.431,18.88],[-91.266,18.736],[-91.333,18.573],[-91.544,18.449],[-91.991,18.539],[-91.948,18.691],[-92.405,18.671],[-92.681,18.623],[-92.94,18.446],[-93.445,18.442],[-94.207,18.19],[-94.467,18.144],[-94.581,18.19],[-94.808,18.524],[-95.003,18.555],[-95.208,18.709],[-95.728,18.757],[-95.852,18.717],[-95.977,19.058],[-96.278,19.315],[-96.456,19.869],[-96.676,20.158],[-97.151,20.647],[-97.197,20.81],[-97.497,21.401],[-97.658,21.637],[-97.61,21.836],[-97.761,22.096],[-97.889,22.625],[-97.742,22.972],[-97.769,23.26],[-97.717,24.008],[-97.651,24.516],[-97.459,25.179],[-97.165,25.723],[-97.139,25.966]]],[[[-112.275,28.768],[-112.196,29.021],[-112.282,29.225],[-112.439,29.202],[-112.583,28.875],[-112.275,28.768]]],[[[-113.138,29.065],[-113.183,29.29],[-113.477,29.532],[-113.589,29.41],[-113.229,29.06],[-113.138,29.065]]]]},"properties":{"id":"mexico","name":"メキシコ","nameEn":"Mexico","guide":true,"small":false,"center":[-101.933,23.63]}},
{"type":"Feature","geometry":{"type":"Polygon","coordinates":[[[-89.16,17.814],[-89.149,17.036],[-89.237,15.894],[-88.914,15.894],[-88.928,15.984],[-88.536,16.274],[-88.306,16.653],[-88.215,16.967],[-88.301,17.178],[-88.231,17.497],[-88.283,17.58],[-88.208,17.882],[-88.092,18.118],[-88.304,18.481],[-88.489,18.485],[-88.736,18.052],[-88.88,17.888],[-89.049,17.999],[-89.16,17.814]]]},"properties":{"id":"x-BLZ","name":"ベリーズ","nameEn":"Belize","guide":false,"small":false,"center":[-88.66,17.185]}},
{"type":"Feature","geometry":{"type":"Polygon","coordinates":[[[-82.574,9.576],[-82.829,9.603],[-82.944,9.437],[-82.939,9.06],[-82.749,8.974],[-82.924,8.741],[-82.85,8.63],[-82.944,8.249],[-82.898,8.035],[-82.877,8.219],[-82.659,8.323],[-82.512,8.276],[-82.28,8.343],[-82.109,8.233],[-81.711,8.13],[-81.526,7.711],[-81.195,7.639],[-81.085,7.794],[-80.946,7.556],[-80.873,7.213],[-80.474,7.253],[-80.358,7.382],[-79.995,7.503],[-80.144,7.753],[-80.456,8.036],[-80.47,8.221],[-80.225,8.301],[-79.774,8.58],[-79.756,8.796],[-79.482,8.998],[-79.176,9.011],[-78.758,8.829],[-78.504,8.634],[-78.45,8.391],[-78.303,8.454],[-78.286,8.081],[-78.431,8.077],[-78.144,7.498],[-77.896,7.235],[-77.82,7.477],[-77.58,7.528],[-77.34,7.707],[-77.322,7.881],[-77.201,7.982],[-77.48,8.526],[-77.374,8.665],[-77.574,8.793],[-78.025,9.226],[-78.438,9.404],[-79.058,9.458],[-79.194,9.54],[-79.551,9.629],[-79.909,9.308],[-80.637,9.052],[-80.822,8.891],[-81.304,8.782],[-81.539,8.813],[-81.762,9.064],[-82.105,8.935],[-82.246,9.014],[-82.35,9.402],[-82.574,9.576]]]},"properties":{"id":"panama","name":"パナマ","nameEn":"Panama","guide":true,"small":false,"center":[-80.108,8.418]}},
{"type":"Feature","geometry":{"type":"MultiPolygon","coordinates":[[[[-60.021,8.558],[-60.372,8.635],[-60.462,8.534],[-60.692,8.605],[-60.985,8.571],[-61.284,8.397],[-61.523,8.597],[-61.209,8.609],[-61.1,8.96],[-60.984,9.167],[-60.784,9.339],[-60.862,9.456],[-61.13,9.572],[-61.439,9.818],[-61.593,9.782],[-61.877,9.824],[-62.196,10.02],[-62.409,9.924],[-62.518,10.184],[-62.831,10.407],[-62.662,10.567],[-62.335,10.53],[-62.154,10.686],[-62.72,10.76],[-62.904,10.702],[-63.171,10.732],[-63.532,10.631],[-63.757,10.666],[-63.82,10.448],[-64.143,10.48],[-64.339,10.391],[-64.491,10.241],[-64.631,10.248],[-64.748,10.107],[-65.17,10.097],[-65.58,10.185],[-65.868,10.31],[-66.118,10.498],[-66.125,10.602],[-66.542,10.633],[-67.012,10.611],[-67.17,10.556],[-67.941,10.466],[-68.242,10.578],[-68.331,10.807],[-68.263,10.903],[-68.418,11.179],[-68.863,11.453],[-69.062,11.454],[-69.27,11.536],[-69.624,11.468],[-69.809,11.804],[-69.835,12.015],[-70.018,12.199],[-70.206,12.112],[-70.297,11.872],[-70.187,11.603],[-69.85,11.694],[-69.814,11.426],[-70.051,11.521],[-70.18,11.376],[-70.514,11.253],[-70.87,11.196],[-71.294,10.987],[-71.458,10.975],[-71.531,10.753],[-71.526,10.545],[-71.364,10.22],[-71.042,9.761],[-71.09,9.555],[-71.056,9.364],[-71.274,9.135],[-71.515,9.049],[-71.759,9.12],[-71.73,9.355],[-71.968,9.498],[-72.124,9.826],[-71.982,10.088],[-71.63,10.454],[-71.576,10.721],[-71.694,10.837],[-71.77,11.106],[-71.939,11.381],[-71.961,11.591],[-71.378,11.758],[-71.328,11.85],[-71.971,11.662],[-72.257,11.168],[-72.481,11.133],[-72.706,10.811],[-72.908,10.452],[-72.988,9.999],[-72.978,9.838],[-73.378,9.165],[-73.176,9.191],[-73.01,9.295],[-72.936,9.099],[-72.783,9.06],[-72.675,8.652],[-72.387,8.339],[-72.336,8.104],[-72.488,7.949],[-72.451,7.44],[-72.206,7.382],[-72.081,7.067],[-71.833,6.986],[-71.654,7.053],[-71.284,7.019],[-71.184,6.963],[-70.703,7.1],[-70.319,6.938],[-70.097,6.944],[-69.444,6.122],[-69.246,6.081],[-69.061,6.218],[-68.635,6.136],[-67.924,6.235],[-67.839,6.308],[-67.574,6.266],[-67.429,6.038],[-67.601,5.821],[-67.647,5.483],[-67.844,5.297],[-67.793,5.063],[-67.865,4.512],[-67.632,3.762],[-67.471,3.68],[-67.305,3.426],[-67.452,3.244],[-67.839,2.886],[-67.627,2.813],[-67.325,2.475],[-67.067,1.894],[-66.875,1.223],[-66.346,0.759],[-66.156,0.733],[-65.745,0.974],[-65.583,0.978],[-65.451,0.69],[-65.327,0.91],[-65.203,0.924],[-65.137,1.127],[-64.839,1.271],[-64.731,1.248],[-64.409,1.508],[-64.302,1.447],[-64.081,1.647],[-63.995,1.958],[-63.763,1.986],[-63.618,2.101],[-63.412,2.149],[-63.385,2.421],[-63.831,2.429],[-64.048,2.471],[-63.998,2.706],[-64.223,3.124],[-64.246,3.419],[-64.203,3.595],[-64.663,3.997],[-64.59,4.119],[-64.365,4.152],[-64.125,4.088],[-64.064,3.912],[-63.425,3.968],[-63.286,3.921],[-62.997,3.599],[-62.75,3.66],[-62.766,4.021],[-62.561,4.038],[-62.384,4.173],[-62.193,4.095],[-61.931,4.146],[-61.719,4.255],[-61.542,4.263],[-61.458,4.419],[-61.297,4.524],[-61.012,4.518],[-60.903,4.7],[-60.613,4.901],[-60.664,5.17],[-60.74,5.202],[-61.38,5.905],[-61.269,6.107],[-61.122,6.187],[-61.205,6.596],[-61.13,6.716],[-60.934,6.732],[-60.421,6.942],[-60.292,7.105],[-60.643,7.221],[-60.602,7.33],[-60.731,7.525],[-60.503,7.821],[-60.375,7.824],[-60.231,7.964],[-60.019,8.06],[-59.816,8.288],[-60.021,8.558]]],[[[-63.847,11.135],[-63.986,11.109],[-64.043,10.868],[-63.793,11.001],[-63.847,11.135]]],[[[-60.951,8.828],[-61.094,8.634],[-60.847,8.638],[-60.738,8.867],[-60.951,8.828]]]]},"properties":{"id":"x-VEN","name":"ベネズエラ","nameEn":"Venezuela","guide":false,"small":false,"center":[-66.603,6.424]}},
{"type":"Feature","geometry":{"type":"MultiPolygon","coordinates":[[[[140.974,-2.601],[140.974,-3.8],[140.976,-4.596],[140.977,-6.335],[140.849,-6.703],[140.977,-6.897],[140.977,-7.962],[140.977,-9.106],[141.115,-9.218],[141.422,-9.15],[141.51,-9.215],[141.868,-9.22],[142.223,-9.161],[142.653,-9.33],[143.173,-9.043],[143.406,-8.962],[143.4,-8.782],[143.262,-8.592],[142.98,-8.336],[143.338,-8.248],[143.592,-8.242],[143.548,-8.032],[143.767,-8.04],[143.957,-7.972],[143.856,-7.808],[143.924,-7.694],[144.215,-7.796],[144.431,-7.612],[144.699,-7.617],[144.88,-7.782],[145.613,-7.933],[146.103,-8.1],[146.277,-8.435],[146.576,-8.822],[146.627,-9.023],[146.915,-9.124],[147.053,-9.46],[147.31,-9.539],[147.518,-9.879],[147.762,-10.06],[148.018,-10.125],[148.231,-10.106],[148.402,-10.2],[148.538,-10.172],[148.978,-10.276],[149.067,-10.235],[149.461,-10.352],[149.748,-10.338],[149.94,-10.441],[150.067,-10.64],[150.416,-10.682],[150.693,-10.557],[150.197,-10.095],[149.939,-10.062],[149.731,-9.809],[150.012,-9.642],[149.457,-9.594],[149.227,-9.487],[149.183,-9.368],[149.307,-9.117],[149.244,-8.997],[148.758,-9.104],[148.559,-9.032],[148.437,-8.666],[148.238,-8.569],[148.211,-8.306],[148.114,-8.055],[147.683,-7.811],[147.355,-7.515],[147.162,-7.391],[147.141,-7.213],[146.956,-6.955],[146.977,-6.74],[147.776,-6.718],[147.854,-6.691],[147.827,-6.335],[147.449,-5.962],[147.042,-5.939],[146.813,-5.839],[146.461,-5.599],[146.285,-5.583],[145.727,-5.422],[145.811,-5.067],[145.812,-4.861],[145.346,-4.39],[145.051,-4.342],[144.868,-4.099],[144.551,-3.968],[144.513,-3.818],[144.204,-3.838],[143.996,-3.793],[143.818,-3.622],[143.478,-3.421],[143.029,-3.356],[142.182,-3.08],[141.906,-2.967],[141.276,-2.642],[140.974,-2.601]]],[[[153.762,-11.586],[153.258,-11.353],[153.436,-11.578],[153.762,-11.586]]],[[[150.801,-9.652],[150.888,-9.521],[150.506,-9.338],[150.427,-9.419],[150.549,-9.623],[150.801,-9.652]]],[[[150.369,-9.372],[150.215,-9.206],[150.108,-9.361],[150.369,-9.372]]],[[[152.995,-9.141],[152.794,-9.003],[152.598,-9.069],[152.812,-9.255],[152.995,-9.141]]],[[[148.049,-5.606],[147.782,-5.495],[147.769,-5.612],[148.025,-5.842],[148.049,-5.606]]],[[[155.933,-6.641],[155.917,-6.518],[155.714,-6.279],[155.452,-6.137],[155.404,-6.006],[155.192,-5.766],[155.069,-5.552],[154.77,-5.559],[154.7,-5.767],[154.756,-5.948],[154.979,-6.193],[155.235,-6.363],[155.187,-6.554],[155.361,-6.746],[155.718,-6.873],[155.878,-6.802],[155.933,-6.641]]],[[[152.418,-4.345],[152.178,-4.297],[151.965,-4.331],[151.817,-4.214],[151.54,-4.177],[151.696,-4.819],[151.612,-4.966],[151.388,-4.914],[151.083,-5.164],[151.022,-5.39],[150.719,-5.534],[150.423,-5.457],[150.307,-5.561],[150.142,-5.534],[150.058,-5.343],[149.873,-5.528],[149.615,-5.514],[149.39,-5.587],[148.978,-5.465],[148.833,-5.534],[148.43,-5.445],[148.325,-5.646],[148.386,-5.775],[148.772,-5.873],[148.854,-5.98],[149.142,-6.144],[149.304,-6.059],[149.464,-6.103],[149.629,-6.299],[150.054,-6.258],[150.465,-6.274],[150.588,-6.178],[151.209,-5.943],[151.465,-5.685],[151.479,-5.53],[151.786,-5.585],[152.099,-5.456],[152.123,-5.291],[151.988,-5.164],[151.993,-4.972],[152.292,-4.935],[152.412,-4.684],[152.365,-4.472],[152.418,-4.345]]],[[[153.137,-4.269],[152.956,-3.999],[152.575,-3.818],[152.493,-3.643],[152.217,-3.457],[152.053,-3.247],[151.828,-3.19],[151.437,-2.909],[151.091,-2.833],[151.612,-3.166],[151.809,-3.361],[152.289,-3.57],[152.519,-3.855],[152.688,-4.164],[152.671,-4.452],[152.733,-4.65],[152.874,-4.789],[153.075,-4.602],[153.054,-4.452],[153.137,-4.269]]],[[[150.465,-2.532],[150.208,-2.375],[149.995,-2.466],[150.187,-2.679],[150.451,-2.658],[150.465,-2.532]]],[[[147.433,-1.984],[146.652,-1.964],[146.648,-2.169],[147.216,-2.183],[147.433,-1.984]]]]},"properties":{"id":"x-PNG","name":"パプアニューギニア","nameEn":"Papua New Guinea","guide":false,"small":false,"center":[145.862,-6.646]}},
{"type":"Feature","geometry":{"type":"Polygon","coordinates":[[[34.248,31.211],[34.2,31.314],[33.648,31.117],[32.731,31.039],[32.51,31.107],[32.3,31.281],[32.248,31.107],[32.057,31.08],[31.79,31.343],[31.838,31.525],[31.524,31.45],[31.221,31.58],[30.909,31.424],[30.741,31.406],[30.362,31.509],[30.268,31.257],[30.042,31.321],[29.503,30.957],[29.219,30.838],[29.028,30.827],[28.818,30.951],[28.405,31.086],[27.897,31.114],[27.383,31.269],[27.321,31.381],[25.824,31.615],[25.402,31.503],[25.191,31.531],[25.151,31.656],[24.861,31.38],[24.859,31.146],[24.995,30.785],[24.908,30.499],[24.688,30.144],[24.812,29.891],[24.874,29.468],[24.981,29.181],[24.981,27.667],[24.981,26.665],[24.981,25.205],[24.981,23.746],[24.981,21.995],[26.344,21.995],[28.29,21.995],[29.458,21.995],[31.248,21.994],[33.181,21.995],[34.084,21.995],[35.486,21.996],[36.884,21.996],[36.895,22.066],[36.44,22.356],[36.198,22.652],[35.886,22.736],[35.695,22.932],[35.621,23.139],[35.489,23.497],[35.514,23.977],[35.392,24.283],[35.235,24.4],[34.99,24.905],[34.682,25.429],[34.547,25.725],[34.339,26.002],[34.014,26.612],[34.004,26.849],[33.837,27.121],[33.825,27.26],[33.558,27.537],[33.513,27.959],[33.126,28.288],[32.869,28.579],[32.821,28.748],[32.625,28.973],[32.591,29.35],[32.338,29.6],[32.563,29.972],[32.691,29.734],[32.681,29.6],[32.886,29.243],[33.145,29.032],[33.229,28.569],[33.565,28.297],[33.763,28.024],[34.078,27.801],[34.24,27.794],[34.427,27.983],[34.407,28.308],[34.633,28.771],[34.737,29.305],[34.887,29.49],[34.824,29.742],[34.48,30.651],[34.248,31.211]]]},"properties":{"id":"egypt","name":"エジプト","nameEn":"Egypt","guide":true,"small":false,"center":[30.794,26.825]}},
{"type":"Feature","geometry":{"type":"MultiPolygon","coordinates":[[[[51.979,18.996],[51.02,18.867],[49.129,18.612],[48.162,18.149],[47.589,17.463],[47.428,17.092],[47.191,16.959],[46.97,16.957],[46.71,17.275],[46.323,17.224],[45.43,17.312],[45.165,17.428],[44.404,17.419],[44.104,17.352],[43.751,17.346],[43.503,17.513],[43.391,17.512],[43.165,17.326],[43.109,16.927],[43.209,16.773],[43.036,16.536],[42.789,16.371],[42.843,16.052],[42.82,15.875],[42.699,15.717],[42.803,15.245],[42.937,14.948],[43.029,14.538],[42.994,14.448],[43.096,14.084],[43.281,13.722],[43.249,13.213],[43.473,12.847],[43.588,12.751],[43.909,12.645],[44.191,12.619],[44.433,12.694],[44.543,12.797],[44.868,12.732],[45.194,13.013],[45.403,13.07],[45.666,13.342],[46.235,13.436],[46.701,13.43],[46.912,13.533],[47.398,13.655],[47.667,13.887],[48.017,14.057],[48.189,13.969],[48.681,14.044],[49.004,14.325],[49.078,14.506],[49.578,14.737],[49.942,14.839],[50.18,14.843],[50.554,15.049],[51.368,15.23],[52.047,15.57],[52.228,15.616],[52.156,15.984],[52.293,16.264],[52.598,16.477],[53.09,16.642],[52.802,17.267],[52.73,17.3],[51.979,18.996]]],[[[54.471,12.544],[54.119,12.701],[53.763,12.62],[53.655,12.705],[53.396,12.656],[53.334,12.516],[53.572,12.335],[53.776,12.305],[54.14,12.351],[54.471,12.544]]]]},"properties":{"id":"x-YEM","name":"イエメン","nameEn":"Yemen","guide":false,"small":false,"center":[47.85,15.797]}},
{"type":"Feature","geometry":{"type":"Polygon","coordinates":[[[-8.682,27.285],[-8.681,26.013],[-8.707,25.995],[-10.202,25.995],[-12.015,25.995],[-12.015,24.937],[-12.015,23.495],[-12.354,23.322],[-12.619,23.271],[-13.015,23.018],[-13.165,22.753],[-13.093,22.495],[-13.015,21.333],[-14.015,21.333],[-15.002,21.333],[-16.959,21.333],[-17.081,20.875],[-17.057,20.767],[-17.016,21.031],[-16.931,21.152],[-16.665,20.671],[-16.391,20.569],[-16.2,20.215],[-16.298,19.923],[-16.234,19.794],[-16.385,19.574],[-16.359,19.416],[-16.475,19.271],[-16.283,19.13],[-16.205,18.983],[-16.069,18.484],[-16.024,17.96],[-16.049,17.667],[-16.173,17.262],[-16.459,16.644],[-16.539,16.267],[-16.542,15.809],[-16.466,16.174],[-16.327,16.475],[-15.672,16.481],[-15.491,16.565],[-15.125,16.583],[-14.931,16.643],[-14.343,16.637],[-14.016,16.356],[-13.811,16.122],[-13.485,16.155],[-13.314,15.922],[-13.238,15.623],[-12.964,15.509],[-12.857,15.222],[-12.472,14.998],[-12.264,14.775],[-11.974,14.78],[-11.837,14.893],[-11.846,15.179],[-11.727,15.541],[-11.41,15.602],[-11.298,15.451],[-11.045,15.27],[-10.915,15.103],[-10.736,15.423],[-10.309,15.435],[-10.132,15.373],[-9.836,15.371],[-9.349,15.496],[-8.327,15.495],[-6.674,15.495],[-5.511,15.496],[-5.353,16.312],[-5.623,16.528],[-5.756,17.741],[-5.964,19.621],[-6.114,20.92],[-6.219,21.823],[-6.375,23.15],[-6.593,24.994],[-4.822,24.995],[-6.14,25.79],[-7.297,26.471],[-8.682,27.285]]]},"properties":{"id":"x-MRT","name":"モーリタニア","nameEn":"Mauritania","guide":false,"small":false,"center":[-10.951,21.01]}},
{"type":"Feature","geometry":{"type":"MultiPolygon","coordinates":[[[[9.8,2.342],[9.799,1.901],[9.618,1.671],[9.408,1.284],[9.584,1.043],[9.804,0.998],[11.336,0.999],[11.322,2.166],[9.991,2.166],[9.8,2.342]]],[[[8.923,3.751],[8.702,3.761],[8.45,3.273],[8.695,3.209],[8.958,3.643],[8.923,3.751]]]]},"properties":{"id":"x-GNQ","name":"赤道ギニア","nameEn":"Eq. Guinea","guide":false,"small":false,"center":[10.342,1.633]}},
{"type":"Feature","geometry":{"type":"Polygon","coordinates":[[[-16.754,13.065],[-16.674,13.164],[-15.833,13.157],[-15.823,13.319],[-15.228,13.425],[-15.015,13.496],[-14.592,13.353],[-14.395,13.243],[-14.202,13.23],[-13.851,13.336],[-13.967,13.576],[-14.33,13.456],[-14.586,13.66],[-14.729,13.619],[-14.916,13.792],[-15.098,13.82],[-15.394,13.772],[-15.518,13.583],[-16.561,13.587],[-16.83,13.339],[-16.754,13.065]]]},"properties":{"id":"x-GMB","name":"ガンビア","nameEn":"Gambia","guide":false,"small":false,"center":[-15.324,13.442]}},
{"type":"Feature","geometry":{"type":"Polygon","coordinates":[[[114.23,22.556],[114.082,22.529],[114.111,22.366],[114.278,22.27],[114.338,22.446],[114.23,22.556]]]},"properties":{"id":"hong-kong","name":"香港","nameEn":"Hong Kong","guide":true,"small":true,"center":[114.149,22.411]}},
{"type":"Feature","geometry":{"type":"Polygon","coordinates":[[[12.453,41.903],[12.454,41.903],[12.454,41.904],[12.453,41.904],[12.453,41.903]]]},"properties":{"id":"x-VAT","name":"バチカン","nameEn":"Vatican","guide":false,"small":true,"center":[12.453,41.903]}},
{"type":"Feature","geometry":{"type":"MultiPolygon","coordinates":[[[[-51.731,-82.063],[-53.225,-82.125],[-55.927,-82.483],[-57.699,-82.91],[-59.47,-83.46],[-60.446,-83.469],[-61.625,-83.312],[-60.978,-82.975],[-61.932,-82.972],[-62.795,-82.52],[-61.12,-82.344],[-62.472,-82.256],[-65.073,-82.406],[-66.062,-82.195],[-65.692,-81.711],[-62.207,-81.693],[-62.414,-81.558],[-65.174,-81.512],[-68.372,-81.11],[-69.976,-80.976],[-70.434,-80.657],[-71.282,-80.664],[-72.557,-80.799],[-72.769,-80.969],[-74.047,-80.804],[-74.838,-80.919],[-75.712,-80.638],[-75.578,-80.403],[-76.632,-79.939],[-75.925,-79.52],[-76.533,-79.313],[-80.429,-79.258],[-81.106,-79.203],[-83.254,-78.773],[-83.886,-78.419],[-83.678,-78.011],[-82.487,-78.466],[-80.295,-78.847],[-77.754,-78.736],[-77.361,-78.624],[-77.413,-78.42],[-81.616,-77.862],[-80.762,-77.79],[-79.146,-77.845],[-77.685,-77.93],[-75.218,-78.145],[-74.269,-78.129],[-73.627,-78.025],[-72.805,-77.699],[-72.722,-77.576],[-75.08,-77.437],[-75.527,-77.541],[-76.323,-77.263],[-77.187,-76.827],[-77.524,-76.73],[-76.499,-76.525],[-75.894,-76.621],[-75.21,-76.565],[-73.937,-76.653],[-72.406,-76.689],[-71.709,-76.763],[-70.332,-76.678],[-70.181,-76.451],[-69.475,-76.341],[-68.018,-76.221],[-68.104,-76.148],[-66.219,-76.011],[-63.162,-75.409],[-64.272,-75.241],[-63.041,-75.147],[-63.573,-74.871],[-63.293,-74.72],[-62.673,-74.703],[-62.591,-74.951],[-62.132,-74.952],[-61.543,-74.544],[-61.068,-74.52],[-60.682,-74.325],[-61.055,-74.103],[-61.791,-73.907],[-60.911,-73.9],[-60.8,-73.578],[-61.713,-73.46],[-61.168,-73.32],[-60.703,-73.391],[-60.094,-73.299],[-60.247,-73.034],[-60.622,-72.942],[-60.52,-72.683],[-61.042,-72.702],[-61.366,-72.466],[-60.643,-72.43],[-60.662,-72.256],[-61.427,-72.065],[-62.112,-72.01],[-61.497,-71.855],[-60.772,-71.76],[-61.119,-71.539],[-60.935,-71.182],[-61.334,-71.04],[-61.262,-70.894],[-62.006,-70.793],[-61.354,-70.561],[-62.38,-70.414],[-62.009,-70.076],[-62.53,-69.864],[-62.397,-69.515],[-62.963,-69.379],[-63.321,-69.05],[-63.212,-68.839],[-63.813,-68.718],[-64.359,-68.784],[-65.339,-68.563],[-64.976,-68.408],[-65.481,-68.308],[-64.989,-68.089],[-65.673,-67.888],[-65.589,-67.554],[-65.327,-67.399],[-64.749,-67.307],[-64.966,-67.034],[-64.774,-66.846],[-63.831,-66.918],[-63.936,-66.704],[-63.756,-66.215],[-63.235,-66.239],[-62.905,-66.477],[-62.551,-66.413],[-62.668,-66.227],[-62.22,-66.174],[-61.682,-66.317],[-61.022,-66.133],[-60.578,-65.94],[-61.245,-65.913],[-61.339,-66.088],[-62.023,-66.112],[-62.372,-65.916],[-61.961,-65.494],[-62.198,-65.304],[-61.739,-65.088],[-61.052,-65.011],[-60.636,-64.697],[-60.234,-64.521],[-59.418,-64.331],[-58.993,-64.443],[-58.77,-64.282],[-58.733,-64.031],[-58.077,-63.663],[-57.751,-63.656],[-57.127,-63.504],[-57.106,-63.241],[-57.88,-63.315],[-58.132,-63.444],[-58.899,-63.54],[-58.921,-63.651],[-59.489,-63.879],[-59.911,-63.848],[-60.877,-64.047],[-61.113,-64.381],[-61.583,-64.443],[-61.916,-64.575],[-62.142,-64.785],[-62.518,-64.732],[-62.898,-64.931],[-63.234,-64.965],[-63.084,-65.166],[-63.827,-65.03],[-64.11,-65.268],[-63.682,-65.524],[-64.145,-65.624],[-64.687,-66.038],[-65.26,-65.957],[-65.641,-66.215],[-65.8,-66.716],[-66.292,-66.586],[-66.441,-66.846],[-67.54,-67.139],[-67.472,-67.549],[-66.993,-67.469],[-66.632,-67.544],[-67.016,-67.741],[-66.874,-67.918],[-67.269,-67.969],[-66.946,-68.223],[-67.016,-68.786],[-66.759,-69.071],[-67.01,-69.262],[-67.527,-69.434],[-67.953,-69.375],[-68.825,-69.431],[-68.362,-69.683],[-68.484,-70.053],[-67.949,-70.312],[-67.411,-70.993],[-67.623,-71.433],[-67.424,-71.621],[-66.8,-71.955],[-66.748,-72.092],[-67.511,-72.834],[-68.667,-73.088],[-70.293,-73.293],[-70.883,-73.256],[-71.423,-73.354],[-73.073,-73.444],[-74.105,-73.716],[-75.268,-73.621],[-76.277,-73.821],[-77.242,-73.812],[-76.699,-73.548],[-77.531,-73.467],[-78.872,-73.583],[-78.744,-73.365],[-79.647,-73.039],[-80.378,-72.95],[-80.437,-73.188],[-81.311,-73.273],[-81.234,-73.73],[-82.065,-73.887],[-82.934,-73.71],[-83.882,-73.667],[-85.101,-73.487],[-85.543,-73.372],[-85.679,-73.178],[-86.947,-73.384],[-87.505,-73.201],[-88.444,-73.264],[-88.714,-73.12],[-88.109,-72.843],[-88.223,-72.712],[-89.111,-72.764],[-89.284,-73.107],[-90.207,-73.15],[-90.534,-73.28],[-91.115,-73.301],[-91.954,-73.185],[-92.801,-73.143],[-93.572,-73.175],[-94.336,-73.322],[-95.194,-73.209],[-95.843,-73.331],[-96.475,-73.299],[-97.717,-73.025],[-99.682,-73.017],[-100.377,-73.066],[-100.766,-72.976],[-101.96,-73.056],[-102.094,-72.772],[-103.041,-72.708],[-103.43,-72.849],[-103.288,-73.159],[-102.874,-73.308],[-101.857,-73.304],[-99.768,-73.364],[-99.485,-73.547],[-99.867,-73.733],[-101.164,-73.771],[-101.385,-73.667],[-102.89,-73.586],[-102.923,-73.858],[-101.589,-74],[-101.307,-74.307],[-101.396,-74.503],[-100.927,-74.551],[-100.131,-74.473],[-100.083,-74.846],[-99.324,-74.963],[-99.431,-75.303],[-100.137,-75.384],[-101.657,-75.305],[-101.564,-75.147],[-103.296,-75.085],[-103.812,-75.153],[-105.142,-75.181],[-106.449,-75.317],[-107.866,-75.323],[-108.104,-75.257],[-109.693,-75.146],[-111.481,-75.196],[-111.527,-75.108],[-110.675,-74.829],[-110.294,-74.782],[-110.103,-74.549],[-110.449,-74.271],[-111.231,-74.197],[-111.887,-74.229],[-111.697,-74.423],[-111.917,-74.618],[-111.543,-74.802],[-112.918,-74.873],[-113.79,-74.977],[-113.97,-74.885],[-113.649,-74.588],[-113.883,-74.237],[-113.611,-74.025],[-114.21,-73.863],[-114.734,-73.927],[-115.125,-74.095],[-114.838,-74.471],[-116.693,-74.558],[-117.662,-74.503],[-118.124,-74.313],[-118.975,-74.404],[-119.135,-74.598],[-120.829,-74.74],[-122.2,-74.754],[-124.051,-74.811],[-124.366,-74.707],[-125.74,-74.705],[-126.113,-74.761],[-126.939,-74.677],[-128.473,-74.763],[-129.975,-74.913],[-131.013,-74.817],[-132.791,-74.769],[-133.866,-74.928],[-135.342,-74.56],[-136.885,-74.828],[-136.878,-75.038],[-137.477,-75.088],[-139.567,-75.148],[-140.277,-75.433],[-141.238,-75.599],[-142.467,-75.432],[-142.679,-75.562],[-143.392,-75.538],[-144.308,-75.642],[-144.16,-75.804],[-145.18,-75.907],[-146.209,-75.915],[-146.5,-76.087],[-145.539,-76.316],[-146.251,-76.424],[-147.164,-76.232],[-148.197,-76.087],[-148.54,-76.228],[-149.483,-76.293],[-149.64,-76.43],[-148.453,-76.506],[-147.082,-76.433],[-146.618,-76.532],[-145.593,-76.917],[-145.275,-77.221],[-145.964,-77.254],[-145.407,-77.479],[-146.397,-77.495],[-146.89,-77.256],[-147.847,-77.264],[-148.513,-77.108],[-149.021,-77.338],[-147.758,-77.462],[-148.802,-77.584],[-148.674,-77.675],[-149.975,-77.816],[-151.515,-77.416],[-152.485,-77.319],[-153.248,-77.446],[-153.534,-77.254],[-154.894,-77.104],[-155.475,-77.168],[-156.324,-77.066],[-157.083,-77.351],[-157.925,-77.056],[-158.312,-77.132],[-158.14,-77.428],[-158.637,-77.865],[-157.2,-78.253],[-156.348,-78.2],[-154.137,-78.248],[-154.73,-78.455],[-156.053,-78.494],[-156.528,-78.664],[-154.97,-79.035],[-153.079,-79.139],[-150.447,-79.559],[-149.092,-79.63],[-147.946,-79.787],[-148.519,-79.887],[-148.834,-80.131],[-150.37,-80.075],[-150.609,-80.27],[-149.665,-80.527],[-149.019,-80.591],[-147.628,-80.92],[-152.529,-81.047],[-156.45,-81.149],[-157.057,-81.351],[-154.997,-81.489],[-153.79,-81.691],[-154.804,-81.966],[-152.897,-82.374],[-152.543,-82.548],[-155.059,-82.802],[-155.592,-83.046],[-157.555,-83.39],[-162.169,-83.525],[-162.87,-83.321],[-164.166,-83.396],[-165.086,-83.202],[-167.333,-83.198],[-168.086,-83.256],[-170.719,-83.197],[-171.408,-82.954],[-172.512,-82.87],[-174.028,-82.915],[-169.433,-83.409],[-168.054,-83.754],[-165.421,-83.767],[-163.703,-84.05],[-165.154,-84.138],[-164.157,-84.292],[-165.41,-84.365],[-163.863,-84.55],[-155.643,-84.828],[-156.939,-85.007],[-156.008,-85.222],[-162.849,-84.883],[-168.019,-84.781],[-168.255,-84.648],[-175.178,-84.415],[-175.999,-84.487],[-178.298,-84.308],[-179.969,-84.355],[-180,-84.353],[-180,-84.515],[-180,-85.014],[-180,-85.512],[-180,-86.011],[-180,-86.51],[-180,-87.008],[-180,-87.507],[-180,-88.006],[-180,-88.504],[-180,-89.003],[-180,-89.501],[-180,-90],[-179.501,-90],[-179.001,-90],[-178.502,-90],[-178.003,-90],[-177.503,-90],[-177.004,-90],[-176.505,-90],[-176.006,-90],[-175.506,-90],[-175.007,-90],[-174.508,-90],[-174.008,-90],[-173.509,-90],[-173.01,-90],[-172.51,-90],[-172.011,-90],[-171.512,-90],[-171.012,-90],[-170.513,-90],[-170.014,-90],[-169.515,-90],[-169.015,-90],[-168.516,-90],[-168.017,-90],[-167.517,-90],[-167.018,-90],[-166.519,-90],[-166.019,-90],[-165.52,-90],[-165.021,-90],[-164.521,-90],[-164.022,-90],[-163.523,-90],[-163.024,-90],[-162.524,-90],[-162.025,-90],[-161.526,-90],[-161.026,-90],[-160.527,-90],[-160.028,-90],[-159.528,-90],[-159.029,-90],[-158.53,-90],[-158.031,-90],[-157.531,-90],[-157.032,-90],[-156.533,-90],[-156.033,-90],[-155.534,-90],[-155.035,-90],[-154.535,-90],[-154.036,-90],[-153.537,-90],[-153.037,-90],[-152.538,-90],[-152.039,-90],[-151.54,-90],[-151.04,-90],[-150.541,-90],[-150.042,-90],[-149.542,-90],[-149.043,-90],[-148.544,-90],[-148.044,-90],[-147.545,-90],[-147.046,-90],[-146.546,-90],[-146.047,-90],[-145.548,-90],[-145.049,-90],[-144.549,-90],[-144.05,-90],[-143.551,-90],[-143.051,-90],[-142.552,-90],[-142.053,-90],[-141.553,-90],[-141.054,-90],[-140.555,-90],[-140.055,-90],[-139.556,-90],[-139.057,-90],[-138.558,-90],[-138.058,-90],[-137.559,-90],[-137.06,-90],[-136.56,-90],[-136.061,-90],[-135.562,-90],[-135.062,-90],[-134.563,-90],[-134.064,-90],[-133.564,-90],[-133.065,-90],[-132.566,-90],[-132.067,-90],[-131.567,-90],[-131.068,-90],[-130.569,-90],[-130.069,-90],[-129.57,-90],[-129.071,-90],[-128.571,-90],[-128.072,-90],[-127.573,-90],[-127.074,-90],[-126.574,-90],[-126.075,-90],[-125.576,-90],[-125.076,-90],[-124.577,-90],[-124.078,-90],[-123.578,-90],[-123.079,-90],[-122.58,-90],[-122.08,-90],[-121.581,-90],[-121.082,-90],[-120.583,-90],[-120.083,-90],[-119.584,-90],[-119.085,-90],[-118.585,-90],[-118.086,-90],[-117.587,-90],[-117.087,-90],[-116.588,-90],[-116.089,-90],[-115.589,-90],[-115.09,-90],[-114.591,-90],[-114.092,-90],[-113.592,-90],[-113.093,-90],[-112.594,-90],[-112.094,-90],[-111.595,-90],[-111.096,-90],[-110.596,-90],[-110.097,-90],[-109.598,-90],[-109.098,-90],[-108.599,-90],[-108.1,-90],[-107.601,-90],[-107.101,-90],[-106.602,-90],[-106.103,-90],[-105.603,-90],[-105.104,-90],[-104.605,-90],[-104.105,-90],[-103.606,-90],[-103.107,-90],[-102.607,-90],[-102.108,-90],[-101.609,-90],[-101.11,-90],[-100.61,-90],[-100.111,-90],[-99.612,-90],[-99.112,-90],[-98.613,-90],[-98.114,-90],[-97.614,-90],[-97.115,-90],[-96.616,-90],[-96.117,-90],[-95.617,-90],[-95.118,-90],[-94.619,-90],[-94.119,-90],[-93.62,-90],[-93.121,-90],[-92.621,-90],[-92.122,-90],[-91.623,-90],[-91.123,-90],[-90.624,-90],[-90.125,-90],[-89.626,-90],[-89.126,-90],[-88.627,-90],[-88.128,-90],[-87.628,-90],[-87.129,-90],[-86.63,-90],[-86.13,-90],[-85.631,-90],[-85.132,-90],[-84.632,-90],[-84.133,-90],[-83.634,-90],[-83.135,-90],[-82.635,-90],[-82.136,-90],[-81.637,-90],[-81.137,-90],[-80.638,-90],[-80.139,-90],[-79.639,-90],[-79.14,-90],[-78.641,-90],[-78.141,-90],[-77.642,-90],[-77.143,-90],[-76.644,-90],[-76.144,-90],[-75.645,-90],[-75.146,-90],[-74.646,-90],[-74.147,-90],[-73.648,-90],[-73.148,-90],[-72.649,-90],[-72.15,-90],[-71.65,-90],[-71.151,-90],[-70.652,-90],[-70.153,-90],[-69.653,-90],[-69.154,-90],[-68.655,-90],[-68.155,-90],[-67.656,-90],[-67.157,-90],[-66.657,-90],[-66.158,-90],[-65.659,-90],[-65.16,-90],[-64.66,-90],[-64.161,-90],[-63.662,-90],[-63.162,-90],[-62.663,-90],[-62.164,-90],[-61.664,-90],[-61.165,-90],[-60.666,-90],[-60.166,-90],[-59.667,-90],[-59.168,-90],[-58.669,-90],[-58.169,-90],[-57.67,-90],[-57.171,-90],[-56.671,-90],[-56.172,-90],[-55.673,-90],[-55.173,-90],[-54.674,-90],[-54.175,-90],[-53.675,-90],[-53.176,-90],[-52.677,-90],[-52.178,-90],[-52.118,-90],[-51.678,-90],[-51.179,-90],[-50.68,-90],[-50.18,-90],[-49.681,-90],[-49.182,-90],[-48.682,-90],[-48.183,-90],[-47.684,-90],[-47.184,-90],[-46.685,-90],[-46.186,-90],[-45.687,-90],[-45.187,-90],[-44.688,-90],[-44.189,-90],[-43.689,-90],[-43.19,-90],[-42.691,-90],[-42.191,-90],[-41.692,-90],[-41.193,-90],[-40.693,-90],[-40.194,-90],[-39.695,-90],[-39.196,-90],[-38.696,-90],[-38.197,-90],[-37.698,-90],[-37.198,-90],[-36.699,-90],[-36.2,-90],[-35.7,-90],[-35.201,-90],[-34.702,-90],[-34.202,-90],[-33.703,-90],[-33.204,-90],[-32.705,-90],[-32.205,-90],[-31.706,-90],[-31.207,-90],[-30.707,-90],[-30.208,-90],[-29.709,-90],[-29.209,-90],[-28.71,-90],[-28.211,-90],[-27.712,-90],[-27.212,-90],[-26.713,-90],[-26.214,-90],[-25.714,-90],[-25.215,-90],[-24.716,-90],[-24.216,-90],[-23.717,-90],[-23.218,-90],[-22.718,-90],[-22.219,-90],[-21.72,-90],[-21.221,-90],[-20.721,-90],[-20.222,-90],[-19.723,-90],[-19.223,-90],[-18.724,-90],[-18.225,-90],[-17.725,-90],[-17.226,-90],[-16.727,-90],[-16.227,-90],[-15.728,-90],[-15.229,-90],[-14.73,-90],[-14.23,-90],[-13.731,-90],[-13.232,-90],[-12.732,-90],[-12.233,-90],[-11.734,-90],[-11.234,-90],[-10.735,-90],[-10.236,-90],[-9.736,-90],[-9.237,-90],[-8.738,-90],[-8.239,-90],[-7.739,-90],[-7.24,-90],[-6.741,-90],[-6.241,-90],[-5.742,-90],[-5.243,-90],[-4.743,-90],[-4.244,-90],[-3.745,-90],[-3.245,-90],[-2.746,-90],[-2.247,-90],[-1.748,-90],[-1.248,-90],[-0.749,-90],[-0.25,-90],[0.25,-90],[0.749,-90],[1.248,-90],[1.748,-90],[2.247,-90],[2.746,-90],[3.245,-90],[3.745,-90],[4.244,-90],[4.743,-90],[5.243,-90],[5.742,-90],[6.241,-90],[6.741,-90],[7.24,-90],[7.739,-90],[8.239,-90],[8.738,-90],[9.237,-90],[9.736,-90],[10.236,-90],[10.735,-90],[11.234,-90],[11.734,-90],[12.233,-90],[12.732,-90],[13.232,-90],[13.731,-90],[14.23,-90],[14.73,-90],[15.229,-90],[15.728,-90],[16.227,-90],[16.727,-90],[17.226,-90],[17.725,-90],[18.225,-90],[18.724,-90],[19.223,-90],[19.723,-90],[20.222,-90],[20.721,-90],[21.221,-90],[21.72,-90],[22.219,-90],[22.718,-90],[23.218,-90],[23.717,-90],[24.216,-90],[24.716,-90],[25.215,-90],[25.714,-90],[26.214,-90],[26.713,-90],[27.212,-90],[27.712,-90],[28.211,-90],[28.71,-90],[29.209,-90],[29.709,-90],[30.208,-90],[30.707,-90],[31.207,-90],[31.706,-90],[32.205,-90],[32.705,-90],[33.204,-90],[33.703,-90],[34.202,-90],[34.702,-90],[35.201,-90],[35.7,-90],[36.2,-90],[36.699,-90],[37.198,-90],[37.698,-90],[38.197,-90],[38.696,-90],[39.196,-90],[39.695,-90],[40.194,-90],[40.693,-90],[41.193,-90],[41.692,-90],[42.191,-90],[42.691,-90],[43.19,-90],[43.689,-90],[44.189,-90],[44.688,-90],[45.187,-90],[45.687,-90],[46.186,-90],[46.685,-90],[47.184,-90],[47.684,-90],[48.183,-90],[48.682,-90],[49.182,-90],[49.681,-90],[50.18,-90],[50.68,-90],[51.179,-90],[51.678,-90],[52.178,-90],[52.677,-90],[53.176,-90],[53.675,-90],[54.175,-90],[54.674,-90],[55.173,-90],[55.673,-90],[56.172,-90],[56.671,-90],[57.171,-90],[57.67,-90],[58.169,-90],[58.669,-90],[59.168,-90],[59.667,-90],[60.166,-90],[60.666,-90],[61.165,-90],[61.652,-90],[61.664,-90],[62.164,-90],[62.663,-90],[63.162,-90],[63.662,-90],[64.161,-90],[64.66,-90],[65.16,-90],[65.659,-90],[66.158,-90],[66.657,-90],[67.157,-90],[67.656,-90],[68.155,-90],[68.655,-90],[69.154,-90],[69.653,-90],[70.153,-90],[70.652,-90],[71.151,-90],[71.65,-90],[72.15,-90],[72.649,-90],[73.148,-90],[73.648,-90],[74.147,-90],[74.646,-90],[75.146,-90],[75.645,-90],[76.144,-90],[76.644,-90],[77.143,-90],[77.642,-90],[78.141,-90],[78.641,-90],[79.14,-90],[79.639,-90],[80.139,-90],[80.638,-90],[81.137,-90],[81.637,-90],[82.136,-90],[82.635,-90],[83.135,-90],[83.634,-90],[84.133,-90],[84.632,-90],[85.132,-90],[85.631,-90],[86.13,-90],[86.63,-90],[87.129,-90],[87.628,-90],[88.128,-90],[88.627,-90],[89.126,-90],[89.626,-90],[90.125,-90],[90.624,-90],[91.123,-90],[91.623,-90],[92.122,-90],[92.621,-90],[93.121,-90],[93.62,-90],[94.119,-90],[94.619,-90],[95.118,-90],[95.617,-90],[96.117,-90],[96.616,-90],[97.115,-90],[97.614,-90],[98.114,-90],[98.613,-90],[99.112,-90],[99.612,-90],[100.111,-90],[100.61,-90],[101.11,-90],[101.609,-90],[102.108,-90],[102.607,-90],[103.107,-90],[103.606,-90],[104.105,-90],[104.605,-90],[105.104,-90],[105.603,-90],[106.103,-90],[106.602,-90],[107.101,-90],[107.601,-90],[108.1,-90],[108.599,-90],[109.098,-90],[109.598,-90],[110.097,-90],[110.596,-90],[111.096,-90],[111.595,-90],[112.094,-90],[112.594,-90],[113.093,-90],[113.592,-90],[114.092,-90],[114.591,-90],[115.09,-90],[115.589,-90],[116.089,-90],[116.588,-90],[117.087,-90],[117.587,-90],[118.086,-90],[118.585,-90],[119.085,-90],[119.584,-90],[120.083,-90],[120.583,-90],[121.082,-90],[121.581,-90],[122.08,-90],[122.58,-90],[123.079,-90],[123.578,-90],[124.078,-90],[124.577,-90],[125.076,-90],[125.576,-90],[126.075,-90],[126.574,-90],[127.074,-90],[127.573,-90],[128.072,-90],[128.571,-90],[129.071,-90],[129.57,-90],[130.069,-90],[130.569,-90],[131.068,-90],[131.567,-90],[132.067,-90],[132.566,-90],[133.065,-90],[133.564,-90],[134.064,-90],[134.563,-90],[135.062,-90],[135.562,-90],[136.061,-90],[136.56,-90],[137.06,-90],[137.559,-90],[138.058,-90],[138.558,-90],[139.057,-90],[139.556,-90],[140.055,-90],[140.555,-90],[141.054,-90],[141.553,-90],[142.053,-90],[142.552,-90],[143.051,-90],[143.551,-90],[144.05,-90],[144.549,-90],[145.049,-90],[145.548,-90],[146.047,-90],[146.546,-90],[147.046,-90],[147.545,-90],[148.044,-90],[148.544,-90],[149.043,-90],[149.542,-90],[150.042,-90],[150.541,-90],[151.04,-90],[151.54,-90],[152.039,-90],[152.538,-90],[153.037,-90],[153.537,-90],[154.036,-90],[154.535,-90],[155.035,-90],[155.534,-90],[156.033,-90],[156.533,-90],[157.032,-90],[157.531,-90],[158.031,-90],[158.53,-90],[159.029,-90],[159.528,-90],[160.028,-90],[160.527,-90],[161.026,-90],[161.526,-90],[162.025,-90],[162.524,-90],[163.024,-90],[163.523,-90],[164.022,-90],[164.521,-90],[165.021,-90],[165.52,-90],[166.019,-90],[166.519,-90],[167.018,-90],[167.517,-90],[168.017,-90],[168.516,-90],[169.015,-90],[169.515,-90],[170.014,-90],[170.513,-90],[171.012,-90],[171.512,-90],[172.011,-90],[172.51,-90],[173.01,-90],[173.509,-90],[174.008,-90],[174.508,-90],[175.007,-90],[175.506,-90],[176.006,-90],[176.505,-90],[177.004,-90],[177.503,-90],[178.003,-90],[178.502,-90],[179.001,-90],[179.501,-90],[180,-90],[180,-89.501],[180,-89.003],[180,-88.504],[180,-88.006],[180,-87.507],[180,-87.008],[180,-86.51],[180,-86.011],[180,-85.512],[180,-85.014],[180,-84.515],[180,-84.353],[179.355,-84.197],[175.678,-83.962],[173.962,-83.882],[171.193,-83.446],[167.749,-83.255],[168.764,-83.191],[168.593,-82.999],[167.424,-83.026],[167.306,-82.817],[166.109,-82.653],[164.673,-82.339],[163.319,-82.483],[160.858,-82.501],[160.64,-82.423],[163.839,-82.231],[162.39,-81.798],[162.479,-81.689],[161.011,-81.549],[161.454,-81.424],[160.919,-81.27],[160.907,-80.993],[160.16,-80.782],[161.201,-80.648],[160.612,-80.547],[160.752,-80.38],[158.588,-80.477],[158.782,-80.259],[160.851,-79.957],[160.329,-79.861],[160.761,-79.651],[160.387,-79.168],[161.13,-79.049],[162.065,-79.069],[161.755,-78.839],[162.126,-78.76],[163.852,-78.737],[164.41,-78.604],[166.09,-78.567],[166.547,-78.712],[167.216,-78.601],[165.787,-78.421],[165.685,-78.261],[164.532,-78.317],[164.208,-78.226],[164.501,-77.854],[163.907,-77.696],[163.716,-77.397],[163.07,-77.019],[162.469,-77.015],[162.931,-76.707],[162.423,-76.639],[162.884,-76.439],[162.736,-76.074],[162.9,-75.823],[162.201,-75.638],[162.191,-75.388],[161.087,-75.384],[161.776,-75.189],[162.543,-75.24],[162.786,-74.99],[162.591,-74.75],[163.012,-74.701],[163.47,-74.342],[163.787,-74.624],[165.288,-74.465],[164.591,-73.927],[165.261,-73.893],[166.294,-73.726],[165.874,-73.566],[167.033,-73.566],[167.363,-73.394],[167.171,-73.153],[168.334,-73.165],[168.753,-73.077],[169.22,-73.133],[169.932,-72.736],[168.867,-72.576],[169.126,-72.485],[170.255,-72.603],[170.282,-72.326],[170.016,-72.171],[170.256,-71.951],[170.774,-71.951],[170.814,-71.7],[170.362,-71.544],[169.792,-71.519],[167.878,-71.014],[167.833,-70.861],[167.416,-70.759],[166.471,-70.766],[165.312,-70.56],[164.24,-70.491],[164.2,-70.639],[163.422,-70.654],[162.92,-70.503],[162.595,-70.269],[162.094,-70.314],[161.99,-70.923],[161.416,-70.904],[161.187,-70.412],[160.636,-70.049],[159.761,-69.885],[160.334,-69.796],[159.754,-69.502],[158.794,-69.315],[158.447,-69.327],[157.992,-69.172],[157.14,-69.161],[156.35,-69.202],[155.888,-68.983],[155.011,-68.899],[154.719,-68.528],[153.836,-68.274],[153.7,-68.546],[153.845,-68.76],[153.251,-68.878],[152.403,-68.699],[151.615,-68.698],[151.567,-68.917],[150.971,-68.717],[151.094,-68.407],[150.378,-68.44],[149.39,-68.384],[148.435,-68.473],[147.629,-68.356],[147.262,-68.409],[146.718,-68.303],[147.071,-68.117],[146.385,-67.915],[146.048,-67.587],[145.238,-67.528],[144.942,-67.719],[143.881,-67.934],[143.909,-67.756],[144.192,-67.581],[144.662,-67.117],[144.512,-67.016],[143.855,-67.094],[143.876,-66.94],[143.471,-66.846],[142.822,-67.02],[142.477,-67.026],[141.982,-66.8],[140.082,-66.733],[139.252,-66.567],[138.732,-66.57],[138.019,-66.489],[137.732,-66.374],[136.945,-66.328],[136.636,-66.456],[136.16,-66.245],[134.739,-66.367],[134.259,-66.28],[133.792,-66.105],[133.12,-66.097],[132.827,-66.19],[132.478,-66.151],[131.758,-66.243],[130.73,-66.147],[130.103,-66.277],[129.533,-66.614],[129.434,-66.967],[129.203,-67.1],[128.764,-67.026],[128.521,-67.146],[127.836,-67.021],[127.432,-67.07],[126.999,-66.933],[126.719,-66.593],[126.854,-66.449],[126.116,-66.439],[125.898,-66.306],[125.41,-66.418],[125.148,-66.66],[124.623,-66.756],[124.261,-66.595],[122.244,-66.845],[121.515,-67.093],[120.921,-67.132],[120.499,-67.233],[119.022,-67.412],[118.368,-67.046],[117.587,-67.115],[116.5,-67.124],[115.338,-67.219],[115.212,-67.326],[114.67,-67.343],[114.032,-67.478],[113.868,-67.362],[114.03,-67.191],[115.16,-67.054],[115.781,-66.788],[115.599,-66.593],[115.113,-66.478],[114.675,-66.479],[114.407,-66.236],[113.776,-65.948],[113.204,-65.765],[110.927,-66.055],[110.489,-66.309],[110.725,-66.405],[110.445,-66.658],[109.848,-66.854],[108.833,-66.968],[108.136,-66.625],[107.117,-66.463],[106.768,-66.456],[103.908,-65.979],[103.56,-66.002],[102.714,-65.861],[102.338,-65.951],[101.336,-65.944],[101.331,-66.084],[100.822,-66.385],[99.923,-66.5],[98.905,-66.783],[98.528,-66.449],[98.248,-66.448],[97.472,-66.631],[97.235,-66.508],[95.637,-66.679],[94.917,-66.475],[93.997,-66.731],[93.624,-66.583],[92.972,-66.574],[92.76,-66.634],[91.96,-66.498],[91.145,-66.574],[90.372,-66.821],[89.654,-66.84],[88.745,-66.785],[88.23,-66.854],[87.966,-66.77],[87.109,-66.933],[86.697,-67.064],[86.067,-67.041],[85.616,-67.188],[84.962,-67.076],[84.414,-67.124],[83.724,-67.314],[83.215,-67.579],[82.059,-67.672],[79.131,-68.148],[78.747,-68.262],[78.464,-68.502],[78.67,-68.698],[77.986,-68.82],[77.842,-69.13],[77,-69.212],[76.828,-69.352],[75.82,-69.525],[75.883,-69.779],[75.217,-69.868],[74.275,-69.907],[74.221,-69.734],[73.473,-69.781],[73.231,-69.979],[72.627,-70.195],[72.87,-70.433],[71.796,-70.716],[71.202,-71.335],[71.121,-71.731],[70.687,-71.832],[70.53,-72.048],[69.946,-72.081],[69.515,-72.432],[68.494,-72.475],[67.919,-72.711],[68.117,-72.953],[67.959,-73.147],[67.342,-73.302],[66.385,-73.202],[67,-72.903],[67.449,-71.896],[67.882,-71.665],[67.833,-71.539],[68.339,-71.258],[68.67,-71.204],[69.213,-70.672],[69.248,-70.407],[68.748,-70.334],[68.077,-70.454],[67.467,-70.208],[67.605,-70.015],[68.271,-69.835],[68.606,-70.027],[69.155,-69.876],[69.355,-69.617],[68.742,-69.389],[68.971,-69.309],[69.706,-69.327],[69.661,-68.984],[69.281,-68.831],[69.621,-68.736],[69.663,-68.579],[70.115,-68.494],[69.635,-68.122],[69.683,-67.864],[69.107,-67.846],[68.377,-67.895],[64.721,-67.653],[63.651,-67.503],[63.113,-67.534],[62.617,-67.66],[62.117,-67.562],[61.167,-67.505],[60.619,-67.401],[59.679,-67.394],[59.265,-67.484],[58.793,-67.341],[58.871,-67.165],[58.139,-67.152],[57.563,-66.994],[57.278,-67.085],[56.601,-66.943],[56.497,-66.686],[57.242,-66.719],[57.208,-66.531],[56.808,-66.405],[56.377,-66.453],[55.612,-66.028],[55.183,-65.931],[53.735,-65.846],[52.848,-65.962],[51.772,-66.037],[51.352,-66.222],[50.537,-66.304],[50.191,-66.587],[50.586,-67.216],[49.793,-67.028],[49.312,-67.046],[49.328,-66.883],[48.588,-66.937],[48.449,-67.182],[49.35,-67.182],[49.175,-67.377],[48.629,-67.452],[48.718,-67.682],[47.265,-67.651],[46.92,-67.507],[46.892,-67.265],[46.281,-67.334],[46.217,-67.653],[45.39,-67.696],[44.717,-67.784],[44.829,-67.966],[44.002,-67.969],[42.859,-68.104],[42.536,-68.38],[41.981,-68.406],[41.015,-68.596],[40.889,-68.709],[39.858,-68.83],[39.707,-69.068],[39.845,-69.393],[39.713,-69.587],[39.209,-69.707],[39.193,-69.893],[38.804,-69.988],[38.139,-69.881],[38.038,-69.717],[37.54,-69.685],[36.974,-69.791],[36.751,-69.637],[35.708,-69.666],[35.244,-69.736],[35.105,-69.46],[35.2,-69.294],[34.587,-69.067],[34.362,-69.133],[33.771,-69.053],[34.214,-68.678],[33.216,-68.67],[32.499,-68.931],[32.532,-69.119],[32.928,-69.344],[32.976,-69.672],[32.851,-69.945],[32.569,-70.052],[31.28,-70.237],[30.935,-70.215],[29.841,-70.311],[29.022,-70.572],[28.452,-70.694],[27.628,-70.741],[27.197,-70.897],[26.446,-71.032],[24.968,-70.945],[24.319,-70.74],[24.409,-70.534],[23.752,-70.403],[23.323,-70.81],[22.327,-70.759],[22.579,-70.54],[21.802,-70.236],[21.209,-70.576],[21.201,-70.812],[20.404,-70.923],[19.289,-70.914],[18.931,-70.736],[19.297,-70.368],[19.153,-70.204],[18.316,-70.324],[18.498,-70.503],[18.094,-70.542],[16.871,-70.439],[16.598,-70.374],[16.52,-70.127],[15.963,-70.19],[15.827,-70.378],[14.511,-70.284],[13.849,-70.348],[13.018,-70.242],[12.322,-70.37],[11.854,-70.782],[10.723,-70.637],[9.979,-70.454],[9.404,-70.104],[9.168,-70.308],[8.443,-70.482],[7.93,-70.472],[7.835,-70.164],[7.424,-70.204],[7.567,-70.524],[5.588,-70.649],[5.006,-70.643],[4.224,-70.784],[3.074,-70.895],[2.52,-70.901],[0.934,-71.179],[0.232,-71.35],[-0.469,-71.754],[-0.952,-71.624],[-0.813,-71.378],[-2.131,-71.483],[-2.887,-71.268],[-3.338,-71.425],[-5.194,-71.331],[-6.15,-71.366],[-6.02,-71.109],[-5.736,-71.039],[-5.675,-70.733],[-6.318,-70.708],[-6.618,-70.924],[-7.284,-70.791],[-7.856,-70.826],[-7.892,-70.971],[-7.564,-71.151],[-7.765,-71.428],[-7.597,-71.594],[-8.614,-71.7],[-9.105,-71.185],[-9.94,-71.062],[-10.596,-71.297],[-10.6,-71.527],[-11.072,-71.549],[-11.88,-71.26],[-12.381,-71.395],[-12.175,-71.624],[-11.527,-71.755],[-10.949,-71.743],[-11.032,-72.049],[-11.25,-72.101],[-11.357,-72.396],[-12.456,-72.56],[-13.181,-72.804],[-14.223,-72.828],[-13.895,-72.987],[-14.097,-73.133],[-14.883,-73.042],[-15.541,-73.077],[-15.976,-73.304],[-16.438,-73.413],[-16.603,-73.634],[-15.686,-73.948],[-14.697,-73.79],[-14.362,-73.858],[-15.302,-74.221],[-15.196,-74.361],[-15.753,-74.43],[-16.597,-74.307],[-17.456,-74.337],[-17.802,-74.777],[-18.874,-75.249],[-18.506,-75.416],[-19.24,-75.548],[-20.399,-75.472],[-21.174,-75.705],[-22.302,-75.645],[-24.326,-75.78],[-25.948,-75.933],[-26.985,-76.17],[-28.859,-76.353],[-30.153,-76.635],[-30.692,-76.85],[-31.696,-76.977],[-31.915,-77.151],[-32.501,-77.126],[-33.721,-77.311],[-34.711,-77.629],[-34.664,-77.854],[-35.313,-77.844],[-35.581,-78.15],[-36.013,-78.211],[-36.441,-78.611],[-36.251,-78.852],[-32.82,-79.244],[-30.611,-79.075],[-30.449,-79.217],[-29.541,-79.28],[-30.673,-79.588],[-24.73,-79.782],[-23.739,-79.83],[-22.906,-79.983],[-24.254,-80.076],[-29.761,-80.176],[-29.924,-80.284],[-31.279,-80.297],[-33.476,-80.615],[-35.215,-80.695],[-36.033,-80.921],[-37.623,-80.996],[-38.755,-80.871],[-41.764,-81.41],[-41.986,-81.62],[-43.19,-81.9],[-43.148,-82.114],[-44.011,-82.391],[-45.52,-82.527],[-46.689,-82.405],[-46.089,-82.224],[-46.279,-81.91],[-48.38,-81.89],[-51.731,-82.063]]],[[[-59.287,-80.21],[-59.776,-80.045],[-59.821,-79.769],[-61.466,-79.882],[-61.806,-80.051],[-61.75,-80.368],[-66.701,-80.412],[-64.285,-80.751],[-63.141,-80.592],[-62.522,-80.865],[-60.653,-80.96],[-59.819,-80.745],[-59.757,-80.336],[-59.287,-80.21]]],[[[-66.149,-79.628],[-67.832,-79.579],[-66.933,-79.793],[-66.973,-79.922],[-65.512,-79.965],[-66.149,-79.628]]],[[[-33.916,-79.313],[-35.503,-79.09],[-36.726,-79.298],[-34.071,-79.362],[-33.916,-79.313]]],[[[-66.734,-78.442],[-66.993,-78.307],[-69.437,-78.687],[-70.593,-78.886],[-71.395,-79.102],[-71.816,-79.479],[-71.444,-79.653],[-70.342,-79.697],[-69.647,-79.604],[-69.801,-79.469],[-68.946,-79.097],[-66.734,-78.442]]],[[[-52.519,-80.2],[-53.458,-80.161],[-54.408,-80.74],[-54.162,-80.877],[-49.798,-80.791],[-49.719,-80.686],[-45.911,-80.387],[-43.532,-80.2],[-43.016,-79.85],[-42.972,-79.43],[-43.348,-79.239],[-43.739,-78.801],[-45.219,-78.819],[-45.156,-78.662],[-43.963,-78.603],[-43.819,-78.248],[-44.515,-78.042],[-45.934,-77.817],[-47.223,-77.773],[-49.072,-78.042],[-50.204,-78.593],[-50.214,-78.833],[-50.713,-79.282],[-50.264,-79.536],[-52.519,-80.2]]],[[[-20.367,-74.425],[-20.693,-74.102],[-20.496,-73.794],[-21.336,-74.004],[-20.807,-74.475],[-20.367,-74.425]]],[[[-74.847,-72.867],[-75.296,-72.82],[-75.501,-72.989],[-76.126,-73.159],[-75.875,-73.347],[-74.593,-73.615],[-74.552,-73.387],[-74.219,-72.991],[-74.847,-72.867]]],[[[-90.902,-72.82],[-91.044,-72.543],[-91.687,-72.61],[-91.333,-72.898],[-91.525,-73.193],[-90.918,-73.101],[-90.902,-72.82]]],[[[-95.499,-72.316],[-95.716,-72.105],[-96.441,-72.193],[-96.065,-71.914],[-96.36,-71.835],[-97.048,-71.876],[-97.306,-72.177],[-98.229,-72.045],[-97.982,-71.86],[-98.828,-71.761],[-99.104,-71.922],[-99.75,-72.04],[-99.944,-71.894],[-100.437,-71.879],[-102.087,-71.974],[-102.292,-72.127],[-100.205,-72.271],[-99.397,-72.498],[-98.58,-72.573],[-97.599,-72.557],[-96.055,-72.584],[-96.023,-72.436],[-95.499,-72.316]]],[[[-74.913,-71.023],[-74.401,-70.975],[-73.619,-70.775],[-73.884,-70.571],[-74.821,-70.607],[-75.2,-70.777],[-76.109,-70.838],[-76.543,-70.966],[-76.13,-71.138],[-74.913,-71.023]]],[[[-3.43,-70.539],[-2.685,-70.472],[-2.834,-70.281],[-3.26,-70.331],[-3.43,-70.539]]],[[[-75.484,-70.134],[-74.873,-70.184],[-74.407,-69.938],[-74.963,-69.717],[-75.779,-69.923],[-75.484,-70.134]]],[[[-61.755,-69.454],[-62.192,-69.186],[-62.579,-69.189],[-62.199,-69.508],[-61.755,-69.454]]],[[[-71.46,-72.629],[-70.524,-72.668],[-69.218,-72.543],[-69.139,-72.375],[-68.414,-72.22],[-68.161,-71.606],[-68.274,-71.437],[-68.299,-70.869],[-68.72,-70.369],[-69.285,-69.923],[-69.317,-69.626],[-69.703,-69.316],[-70.077,-69.291],[-70.106,-68.891],[-70.402,-68.787],[-71.404,-68.86],[-72.013,-68.955],[-72.142,-69.232],[-71.616,-69.455],[-71.912,-69.708],[-71.912,-69.966],[-71.317,-70.177],[-70.231,-70.136],[-70.118,-70.33],[-70.999,-70.466],[-71.267,-70.68],[-70.208,-70.988],[-71.026,-70.962],[-71.69,-71.159],[-72.786,-71.063],[-72.896,-71.23],[-74.423,-71.428],[-75.404,-71.671],[-75.356,-71.924],[-74.816,-72.065],[-74.397,-72.04],[-74.005,-72.174],[-73.035,-71.926],[-72.339,-71.613],[-71.831,-71.803],[-70.72,-71.906],[-71.087,-72.05],[-72.012,-72.12],[-71.553,-72.278],[-70.458,-72.14],[-70.183,-72.274],[-70.71,-72.396],[-72.677,-72.271],[-73.109,-72.473],[-72.408,-72.674],[-71.46,-72.629]]],[[[-69.109,-67.626],[-68.885,-67.762],[-68.139,-67.571],[-67.677,-67.148],[-67.976,-67.067],[-67.86,-66.626],[-68.378,-66.821],[-68.837,-67.267],[-69.155,-67.476],[-69.109,-67.626]]],[[[-62.906,-64.521],[-63.332,-64.445],[-63.575,-64.265],[-63.903,-64.535],[-64.2,-64.592],[-64.029,-64.775],[-63.336,-64.759],[-62.906,-64.521]]],[[[-57.513,-64.341],[-57.155,-64.085],[-57.521,-64.021],[-57.807,-63.818],[-58.258,-63.907],[-58.131,-64.102],[-58.193,-64.381],[-57.513,-64.341]]],[[[-55.159,-63.204],[-55.576,-63.129],[-56.37,-63.228],[-56.45,-63.429],[-55.901,-63.297],[-55.173,-63.358],[-55.159,-63.204]]],[[[-56.546,-63.099],[-56.274,-63.178],[-56.048,-63.017],[-56.469,-62.976],[-56.546,-63.099]]],[[[-58.467,-62.16],[-58.243,-62.182],[-58.008,-61.904],[-58.678,-62.004],[-58.467,-62.16]]],[[[-160.571,-81.599],[-160.676,-81.463],[-162.984,-81.27],[-163.851,-81.319],[-163.729,-81.482],[-160.571,-81.599]]],[[[-159.842,-79.349],[-162.353,-78.753],[-163.265,-78.757],[-164.148,-78.992],[-164.298,-79.23],[-163.937,-79.412],[-160.713,-79.855],[-159.07,-79.819],[-158.975,-79.722],[-159.842,-79.349]]],[[[169.273,-77.455],[168.22,-77.372],[166.654,-77.363],[166.389,-77.613],[168.401,-77.696],[169.273,-77.455]]],[[[-149.729,-77.129],[-149.443,-77.025],[-149.963,-76.871],[-150.783,-76.971],[-149.729,-77.129]]],[[[-130.92,-74.444],[-131.806,-74.322],[-132.181,-74.424],[-131.206,-74.607],[-130.92,-74.444]]],[[[-127.128,-74.469],[-127.758,-74.343],[-127.906,-74.553],[-127.128,-74.469]]],[[[-116.141,-73.903],[-116.403,-73.867],[-117.371,-74.08],[-116.599,-74.142],[-116.141,-73.903]]],[[[-119.821,-74.121],[-119.004,-73.984],[-118.974,-73.805],[-119.495,-73.773],[-119.812,-73.888],[-119.821,-74.121]]],[[[-120.261,-73.928],[-120.686,-73.767],[-123.066,-73.675],[-123.289,-73.775],[-122.731,-73.998],[-123.028,-74.248],[-122.243,-74.413],[-121.099,-74.348],[-121.004,-74.148],[-120.261,-73.928]]],[[[-127.473,-73.55],[-126.547,-73.67],[-126.475,-73.842],[-124.784,-74.226],[-123.783,-74.11],[-124.63,-73.731],[-125.27,-73.699],[-125.599,-73.429],[-126.527,-73.268],[-127.303,-73.318],[-127.473,-73.55]]],[[[-2.718,-70.82],[-3.188,-70.825],[-2.564,-71.133],[-2.081,-70.826],[-2.718,-70.82]]],[[[3.22,-70.392],[2.581,-70.524],[2.958,-70.613],[3.22,-70.392]]],[[[26.766,-70.224],[26.327,-70.067],[25.987,-70.195],[26.057,-70.391],[26.84,-70.412],[26.766,-70.224]]],[[[16.247,-69.706],[15.722,-69.764],[15.589,-69.932],[16.172,-70.073],[16.247,-69.706]]],[[[96.917,-66.054],[96.418,-66.067],[96.407,-66.228],[96.908,-66.211],[96.917,-66.054]]],[[[100.566,-65.403],[100.298,-65.659],[100.967,-65.683],[101.231,-65.574],[101.127,-65.412],[100.566,-65.403]]]]},"properties":{"id":"antarctica","name":"南極大陸","nameEn":"Antarctica","guide":true,"small":false,"center":[0,-76.607]}},
{"type":"Feature","geometry":{"type":"MultiPolygon","coordinates":[[[[131.536,-31.606],[132.078,-31.908],[132.234,-32.033],[132.483,-32.026],[132.587,-31.935],[132.798,-31.956],[133.148,-32.197],[133.412,-32.211],[133.586,-32.103],[133.95,-32.389],[134.273,-32.588],[134.074,-32.714],[134.279,-33.163],[134.662,-33.226],[134.814,-33.353],[134.85,-33.638],[135.19,-33.893],[135.346,-34.276],[135.43,-34.713],[135.604,-34.88],[135.741,-34.861],[135.937,-34.535],[136.125,-34.453],[136.369,-34.073],[136.607,-33.903],[137.225,-33.653],[137.377,-33.39],[137.452,-33.14],[137.902,-32.788],[138.044,-33.125],[137.81,-33.26],[137.937,-33.528],[137.602,-33.877],[137.454,-34.164],[137.513,-34.618],[137.446,-34.917],[137.031,-34.9],[136.953,-35.284],[137.403,-35.124],[137.671,-35.181],[137.91,-34.624],[137.931,-34.415],[138.038,-34.308],[138.26,-34.438],[138.536,-34.741],[138.427,-35.353],[138.123,-35.555],[138.177,-35.668],[138.531,-35.646],[138.961,-35.414],[139.041,-35.604],[139.475,-35.896],[139.854,-36.622],[139.864,-36.767],[139.672,-36.953],[139.742,-37.181],[139.988,-37.487],[140.114,-37.518],[140.36,-37.882],[140.714,-38.071],[140.951,-38.054],[141.134,-38.128],[141.434,-38.375],[141.673,-38.284],[141.947,-38.283],[142.225,-38.406],[142.398,-38.367],[142.81,-38.578],[143.06,-38.636],[143.242,-38.763],[143.537,-38.858],[143.845,-38.691],[144.053,-38.486],[144.402,-38.301],[144.653,-38.286],[144.523,-38.084],[144.983,-37.899],[145.119,-38.159],[144.886,-38.482],[145.025,-38.494],[145.297,-38.232],[145.477,-38.245],[145.431,-38.443],[145.571,-38.662],[145.809,-38.65],[145.916,-38.896],[146.256,-38.702],[146.412,-38.74],[146.879,-38.644],[147.589,-38.081],[147.917,-37.919],[148.306,-37.823],[149.479,-37.786],[149.787,-37.553],[149.985,-37.496],[150.02,-37.221],[149.904,-36.928],[150.142,-36.32],[150.163,-35.957],[150.409,-35.539],[150.554,-35.214],[150.834,-34.782],[150.925,-34.33],[151.169,-34.11],[151.292,-33.892],[151.343,-33.548],[151.424,-33.528],[151.671,-33.061],[151.834,-32.865],[152.189,-32.759],[152.236,-32.607],[152.522,-32.427],[152.51,-32.162],[152.935,-31.483],[152.981,-31.166],[153.088,-30.927],[152.988,-30.735],[153.051,-30.473],[153.204,-30.129],[153.322,-29.698],[153.34,-29.323],[153.454,-29.036],[153.606,-28.867],[153.631,-28.662],[153.563,-28.461],[153.591,-28.268],[153.449,-28.073],[153.446,-27.81],[153.315,-27.655],[153.114,-27.242],[153.206,-27.046],[153.077,-26.281],[153.122,-25.934],[152.894,-25.688],[152.914,-25.288],[152.677,-25.242],[152.506,-24.999],[152.405,-24.749],[152.15,-24.619],[151.933,-24.211],[151.78,-24.023],[151.581,-24.058],[151.187,-23.804],[151.027,-23.58],[150.857,-23.52],[150.764,-23.159],[150.826,-22.698],[150.758,-22.482],[150.568,-22.323],[150.513,-22.535],[150.216,-22.395],[150.054,-22.142],[149.831,-22.389],[149.609,-22.244],[149.435,-21.79],[149.478,-21.718],[149.293,-21.319],[149.231,-21.09],[148.74,-20.719],[148.655,-20.555],[148.851,-20.421],[148.792,-20.287],[148.611,-20.214],[148.567,-20.06],[148.265,-20.083],[148.254,-19.963],[147.859,-19.825],[147.684,-19.828],[147.55,-19.521],[147.421,-19.413],[147.167,-19.4],[146.746,-19.173],[146.447,-19.06],[146.277,-18.874],[146.339,-18.527],[146.024,-18.263],[146.098,-17.931],[146.071,-17.392],[145.778,-16.885],[145.4,-16.443],[145.462,-16.06],[145.356,-15.903],[145.366,-15.749],[145.274,-15.536],[145.303,-15.285],[145.236,-15.166],[145.277,-14.947],[144.942,-14.726],[144.886,-14.61],[144.678,-14.556],[144.515,-14.173],[143.952,-14.499],[143.783,-14.402],[143.687,-14.014],[143.534,-13.766],[143.595,-13.436],[143.527,-13.33],[143.497,-12.857],[143.365,-12.805],[143.434,-12.613],[143.253,-12.389],[143.077,-12.329],[143.086,-12.149],[143.204,-11.983],[142.873,-11.851],[142.742,-10.975],[142.449,-10.715],[142.323,-10.902],[142.175,-10.93],[142.132,-11.338],[141.948,-11.896],[141.801,-12.055],[141.666,-12.441],[141.811,-12.584],[141.755,-12.818],[141.585,-12.977],[141.691,-13.26],[141.56,-13.492],[141.474,-13.776],[141.584,-14.076],[141.522,-14.484],[141.666,-15.011],[141.487,-15.479],[141.402,-15.904],[141.425,-16.082],[141.199,-16.703],[140.947,-17.018],[140.833,-17.451],[140.507,-17.636],[140,-17.706],[139.925,-17.621],[139.641,-17.532],[139.439,-17.376],[139.274,-17.348],[139.037,-16.916],[138.657,-16.78],[138.493,-16.794],[138.184,-16.697],[137.867,-16.437],[137.746,-16.252],[137.361,-16.122],[137.046,-15.922],[136.768,-15.901],[136.612,-15.755],[136.268,-15.545],[136.24,-15.424],[135.47,-14.948],[135.391,-14.74],[135.759,-14.265],[135.903,-14.136],[136.005,-13.798],[135.845,-13.6],[135.883,-13.326],[136.308,-13.163],[136.451,-13.216],[136.637,-12.955],[136.474,-12.792],[136.679,-12.671],[136.74,-12.476],[136.949,-12.356],[136.876,-12.223],[136.691,-12.283],[136.451,-11.942],[136.18,-12.188],[136.364,-12.256],[136.253,-12.441],[136.023,-12.456],[136.026,-12.311],[135.739,-11.942],[135.535,-12.081],[135.303,-12.128],[135.07,-12.26],[134.861,-12.127],[134.769,-11.948],[134.605,-12.049],[134.382,-12.043],[134.132,-11.886],[133.943,-11.914],[133.803,-11.715],[133.622,-11.833],[133.347,-11.688],[133.141,-11.675],[132.911,-11.332],[132.674,-11.508],[132.475,-11.234],[132.35,-11.146],[132.188,-11.351],[132.014,-11.14],[131.856,-11.303],[132.085,-11.518],[132.37,-11.435],[132.595,-11.622],[132.651,-11.866],[132.627,-12.044],[132.046,-12.307],[131.905,-12.22],[131.493,-12.298],[131.328,-12.185],[131,-12.171],[130.784,-12.435],[130.62,-12.437],[130.579,-12.568],[130.345,-12.695],[130.352,-12.842],[130.13,-12.941],[130.119,-13.156],[130.273,-13.319],[129.969,-13.53],[129.838,-13.511],[129.816,-13.762],[129.718,-14.016],[129.496,-14.089],[129.358,-14.409],[129.585,-14.566],[129.724,-14.791],[129.612,-14.943],[129.221,-14.844],[129.051,-14.88],[128.532,-14.753],[128.403,-14.823],[128.196,-15.057],[128.175,-14.698],[127.906,-14.497],[127.666,-14.178],[127.322,-13.917],[127.107,-13.953],[126.953,-13.724],[126.747,-13.792],[126.818,-13.943],[126.569,-14.195],[126.501,-13.997],[126.39,-14.005],[126.248,-14.223],[126.141,-14.195],[126.041,-14.509],[125.925,-14.519],[125.658,-14.36],[125.144,-14.728],[125.355,-14.994],[125.311,-15.151],[125.126,-15.049],[124.842,-15.141],[124.798,-15.292],[124.63,-15.505],[124.403,-15.559],[124.404,-15.875],[124.59,-16.094],[124.378,-16.215],[124.4,-16.353],[124.223,-16.396],[124.126,-16.272],[123.835,-16.368],[123.652,-16.36],[123.566,-16.616],[123.693,-16.73],[123.837,-17.132],[123.644,-17.185],[123.568,-17.362],[123.4,-17.329],[123.151,-16.808],[122.886,-16.512],[122.759,-16.604],[122.704,-16.787],[122.276,-17.089],[122.172,-17.261],[122.143,-17.564],[122.196,-17.945],[122.361,-18],[122.22,-18.197],[121.91,-18.464],[121.643,-18.81],[121.519,-19.07],[121.194,-19.472],[120.954,-19.634],[120.238,-19.907],[119.802,-19.966],[119.567,-20.069],[119.212,-19.961],[119.069,-19.983],[118.832,-20.262],[118.369,-20.362],[118.136,-20.362],[117.839,-20.617],[117.354,-20.728],[117.063,-20.622],[116.88,-20.713],[116.743,-20.617],[116.435,-20.822],[116.266,-20.863],[115.937,-21.059],[115.806,-21.235],[115.603,-21.344],[115.455,-21.514],[115.105,-21.665],[114.929,-21.694],[114.647,-21.843],[114.392,-22.358],[114.171,-22.317],[114.077,-22.175],[114.159,-21.792],[114.011,-21.86],[113.804,-22.331],[113.647,-22.578],[113.76,-22.789],[113.812,-23.051],[113.738,-23.527],[113.599,-23.634],[113.46,-23.91],[113.385,-24.249],[113.439,-24.533],[113.604,-24.728],[113.611,-24.893],[113.802,-25.172],[113.928,-25.45],[114.155,-25.79],[114.259,-25.842],[114.192,-26.196],[114.234,-26.317],[114.104,-26.448],[113.935,-26.192],[113.704,-26.148],[113.761,-25.905],[113.533,-25.618],[113.421,-25.728],[113.684,-26.222],[113.885,-26.343],[113.853,-26.545],[113.598,-26.519],[113.45,-26.201],[113.245,-26.24],[113.298,-26.397],[113.591,-26.676],[114.013,-27.315],[114.144,-27.688],[114.097,-27.819],[114.166,-28.107],[114.531,-28.522],[114.577,-28.785],[114.832,-29.092],[114.979,-29.48],[114.946,-29.658],[114.975,-30.214],[115.181,-30.827],[115.313,-30.991],[115.455,-31.303],[115.68,-31.649],[115.744,-31.928],[115.714,-32.303],[115.769,-32.602],[115.601,-32.662],[115.675,-33.025],[115.667,-33.288],[115.434,-33.595],[114.957,-33.682],[115.018,-34.262],[115.335,-34.314],[115.745,-34.54],[116.02,-34.829],[116.465,-35.001],[116.9,-35.05],[117.36,-35.024],[117.539,-35.092],[118.12,-34.987],[118.48,-34.717],[118.706,-34.648],[118.932,-34.446],[119.382,-34.44],[119.572,-34.142],[120.002,-33.926],[120.423,-33.97],[120.572,-33.892],[121.166,-33.868],[121.533,-33.82],[121.813,-33.895],[122.016,-33.825],[122.187,-34.021],[122.312,-33.925],[122.56,-33.959],[122.788,-33.881],[123.567,-33.884],[123.952,-33.567],[124.117,-33.122],[124.357,-32.953],[124.709,-32.904],[125,-32.737],[125.537,-32.548],[125.87,-32.333],[126.186,-32.233],[126.678,-32.317],[127.289,-32.273],[127.766,-32.123],[128.017,-32.084],[128.655,-31.846],[128.99,-31.691],[130.157,-31.574],[130.834,-31.602],[131.178,-31.478],[131.536,-31.606]]],[[[147.999,-43.23],[148.005,-42.909],[147.889,-42.82],[148.006,-42.514],[147.983,-42.319],[148.261,-41.8],[148.331,-41.323],[148.331,-41.002],[148.209,-40.841],[147.984,-40.737],[147.82,-40.893],[147.597,-40.847],[147.445,-41.008],[147.286,-40.941],[147.018,-40.977],[146.424,-41.166],[146.214,-41.155],[145.791,-41.017],[145.712,-40.93],[144.985,-40.745],[144.689,-40.705],[144.606,-40.997],[144.926,-41.709],[145.207,-41.967],[145.264,-42.595],[145.873,-43.258],[146.031,-43.483],[146.514,-43.534],[146.711,-43.629],[146.936,-43.495],[147.1,-43.299],[147.258,-43.254],[147.36,-42.925],[147.586,-42.821],[147.84,-42.902],[147.648,-43.073],[147.792,-43.244],[147.999,-43.23]]],[[[148.015,-40.151],[148.307,-40.238],[148.299,-39.962],[148.167,-39.936],[147.953,-39.712],[147.854,-39.828],[148.015,-40.151]]],[[[144.105,-39.893],[144.084,-39.626],[143.862,-39.701],[143.838,-39.935],[143.923,-40.127],[144.112,-40.031],[144.105,-39.893]]],[[[138.13,-35.816],[137.909,-35.729],[137.581,-35.727],[137.623,-35.582],[137.352,-35.586],[136.621,-35.751],[136.533,-35.912],[136.716,-36.063],[137.212,-35.98],[137.459,-36.083],[137.757,-35.872],[138.048,-35.919],[138.13,-35.816]]],[[[153.37,-24.989],[153.038,-25.184],[153.069,-25.329],[152.948,-25.552],[153.084,-25.666],[153.37,-24.989]]],[[[151.27,-23.666],[151.191,-23.514],[150.98,-23.487],[151.214,-23.778],[151.27,-23.666]]],[[[139.734,-16.443],[139.604,-16.398],[139.288,-16.471],[139.137,-16.697],[139.445,-16.665],[139.734,-16.443]]],[[[136.952,-14.182],[136.717,-14.064],[136.791,-13.918],[136.684,-13.72],[136.43,-13.877],[136.461,-14.216],[136.903,-14.299],[136.952,-14.182]]],[[[130.537,-11.705],[130.397,-11.535],[130.35,-11.339],[130.147,-11.489],[130.202,-11.653],[130.496,-11.839],[130.537,-11.705]]],[[[131.537,-11.413],[131.428,-11.25],[131.274,-11.19],[131.01,-11.355],[130.888,-11.313],[130.692,-11.423],[130.574,-11.275],[130.366,-11.232],[130.497,-11.65],[130.98,-11.926],[131.432,-11.607],[131.537,-11.413]]]]},"properties":{"id":"australia","name":"オーストラリア","nameEn":"Australia","guide":true,"small":false,"center":[133.394,-24.916]}},
{"type":"Feature","geometry":{"type":"MultiPolygon","coordinates":[[[[-40.876,65.097],[-40.649,65.142],[-40.184,65.042],[-39.858,65.236],[-39.875,65.506],[-38.221,65.646],[-37.798,66.049],[-37.21,65.775],[-36.389,66.016],[-36.074,65.935],[-35.216,66.241],[-34.643,66.38],[-34.256,66.585],[-33.948,66.927],[-33.751,66.988],[-33.187,67.558],[-32.519,67.872],[-32.098,67.906],[-32.125,68.051],[-31.411,68.118],[-30.913,68.045],[-30.008,68.126],[-29.992,68.38],[-29.511,68.222],[-29.007,68.348],[-27.314,68.535],[-27.182,68.609],[-26.417,68.659],[-26.235,68.793],[-25.668,68.87],[-24.615,69.28],[-23.703,69.718],[-22.881,69.963],[-22.38,69.971],[-22.372,70.115],[-23.56,70.113],[-24.485,70.247],[-25.305,70.413],[-26.326,70.198],[-26.321,70.38],[-26.743,70.484],[-28.233,70.372],[-28.31,70.564],[-27.506,70.942],[-26.426,70.975],[-25.602,71.17],[-25.41,71.354],[-25.727,71.474],[-27.034,71.531],[-27.331,71.719],[-27.968,71.871],[-27.882,71.979],[-26.785,71.547],[-26.076,71.586],[-25.576,71.52],[-25.122,71.312],[-24.669,71.272],[-24.265,71.081],[-24.183,70.805],[-23.93,70.613],[-23.345,70.441],[-22.661,70.438],[-21.73,70.579],[-21.572,70.956],[-21.785,71.086],[-21.668,71.401],[-21.936,71.487],[-22.531,71.465],[-22.305,71.697],[-23.06,71.712],[-22.503,71.901],[-24.342,72.332],[-24.848,72.724],[-25.523,72.84],[-24.984,73.026],[-25.721,73.138],[-25.705,73.272],[-25.292,73.474],[-24.375,73.56],[-24.41,73.728],[-23.114,73.354],[-22.314,73.25],[-21.281,73.457],[-20.543,73.449],[-20.483,73.759],[-20.689,73.886],[-21.59,74.058],[-22.229,74.101],[-21.772,74.439],[-21.255,74.474],[-20.357,74.445],[-20.201,74.28],[-19.374,74.267],[-18.975,74.484],[-20.072,74.663],[-20.758,74.831],[-20.668,75.293],[-20.169,75.341],[-19.427,75.226],[-19.381,75.541],[-19.749,75.889],[-20.269,75.992],[-19.672,76.127],[-21.567,76.385],[-21.935,76.623],[-20.513,76.946],[-19.895,76.925],[-18.502,76.749],[-18.266,76.921],[-18.324,77.208],[-19.083,77.318],[-20.23,77.373],[-20.775,77.617],[-20.02,77.693],[-20.761,77.971],[-21.63,77.998],[-20.89,78.564],[-20.979,78.767],[-19.926,78.829],[-19.911,79.018],[-18.955,79.149],[-19.566,79.386],[-19.208,79.708],[-20.423,79.84],[-19.474,80.26],[-17.873,80.161],[-16.447,80.219],[-15.789,80.405],[-16.896,80.584],[-15.42,80.648],[-14.295,80.784],[-14.204,80.914],[-12.538,81.187],[-11.639,81.388],[-12.028,81.637],[-13.92,81.812],[-16.485,81.749],[-17.147,81.413],[-19.246,81.555],[-21.363,81.2],[-21.026,81.772],[-21.388,82.083],[-23.195,82.022],[-23.308,81.793],[-24.706,81.781],[-24.62,81.987],[-27.762,82.062],[-30.803,81.865],[-31.774,81.961],[-29.852,82.139],[-23.887,82.279],[-22.437,82.34],[-21.319,82.606],[-22.565,82.797],[-23.662,82.838],[-25.65,83.298],[-30.647,83.602],[-32.491,83.634],[-35.244,83.537],[-36.739,83.538],[-38.69,83.425],[-38.862,83.257],[-37.628,83.154],[-39.438,82.962],[-40.69,82.987],[-41.741,83.195],[-45.154,83.162],[-46.43,83.062],[-46.558,82.893],[-43.727,82.407],[-44.702,82.258],[-44.399,82.105],[-45.156,81.79],[-46.008,82.036],[-48.735,82.358],[-49.011,82.455],[-51.107,82.51],[-50.581,82.154],[-49.465,81.947],[-50.891,81.878],[-53.024,82.008],[-54.441,82.373],[-58.611,82.105],[-61.281,81.815],[-60.787,81.509],[-61.296,81.371],[-60.94,81.185],[-61.502,81.108],[-62.977,81.228],[-64.754,80.996],[-65.125,80.78],[-66.758,80.552],[-67.455,80.343],[-67.05,80.061],[-64.926,80.073],[-65.129,79.85],[-64.86,79.508],[-66.117,79.103],[-66.679,79.144],[-69.034,78.98],[-69.439,78.809],[-72.59,78.521],[-72.784,78.108],[-70.255,77.557],[-69.223,77.453],[-67.592,77.524],[-66.613,77.674],[-66.053,77.493],[-66.773,77.356],[-68.369,77.377],[-69.062,77.257],[-70.903,77.191],[-71.346,76.992],[-70.66,76.802],[-68.91,76.665],[-69.577,76.438],[-68.433,76.079],[-66.487,75.947],[-66.414,76.086],[-65.354,76.027],[-64.381,76.26],[-63.723,76.184],[-63.477,76.377],[-62.398,76.245],[-60.873,76.158],[-59.272,75.88],[-59.042,75.701],[-58.167,75.5],[-58.66,75.377],[-58.131,75.108],[-56.846,74.811],[-56.603,74.245],[-55.945,73.861],[-55.843,73.683],[-55.269,73.387],[-55.466,73.073],[-54.65,72.845],[-54.968,72.517],[-55.651,72.45],[-54.883,72.251],[-55.552,72.038],[-55.37,71.826],[-55.848,71.722],[-55.514,71.449],[-54.625,71.351],[-53.952,71.438],[-53.679,71.742],[-52.663,71.68],[-52.701,71.526],[-52.049,71.247],[-51.915,71.021],[-51.19,70.887],[-51.549,70.432],[-52.45,70.703],[-53.434,70.753],[-53.98,70.83],[-54.588,70.683],[-54.019,70.413],[-53.232,70.353],[-52.61,70.217],[-52.329,70.054],[-50.333,69.89],[-50.847,69.626],[-50.888,69.174],[-51.102,68.866],[-50.929,68.674],[-51.569,68.524],[-51.965,68.588],[-52.616,68.526],[-53.088,68.318],[-52.445,68.181],[-51.223,68.275],[-51.217,68.071],[-51.932,68.047],[-52.583,68.191],[-53.136,68.109],[-53.2,67.968],[-53.688,67.812],[-53.577,67.519],[-52.824,67.796],[-51.445,67.747],[-51.864,67.636],[-52.409,67.769],[-53.048,67.696],[-53.806,67.419],[-53.965,67.104],[-53.647,66.912],[-53.096,66.932],[-52.667,66.693],[-53.427,66.645],[-53.695,66.359],[-53.354,66.112],[-53.455,65.961],[-52.756,65.672],[-52.792,65.535],[-52.273,65.447],[-52.279,65.079],[-51.879,64.837],[-52.156,64.679],[-52.143,64.222],[-51.835,64.225],[-51.253,64.76],[-50.91,64.685],[-50.625,64.467],[-50.9,64.407],[-51.44,64.082],[-51.403,63.813],[-51.539,63.685],[-51.127,63.496],[-51.056,63.185],[-50.593,63.23],[-50.563,62.981],[-50.178,62.766],[-50.308,62.491],[-50.014,62.32],[-49.696,62.267],[-49.31,61.996],[-49.435,61.847],[-49.241,61.608],[-48.619,61.212],[-48.017,61.047],[-47.932,60.842],[-47.057,60.861],[-46.862,60.8],[-46.376,61.085],[-45.722,60.739],[-45.982,60.58],[-45.394,60.516],[-44.926,60.327],[-45.187,60.213],[-44.975,60.04],[-44.59,59.989],[-44.481,60.124],[-43.991,60.191],[-43.138,60.081],[-43.09,60.259],[-43.315,60.437],[-43.2,60.553],[-42.826,60.611],[-42.885,60.845],[-42.673,61.025],[-42.708,61.292],[-42.117,62.007],[-42.418,62.013],[-42.267,62.247],[-42.384,62.572],[-42.708,62.693],[-42.423,62.816],[-41.75,62.844],[-41.473,63.226],[-41.907,63.464],[-41.169,63.391],[-40.614,63.808],[-40.561,64.107],[-41.387,64.179],[-40.561,64.515],[-40.629,64.692],[-41.055,64.877],[-40.876,65.097]]],[[[-43.172,60.074],[-44.073,60.176],[-43.9,59.992],[-43.172,60.074]]],[[[-37.454,65.793],[-37.954,65.796],[-37.738,65.569],[-37.313,65.679],[-37.454,65.793]]],[[[-52.903,69.345],[-52.142,69.477],[-51.836,69.632],[-51.998,69.805],[-52.728,69.929],[-53.266,70.202],[-54.453,70.313],[-54.829,70.201],[-54.767,69.97],[-54.993,69.702],[-54.737,69.589],[-53.881,69.561],[-53.587,69.239],[-52.903,69.345]]],[[[-44.529,82.414],[-46.324,82.679],[-47.698,82.644],[-46.876,82.36],[-45.07,82.223],[-44.529,82.414]]],[[[-25.317,70.747],[-25.704,71.086],[-26.663,70.896],[-27.067,70.894],[-28.068,70.431],[-26.575,70.524],[-25.301,70.657],[-25.317,70.747]]],[[[-21.949,72.429],[-22.718,72.635],[-23.147,72.84],[-23.93,72.882],[-24.485,72.827],[-24.352,72.591],[-22.25,72.121],[-21.949,72.429]]],[[[-21.929,72.738],[-21.901,72.916],[-23.238,73.075],[-24.536,72.992],[-24.526,72.902],[-23.163,72.878],[-22.654,72.698],[-21.929,72.738]]],[[[-24.524,73.048],[-22.981,73.107],[-23.23,73.251],[-24.46,73.425],[-25.244,73.411],[-25.707,73.185],[-24.524,73.048]]],[[[-20.353,74.252],[-20.548,74.41],[-21.247,74.457],[-21.84,74.351],[-21.933,74.208],[-21.025,74.096],[-20.353,74.252]]],[[[-19.81,74.891],[-20.189,75.044],[-20.681,74.821],[-20.138,74.699],[-19.81,74.891]]],[[[-17.317,75.136],[-17.813,75.089],[-18.513,75.373],[-18.797,75.336],[-18.928,75.047],[-17.498,74.998],[-17.317,75.136]]],[[[-18.55,76.054],[-18.723,76.511],[-19.106,76.473],[-18.55,76.054]]],[[[-18.764,79.973],[-19.357,79.871],[-18.485,79.686],[-17.836,79.742],[-17.277,80.013],[-17.741,80.091],[-18.764,79.973]]]]},"properties":{"id":"greenland","name":"グリーンランド","nameEn":"Greenland","guide":true,"small":false,"center":[-42.217,71.811]}},
{"type":"Feature","geometry":{"type":"MultiPolygon","coordinates":[[[[180,-16.149],[179.764,-16.181],[179.24,-16.398],[178.917,-16.471],[178.602,-16.78],[178.705,-16.999],[178.884,-16.858],[179.266,-16.69],[179.297,-16.807],[179.597,-16.789],[179.904,-16.718],[179.851,-16.509],[179.738,-16.459],[180,-16.169],[180,-16.149]]],[[[178.711,-17.992],[178.568,-17.755],[178.602,-17.65],[178.304,-17.43],[178.263,-17.336],[177.833,-17.366],[177.622,-17.455],[177.389,-17.641],[177.435,-17.743],[177.252,-17.952],[177.336,-18.106],[177.827,-18.234],[178.168,-18.248],[178.277,-18.146],[178.664,-18.088],[178.711,-17.992]]]]},"properties":{"id":"x-FJI","name":"フィジー","nameEn":"Fiji","guide":false,"small":true,"center":[177.982,-17.787]}},
{"type":"Feature","geometry":{"type":"MultiPolygon","coordinates":[[[[168.199,-47.048],[168.179,-46.864],[167.921,-46.683],[167.648,-47.048],[167.646,-47.205],[167.902,-47.188],[168.199,-47.048]]],[[[172.749,-43.28],[172.811,-43.169],[173.287,-42.954],[173.559,-42.491],[173.891,-42.241],[174.004,-42.031],[174.198,-41.876],[174.226,-41.723],[174.056,-41.425],[174.26,-41.118],[174.211,-41],[173.571,-41.068],[173.213,-41.302],[173.031,-41.149],[173.065,-40.887],[172.689,-40.734],[172.641,-40.51],[172.107,-40.887],[172.071,-41.414],[171.904,-41.607],[171.489,-41.83],[171.305,-42.295],[171.123,-42.592],[170.701,-42.955],[170.514,-43.007],[170.239,-43.238],[169.897,-43.394],[169.734,-43.566],[169.192,-43.759],[168.747,-44.01],[168.41,-44.028],[168.34,-44.118],[167.419,-44.841],[167.203,-44.95],[166.881,-45.28],[166.702,-45.542],[166.798,-45.724],[166.49,-45.808],[166.469,-45.983],[166.762,-46.22],[167.406,-46.251],[167.698,-46.189],[167.85,-46.397],[168.216,-46.354],[168.366,-46.54],[168.591,-46.614],[168.845,-46.56],[169.036,-46.682],[169.635,-46.578],[169.865,-46.378],[170.235,-46.154],[170.334,-45.982],[170.787,-45.863],[170.698,-45.679],[170.906,-45.403],[170.98,-45.155],[171.203,-44.906],[171.196,-44.567],[171.346,-44.279],[172.061,-43.957],[172.366,-43.868],[172.497,-43.722],[172.877,-43.902],[173.105,-43.829],[173.053,-43.653],[172.804,-43.611],[172.749,-43.28]]],[[[176.954,-39.608],[176.906,-39.448],[177.065,-39.199],[177.387,-39.077],[177.883,-39.086],[177.964,-38.761],[178.295,-38.54],[178.352,-38.002],[178.564,-37.718],[178.278,-37.559],[178.032,-37.55],[177.739,-37.676],[177.557,-37.914],[177.146,-38.024],[176.718,-37.878],[176.519,-37.762],[175.997,-37.632],[175.882,-36.926],[175.786,-36.783],[175.502,-36.654],[175.596,-37.213],[175.367,-37.207],[175.241,-36.942],[174.819,-36.824],[174.723,-36.594],[174.757,-36.245],[174.497,-35.988],[174.579,-35.85],[174.57,-35.594],[174.333,-35.288],[174.138,-35.319],[173.888,-35.006],[173.478,-34.99],[173.123,-34.81],[173.051,-34.601],[172.799,-34.551],[173.144,-34.928],[173.202,-35.058],[173.1,-35.22],[173.858,-36.066],[174.08,-36.4],[174.292,-36.32],[174.441,-36.407],[174.36,-36.631],[174.489,-37.015],[174.833,-36.943],[174.881,-37.076],[174.704,-37.176],[174.692,-37.329],[174.85,-37.765],[174.705,-38.12],[174.579,-38.839],[174.367,-38.976],[174.212,-38.973],[173.853,-39.134],[173.784,-39.393],[173.987,-39.542],[174.319,-39.614],[174.568,-39.827],[174.967,-39.916],[175.155,-40.085],[175.235,-40.336],[175.141,-40.674],[174.943,-40.971],[174.609,-41.292],[174.866,-41.42],[175.182,-41.418],[175.33,-41.61],[175.967,-41.247],[176.348,-40.697],[176.837,-40.178],[177.036,-39.754],[176.954,-39.608]]]]},"properties":{"id":"new-zealand","name":"ニュージーランド","nameEn":"New Zealand","guide":true,"small":false,"center":[170.396,-43.592]}},
{"type":"Feature","geometry":{"type":"MultiPolygon","coordinates":[[[[168.137,-21.432],[167.857,-21.501],[167.958,-21.638],[168.129,-21.601],[168.137,-21.432]]],[[[167.432,-21.028],[167.185,-20.788],[167.067,-20.996],[167.423,-21.148],[167.432,-21.028]]],[[[167.034,-22.237],[166.939,-22.08],[166.573,-21.875],[166.411,-21.705],[166.067,-21.47],[165.754,-21.302],[165.407,-21.055],[165.413,-20.949],[165.218,-20.764],[165.062,-20.734],[164.496,-20.3],[164.316,-20.235],[164.132,-20.301],[164.193,-20.526],[164.366,-20.758],[164.801,-21.082],[164.92,-21.285],[165.291,-21.577],[165.678,-21.761],[166.145,-22.047],[166.478,-22.287],[166.633,-22.277],[166.912,-22.385],[167.034,-22.237]]]]},"properties":{"id":"x-NCL","name":"ニューカレドニア","nameEn":"New Caledonia","guide":false,"small":false,"center":[165.51,-21.239]}},
{"type":"Feature","geometry":{"type":"Polygon","coordinates":[[[44.255,-20.376],[44.126,-20.498],[44.036,-20.726],[43.902,-20.883],[43.813,-21.224],[43.587,-21.275],[43.473,-21.405],[43.473,-21.672],[43.336,-21.769],[43.223,-22.255],[43.357,-22.83],[43.583,-23.076],[43.629,-23.339],[43.758,-23.454],[43.642,-23.639],[43.656,-24.185],[43.707,-24.406],[43.84,-24.506],[44.029,-24.999],[44.187,-25.067],[44.369,-25.257],[44.835,-25.344],[45.136,-25.584],[45.492,-25.574],[45.774,-25.408],[46.238,-25.198],[46.654,-25.184],[46.965,-25.066],[47.137,-24.909],[47.312,-24.486],[47.338,-24.324],[47.569,-23.853],[47.619,-23.591],[47.834,-22.901],[47.901,-22.481],[48.202,-21.796],[48.456,-21.014],[48.562,-20.577],[48.824,-19.903],[48.86,-19.685],[49.077,-19.066],[49.359,-18.424],[49.504,-17.663],[49.431,-17.284],[49.723,-16.708],[49.849,-16.552],[49.846,-16.212],[49.703,-16.115],[49.734,-15.906],[49.638,-15.545],[49.901,-15.422],[50.039,-15.859],[50.242,-15.958],[50.43,-15.6],[50.504,-15.316],[50.284,-14.879],[50.191,-14.457],[50.143,-13.783],[49.973,-13.331],[49.942,-13.034],[49.864,-12.88],[49.563,-12.617],[49.539,-12.378],[49.349,-12.299],[49.323,-12],[48.985,-12.333],[48.866,-12.637],[48.955,-12.812],[48.747,-13.412],[48.428,-13.524],[48.181,-13.747],[48.031,-13.517],[47.904,-13.603],[47.876,-13.784],[48.045,-14.152],[47.814,-14.216],[47.709,-14.37],[47.753,-14.601],[47.482,-15.08],[47.292,-14.923],[47.058,-15.216],[46.879,-15.225],[46.333,-15.63],[46.383,-15.835],[46.293,-15.941],[46.144,-15.704],[46.016,-15.792],[45.694,-15.783],[45.638,-15.943],[45.266,-15.924],[44.854,-16.225],[44.453,-16.187],[44.401,-16.373],[44.431,-16.7],[43.943,-17.456],[43.929,-17.602],[44.036,-17.769],[44.001,-17.938],[44.05,-18.427],[44.257,-18.804],[44.228,-19.055],[44.46,-19.418],[44.371,-19.774],[44.479,-19.913],[44.255,-20.376]]]},"properties":{"id":"madagascar","name":"マダガスカル","nameEn":"Madagascar","guide":true,"small":false,"center":[46.863,-18.771]}},
{"type":"Feature","geometry":{"type":"MultiPolygon","coordinates":[[[[126.569,7.301],[126.583,7.719],[126.406,7.833],[126.463,8.23],[126.357,8.534],[126.138,8.654],[126.3,8.768],[126.313,8.956],[126.179,9.093],[125.934,9.492],[125.399,9.681],[125.542,9.189],[125.462,8.985],[125.179,8.998],[125.116,8.831],[124.915,8.994],[124.781,8.949],[124.753,8.5],[124.641,8.476],[124.406,8.608],[124.322,8.515],[124.232,8.213],[123.874,8.105],[123.866,8.364],[123.759,8.607],[123.478,8.695],[123.331,8.547],[123.055,8.505],[122.925,8.15],[122.65,8.116],[122.292,8.01],[122.129,7.815],[122.047,7.301],[121.899,7.057],[122.038,6.917],[122.154,6.928],[122.266,7.249],[122.444,7.609],[122.597,7.761],[122.815,7.743],[122.831,7.55],[122.996,7.467],[123.107,7.732],[123.226,7.516],[123.486,7.664],[123.587,7.839],[124.065,7.603],[124.247,7.404],[124.184,7.226],[124.029,7.115],[123.966,6.821],[124.052,6.669],[124.055,6.438],[124.246,6.187],[124.596,5.999],[125.181,5.798],[125.388,5.574],[125.667,5.95],[125.707,6.15],[125.574,6.517],[125.397,6.598],[125.389,6.768],[125.657,7.237],[125.807,7.351],[125.977,6.94],[126.079,6.843],[126.095,6.514],[126.227,6.469],[126.255,6.767],[126.349,7],[126.476,7.066],[126.569,7.301]]],[[[122.297,18.404],[122.22,18.522],[121.975,18.286],[121.613,18.359],[121.107,18.643],[120.927,18.566],[120.611,18.539],[120.334,17.556],[120.442,17.368],[120.427,16.962],[120.276,16.612],[120.402,16.165],[120.185,16.033],[119.902,16.251],[119.756,16.203],[119.756,15.945],[119.879,15.915],[120.09,14.794],[120.367,14.621],[120.402,14.456],[120.598,14.506],[120.539,14.703],[120.642,14.787],[120.83,14.764],[120.97,14.502],[120.587,14.2],[120.62,13.847],[120.746,13.934],[121.279,13.595],[121.464,13.695],[121.485,13.852],[121.725,13.969],[122.118,13.752],[122.319,13.592],[122.501,13.368],[122.622,13.553],[122.498,13.652],[122.516,13.934],[122.739,13.818],[122.815,13.654],[123.169,13.449],[123.301,13.236],[123.31,13.012],[123.441,13.037],[123.598,12.897],[123.819,12.832],[123.879,12.645],[124.095,12.557],[124.143,12.797],[124.082,13.01],[123.75,13.155],[123.795,13.308],[123.528,13.627],[123.588,13.729],[123.797,13.688],[123.938,13.784],[123.478,13.951],[123.33,14.07],[123.218,13.993],[123.315,13.821],[123.108,13.722],[123.012,14.106],[122.753,14.332],[122.471,14.346],[122.17,14.14],[122.232,13.906],[121.936,13.995],[121.732,14.188],[121.611,14.613],[121.594,14.859],[121.488,15.163],[121.379,15.308],[121.637,15.722],[121.578,15.932],[121.752,16.077],[122.204,16.264],[122.205,16.424],[122.345,16.643],[122.529,17.091],[122.435,17.292],[122.251,17.36],[122.157,17.619],[122.18,18.121],[122.307,18.251],[122.297,18.404]]],[[[122.297,6.633],[122.067,6.741],[121.839,6.669],[121.962,6.405],[122.189,6.451],[122.297,6.633]]],[[[124.565,9.871],[124.589,10.024],[124.331,10.162],[124.185,10.144],[124.051,9.979],[123.886,9.915],[123.808,9.74],[123.938,9.617],[124.294,9.607],[124.41,9.658],[124.565,9.871]]],[[[125.72,9.912],[125.658,10.262],[125.497,10.103],[125.72,9.912]]],[[[123.574,10.831],[123.522,10.92],[123.214,10.996],[122.966,10.876],[122.972,10.721],[122.824,10.533],[122.879,10.118],[122.708,9.986],[122.475,9.974],[122.395,9.837],[122.599,9.433],[122.869,9.323],[123.033,9.035],[123.23,9.108],[123.321,9.343],[123.198,9.487],[123.157,9.868],[123.29,10.094],[123.39,10.437],[123.486,10.549],[123.574,10.831]]],[[[124.047,10.834],[123.918,11.029],[123.849,10.753],[123.707,10.462],[123.383,9.943],[123.314,9.508],[123.488,9.566],[123.643,9.96],[123.808,10.237],[123.973,10.327],[124.04,10.484],[124.047,10.834]]],[[[119.672,10.553],[119.505,10.971],[119.569,11.262],[119.421,11.298],[119.406,11.05],[119.223,10.851],[119.345,10.724],[119.278,10.508],[119.072,10.392],[118.95,10.22],[118.822,10.195],[118.531,9.774],[118.345,9.636],[118.127,9.338],[117.904,9.261],[117.656,9.058],[117.292,8.641],[117.319,8.452],[117.513,8.507],[117.566,8.661],[117.774,8.703],[118.014,8.888],[118.132,9.127],[118.336,9.179],[118.498,9.314],[118.725,9.631],[118.75,9.888],[118.875,9.972],[119.196,10.056],[119.356,10.329],[119.563,10.373],[119.672,10.553]]],[[[125.274,10.323],[125.194,10.603],[125.006,10.797],[125.053,10.968],[124.984,11.381],[124.846,11.433],[124.63,11.304],[124.503,11.444],[124.404,11.303],[124.397,10.954],[124.622,11.002],[124.779,10.821],[124.739,10.395],[124.78,10.152],[124.883,10.135],[125.274,10.323]]],[[[123.17,11.481],[122.901,11.438],[122.855,11.591],[122.622,11.509],[122.388,11.727],[121.964,11.934],[121.865,11.763],[122.107,11.658],[122.045,11.017],[121.937,10.776],[122.04,10.467],[122.227,10.642],[122.59,10.699],[122.761,10.811],[122.78,10.957],[123.015,11.092],[123.17,11.481]]],[[[120.348,12.029],[120.021,12.253],[119.984,12.026],[120.135,11.975],[120.348,12.029]]],[[[125.713,11.149],[125.566,11.268],[125.471,11.603],[125.452,11.964],[125.5,12.249],[125.166,12.578],[124.679,12.516],[124.276,12.533],[124.391,12.222],[124.493,12.098],[124.68,12.03],[125,11.625],[125.003,11.42],[125.214,11.132],[125.44,11.098],[125.713,11.149]]],[[[124.055,11.8],[124.04,11.988],[123.882,12.213],[123.448,12.512],[123.273,12.424],[123.181,11.931],[123.424,12.201],[123.54,12.194],[123.712,11.954],[124.055,11.8]]],[[[121.526,12.704],[121.431,13.224],[121.218,13.404],[121.043,13.413],[120.95,13.53],[120.755,13.467],[120.565,13.513],[120.48,13.302],[120.642,13.183],[120.758,13.002],[120.798,12.729],[121.132,12.242],[121.425,12.384],[121.526,12.704]]],[[[122.102,13.417],[121.989,13.53],[121.817,13.342],[121.993,13.202],[122.102,13.417]]],[[[124.418,13.873],[124.125,14.049],[124.122,13.78],[124.026,13.67],[124.17,13.53],[124.39,13.712],[124.418,13.873]]],[[[121.382,6.006],[121.042,6.097],[121.081,5.888],[121.382,6.006]]]]},"properties":{"id":"philippines","name":"フィリピン","nameEn":"Philippines","guide":true,"small":false,"center":[121.972,15.591]}},
{"type":"Feature","geometry":{"type":"Polygon","coordinates":[[[81.876,7.092],[81.881,7.327],[81.758,7.505],[81.697,7.753],[81.448,8.128],[81.366,8.482],[80.931,9.021],[80.744,9.36],[80.41,9.617],[80.227,9.83],[79.988,9.823],[79.947,9.693],[80.174,9.649],[80.272,9.504],[80.053,9.392],[80.116,9.234],[79.947,8.949],[79.942,8.642],[79.874,8.538],[79.827,8.137],[79.764,7.99],[79.785,7.59],[79.863,6.807],[80.104,6.127],[80.248,6.009],[80.591,5.924],[80.809,6.035],[81.362,6.225],[81.681,6.462],[81.776,6.61],[81.876,7.092]]]},"properties":{"id":"sri-lanka","name":"スリランカ","nameEn":"Sri Lanka","guide":true,"small":false,"center":[80.794,7.877]}},
{"type":"Feature","geometry":{"type":"Polygon","coordinates":[[[-68.781,12.098],[-68.835,12.171],[-69.041,12.256],[-69.072,12.341],[-69.164,12.307],[-69.079,12.204],[-68.945,12.106],[-68.781,12.098]]]},"properties":{"id":"curacao","name":"キュラソー","nameEn":"Curaçao","guide":true,"small":true,"center":[-68.956,12.216]}},
{"type":"Feature","geometry":{"type":"Polygon","coordinates":[[[-69.997,12.578],[-70.058,12.537],[-69.888,12.418],[-69.88,12.454],[-69.997,12.578]]]},"properties":{"id":"x-ABW","name":"アルバ","nameEn":"Aruba","guide":false,"small":true,"center":[-69.97,12.525]}},
{"type":"Feature","geometry":{"type":"MultiPolygon","coordinates":[[[[-73.647,21.062],[-73.493,20.924],[-73.13,20.994],[-73.398,21.225],[-73.647,21.062]]],[[[-77.525,23.933],[-77.549,24.126],[-77.675,24.303],[-77.942,24.097],[-77.813,23.877],[-77.566,23.741],[-77.525,23.933]]],[[[-78.354,24.659],[-78.352,24.53],[-78.18,24.465],[-78.063,24.316],[-77.719,24.5],[-77.737,24.7],[-77.987,25.013],[-77.977,25.138],[-78.214,25.185],[-78.158,25],[-78.354,24.659]]],[[[-77.812,26.907],[-77.517,26.852],[-77.312,26.595],[-77.161,26.564],[-77.256,26.204],[-77.348,26.071],[-77.191,25.916],[-77.165,26.245],[-77.015,26.316],[-77.059,26.529],[-77.27,26.625],[-77.511,26.87],[-77.812,26.907]]]]},"properties":{"id":"x-BHS","name":"バハマ","nameEn":"Bahamas","guide":false,"small":true,"center":[-77.489,26.407]}},
{"type":"Feature","geometry":{"type":"Polygon","coordinates":[[[-71.803,21.788],[-71.741,21.795],[-71.631,21.774],[-71.679,21.842],[-71.809,21.84],[-71.803,21.788]]]},"properties":{"id":"x-TCA","name":"タークス・カイコス諸島","nameEn":"Turks and Caicos Is.","guide":false,"small":true,"center":[-71.741,21.8]}},
{"type":"Feature","geometry":{"type":"Polygon","coordinates":[[[121.906,24.95],[121.893,25.114],[121.598,25.271],[121.059,25.05],[120.848,24.711],[120.702,24.607],[120.493,24.231],[120.189,23.775],[120.13,23.361],[120.059,23.151],[120.331,22.52],[120.621,22.295],[120.704,21.981],[120.842,21.925],[120.875,22.289],[120.948,22.527],[121.141,22.742],[121.4,23.145],[121.663,24.193],[121.773,24.309],[121.856,24.551],[121.823,24.855],[121.906,24.95]]]},"properties":{"id":"taiwan","name":"中華民国","nameEn":"Taiwan","guide":true,"small":false,"center":[121.029,23.596]}},
{"type":"Feature","geometry":{"type":"MultiPolygon","coordinates":[[[[131.66,32.477],[131.982,32.889],[131.872,33.2],[131.711,33.27],[131.73,33.58],[131.521,33.676],[131.418,33.582],[131.081,33.635],[130.993,33.898],[130.684,33.934],[130.454,33.808],[130.391,33.605],[130.055,33.495],[129.855,33.533],[129.807,33.348],[129.58,33.371],[129.552,33.226],[129.729,33.122],[129.632,32.979],[129.895,32.663],[130.094,32.795],[130.342,32.667],[130.132,33.102],[130.422,33.083],[130.433,32.942],[130.593,32.816],[130.641,32.607],[130.562,32.427],[130.332,32.129],[130.18,32.093],[130.171,31.79],[130.336,31.626],[130.222,31.246],[130.64,31.186],[130.529,31.513],[130.613,31.682],[130.795,31.344],[130.725,31.047],[130.924,31.113],[131.104,31.329],[131.345,31.395],[131.475,31.762],[131.447,31.877],[131.66,32.477]]],[[[134.69,33.828],[134.6,34.009],[134.628,34.178],[134.44,34.208],[134.153,34.386],[133.947,34.376],[133.673,34.223],[133.511,33.965],[133.127,33.933],[132.919,34.068],[132.77,33.996],[132.677,33.716],[132.381,33.466],[132.537,33.243],[132.472,32.934],[132.623,32.799],[132.915,32.778],[133.018,33.024],[133.253,33.219],[133.269,33.347],[133.739,33.538],[133.925,33.494],[134.19,33.248],[134.273,33.508],[134.69,33.828]]],[[[133.422,34.445],[133.7,34.526],[133.983,34.529],[134.327,34.704],[134.744,34.767],[135.046,34.625],[135.341,34.709],[135.414,34.558],[135.105,34.318],[135.187,34.136],[135.065,33.886],[135.392,33.714],[135.445,33.551],[135.766,33.482],[135.96,33.593],[136.105,33.891],[136.273,33.971],[136.299,34.154],[136.523,34.273],[136.846,34.308],[136.916,34.434],[136.52,34.681],[136.659,34.984],[136.823,34.955],[136.916,34.776],[137.298,34.797],[137.428,34.668],[137.792,34.639],[138.216,34.712],[138.554,35.096],[138.803,35.122],[138.744,34.729],[138.835,34.596],[139.141,34.871],[139.087,34.997],[139.146,35.235],[139.527,35.302],[139.779,35.502],[139.807,35.638],[140.08,35.604],[139.824,35.328],[139.868,35.013],[140.394,35.197],[140.386,35.381],[140.483,35.566],[140.842,35.742],[140.646,36.013],[140.564,36.283],[140.804,36.886],[140.96,36.966],[141.042,37.377],[141.022,37.727],[140.933,37.889],[140.967,38.17],[141.098,38.372],[141.471,38.436],[141.638,38.985],[141.909,39.11],[141.905,39.33],[142.069,39.54],[141.95,39.997],[141.744,40.384],[141.437,40.67],[141.391,41.161],[141.276,41.353],[140.907,41.501],[140.798,41.129],[141.27,41.185],[141.185,40.911],[140.673,40.896],[140.643,41.171],[140.333,41.237],[140.271,40.812],[140.046,40.768],[139.86,40.609],[140.024,40.355],[139.978,40.125],[139.822,39.961],[140.028,39.825],[140.049,39.505],[139.932,39.287],[139.774,38.817],[139.599,38.648],[139.462,38.375],[139.432,38.169],[139.305,38.042],[138.858,37.828],[138.551,37.378],[138.245,37.184],[137.427,36.922],[137.333,36.763],[137.006,36.836],[137.109,37.283],[137.23,37.292],[137.296,37.531],[136.749,37.358],[136.67,37.15],[136.761,36.871],[136.43,36.433],[136.135,36.225],[135.957,35.973],[136.099,35.776],[135.982,35.644],[135.706,35.562],[135.452,35.572],[135.227,35.772],[134.927,35.641],[134.537,35.672],[134.238,35.547],[133.417,35.457],[133.105,35.598],[132.635,35.441],[132.639,35.295],[132.408,35.175],[131.858,34.715],[131.597,34.66],[131.414,34.424],[131.075,34.425],[130.872,34.279],[130.862,34.113],[131.272,33.927],[131.483,34.032],[131.741,34.056],[132.058,33.895],[132.213,33.99],[132.223,34.239],[132.497,34.362],[132.656,34.199],[132.836,34.311],[133.166,34.292],[133.247,34.427],[133.422,34.445]]],[[[145.767,43.387],[145.468,43.253],[145.322,43.276],[145.195,43.621],[145.075,43.754],[145.202,44.206],[144.831,43.942],[144.43,43.943],[144.215,44.111],[143.783,44.101],[142.981,44.586],[142.539,45.018],[141.96,45.51],[141.692,45.402],[141.586,45.164],[141.722,44.955],[141.792,44.597],[141.655,44.277],[141.641,43.938],[141.337,43.713],[141.44,43.362],[141.169,43.141],[140.81,43.192],[140.487,43.372],[140.338,43.211],[140.527,43.015],[140.261,42.761],[139.877,42.663],[139.787,42.247],[140.145,41.983],[139.984,41.56],[140.209,41.401],[140.401,41.513],[140.453,41.681],[140.642,41.815],[140.96,41.722],[140.974,41.914],[140.714,42.133],[140.549,42.106],[140.292,42.26],[140.381,42.505],[140.734,42.564],[141.017,42.316],[141.428,42.564],[141.726,42.617],[142.168,42.46],[142.46,42.271],[142.96,42.105],[143.253,41.942],[143.349,42.319],[143.639,42.661],[144.042,42.927],[144.323,43.003],[144.742,42.924],[145,42.986],[145.125,43.12],[145.517,43.175],[145.767,43.387]]],[[[130.675,30.375],[130.499,30.468],[130.386,30.34],[130.577,30.236],[130.675,30.375]]],[[[135.003,34.608],[134.657,34.288],[134.729,34.191],[134.958,34.27],[134.903,34.419],[135.003,34.608]]]]},"properties":{"id":"japan","name":"日本","nameEn":"Japan","guide":true,"small":false,"center":[136.466,37.49]}},
{"type":"Feature","geometry":{"type":"Polygon","coordinates":[[[-56.274,46.895],[-56.314,46.976],[-56.253,47.054],[-56.396,47.114],[-56.337,46.954],[-56.274,46.895]]]},"properties":{"id":"saint-pierre-and-miquelon","name":"サンピエール島・ミクロン島","nameEn":"Saint Pierre and Miquelon","guide":true,"small":true,"center":[-56.316,46.961]}},
{"type":"Feature","geometry":{"type":"Polygon","coordinates":[[[-14.564,66.385],[-14.84,66.392],[-15.42,66.172],[-15.775,66.289],[-16.023,66.537],[-16.543,66.507],[-16.487,66.19],[-16.92,66.124],[-17.217,66.194],[-17.419,65.994],[-17.913,66.152],[-18.692,66.17],[-19.363,66.088],[-19.65,65.765],[-20.031,66.083],[-20.449,66.029],[-20.263,65.745],[-21.37,65.487],[-21.418,65.763],[-21.319,65.988],[-21.75,66.186],[-22.214,66.29],[-22.377,66.433],[-22.85,66.467],[-23.098,66.318],[-23.793,66.07],[-24.05,65.804],[-24.197,65.501],[-23.898,65.405],[-22.926,65.573],[-22.199,65.432],[-22.201,65.318],[-22.558,65.169],[-22.674,65.008],[-24.06,64.891],[-23.834,64.726],[-23.246,64.83],[-22.32,64.754],[-22.391,64.638],[-21.963,64.297],[-21.963,64.082],[-22.686,63.946],[-22.336,63.863],[-21.66,63.832],[-21.168,63.876],[-20.442,63.671],[-20.186,63.544],[-19.77,63.534],[-19.287,63.439],[-18.732,63.397],[-17.965,63.523],[-17.86,63.737],[-16.896,63.808],[-16.35,63.966],[-15.992,64.144],[-15.464,64.251],[-14.995,64.263],[-14.51,64.442],[-14.493,64.658],[-14.048,64.72],[-13.527,65.055],[-13.688,65.306],[-13.61,65.514],[-14.823,65.816],[-14.605,65.964],[-15.076,66.05],[-14.959,66.296],[-14.564,66.385]]]},"properties":{"id":"iceland","name":"アイスランド","nameEn":"Iceland","guide":true,"small":false,"center":[-19.021,64.967]}},
{"type":"Feature","geometry":{"type":"Polygon","coordinates":[[[-128.33,-24.324],[-128.35,-24.341],[-128.321,-24.401],[-128.29,-24.398],[-128.304,-24.335],[-128.33,-24.324]]]},"properties":{"id":"pitcairn-islands","name":"ピトケアン諸島","nameEn":"Pitcairn Islands","guide":true,"small":true,"center":[-128.32,-24.369]}},
{"type":"Feature","geometry":{"type":"Polygon","coordinates":[[[-149.183,-17.731],[-149.354,-17.54],[-149.604,-17.526],[-149.588,-17.731],[-149.183,-17.731]]]},"properties":{"id":"x-PYF","name":"フランス領ポリネシア","nameEn":"Fr. Polynesia","guide":false,"small":true,"center":[-149.396,-17.682]}},
{"type":"Feature","geometry":{"type":"Polygon","coordinates":[[[70.549,-49.183],[70.273,-49.076],[69.712,-49.307],[69.496,-49.24],[69.438,-49.015],[69.215,-49.121],[69.084,-48.973],[68.756,-49.048],[68.902,-49.431],[68.778,-49.592],[69.115,-49.603],[70.123,-49.714],[70.065,-49.573],[70.14,-49.339],[70.464,-49.357],[70.549,-49.183]]]},"properties":{"id":"x-ATF","name":"フランス領南方・南極地域","nameEn":"Fr. S. Antarctic Lands","guide":false,"small":false,"center":[69.659,-49.188]}},
{"type":"Feature","geometry":{"type":"Polygon","coordinates":[[[55.402,-4.661],[55.449,-4.678],[55.517,-4.75],[55.529,-4.68],[55.459,-4.618],[55.402,-4.661]]]},"properties":{"id":"x-SYC","name":"セーシェル","nameEn":"Seychelles","guide":false,"small":true,"center":[55.452,-4.682]}},
{"type":"Feature","geometry":{"type":"Polygon","coordinates":[[[-157.191,1.764],[-157.382,1.902],[-157.449,1.8],[-157.191,1.764]]]},"properties":{"id":"x-KIR","name":"キリバス","nameEn":"Kiribati","guide":false,"small":true,"center":[-157.378,1.872]}},
{"type":"Feature","geometry":{"type":"Polygon","coordinates":[[[171.394,7.11],[171.226,7.076],[171.263,7.068],[171.293,7.084],[171.367,7.094],[171.394,7.11]]]},"properties":{"id":"x-MHL","name":"マーシャル諸島","nameEn":"Marshall Is.","guide":false,"small":true,"center":[171.215,7.119]}},
{"type":"Feature","geometry":{"type":"Polygon","coordinates":[[[-61.002,10.699],[-60.949,10.845],[-61.602,10.748],[-61.472,10.595],[-61.458,10.302],[-61.712,10.164],[-61.637,10.058],[-61.192,10.074],[-60.996,10.138],[-61.042,10.51],[-61.002,10.699]]]},"properties":{"id":"x-TTO","name":"トリニダード・トバゴ","nameEn":"Trinidad and Tobago","guide":false,"small":true,"center":[-61.418,10.444]}},
{"type":"Feature","geometry":{"type":"Polygon","coordinates":[[[-61.613,12.214],[-61.671,12.236],[-61.756,12.088],[-61.614,12.08],[-61.613,12.214]]]},"properties":{"id":"x-GRD","name":"グレナダ","nameEn":"Grenada","guide":false,"small":true,"center":[-61.697,12.121]}},
{"type":"Feature","geometry":{"type":"Polygon","coordinates":[[[-61.167,13.146],[-61.124,13.308],[-61.212,13.369],[-61.271,13.187],[-61.167,13.146]]]},"properties":{"id":"x-VCT","name":"セントビンセント・グレナディーン","nameEn":"St. Vin. and Gren.","guide":false,"small":true,"center":[-61.202,13.257]}},
{"type":"Feature","geometry":{"type":"Polygon","coordinates":[[[-59.427,13.16],[-59.654,13.295],[-59.608,13.085],[-59.427,13.16]]]},"properties":{"id":"x-BRB","name":"バルバドス","nameEn":"Barbados","guide":false,"small":true,"center":[-59.541,13.198]}},
{"type":"Feature","geometry":{"type":"Polygon","coordinates":[[[-60.887,14.01],[-61.076,13.89],[-60.941,13.722],[-60.887,14.01]]]},"properties":{"id":"x-LCA","name":"セントルシア","nameEn":"Saint Lucia","guide":false,"small":true,"center":[-60.981,13.913]}},
{"type":"Feature","geometry":{"type":"Polygon","coordinates":[[[-61.363,15.202],[-61.257,15.285],[-61.308,15.579],[-61.489,15.536],[-61.363,15.202]]]},"properties":{"id":"x-DMA","name":"ドミニカ国","nameEn":"Dominica","guide":false,"small":true,"center":[-61.369,15.418]}},
{"type":"Feature","geometry":{"type":"Polygon","coordinates":[[[166.619,19.282],[166.644,19.276],[166.638,19.286],[166.619,19.282]]]},"properties":{"id":"us-minor-outlying-islands","name":"合衆国領有小離島","nameEn":"US Minor Outlying Islands","guide":true,"small":true,"center":[166.636,19.291]}},
{"type":"Feature","geometry":{"type":"Polygon","coordinates":[[[-62.147,16.744],[-62.202,16.819],[-62.23,16.728],[-62.147,16.744]]]},"properties":{"id":"x-MSR","name":"モントセラト","nameEn":"Montserrat","guide":false,"small":true,"center":[-62.185,16.747]}},
{"type":"Feature","geometry":{"type":"Polygon","coordinates":[[[-61.884,17.049],[-61.686,17.029],[-61.825,17.169],[-61.884,17.049]]]},"properties":{"id":"x-ATG","name":"アンティグア・バーブーダ","nameEn":"Antigua and Barb.","guide":false,"small":true,"center":[-61.781,17.079]}},
{"type":"Feature","geometry":{"type":"Polygon","coordinates":[[[-62.65,17.266],[-62.72,17.359],[-62.82,17.416],[-62.861,17.362],[-62.65,17.266]]]},"properties":{"id":"x-KNA","name":"セントクリストファー・ネイビス","nameEn":"St. Kitts and Nevis","guide":false,"small":true,"center":[-62.743,17.317]}},
{"type":"Feature","geometry":{"type":"Polygon","coordinates":[[[-64.559,17.752],[-64.772,17.793],[-64.876,17.689],[-64.559,17.752]]]},"properties":{"id":"us-virgin-islands","name":"アメリカ領ヴァージン諸島","nameEn":"US Virgin Islands","guide":true,"small":true,"center":[-64.727,17.738]}},
{"type":"Feature","geometry":{"type":"Polygon","coordinates":[[[-62.839,17.882],[-62.792,17.915],[-62.857,17.925],[-62.839,17.882]]]},"properties":{"id":"x-BLM","name":"サン・バルテルミー島","nameEn":"St-Barthélemy","guide":false,"small":true,"center":[-62.829,17.906]}},
{"type":"Feature","geometry":{"type":"Polygon","coordinates":[[[-65.629,18.279],[-65.663,18.366],[-65.989,18.463],[-67.102,18.523],[-67.271,18.362],[-67.152,18.203],[-67.215,17.966],[-66.766,17.984],[-66.163,17.929],[-65.83,18.027],[-65.629,18.279]]]},"properties":{"id":"puerto-rico","name":"プエルトリコ","nameEn":"Puerto Rico","guide":true,"small":true,"center":[-66.431,18.223]}},
{"type":"Feature","geometry":{"type":"Polygon","coordinates":[[[-63.007,18.273],[-63.038,18.268],[-63.086,18.218],[-63.012,18.22],[-63.007,18.273]]]},"properties":{"id":"x-AIA","name":"アンギラ","nameEn":"Anguilla","guide":false,"small":true,"center":[-63.07,18.223]}},
{"type":"Feature","geometry":{"type":"Polygon","coordinates":[[[-64.635,18.406],[-64.583,18.416],[-64.56,18.454],[-64.662,18.44],[-64.635,18.406]]]},"properties":{"id":"x-VGB","name":"イギリス領ヴァージン諸島","nameEn":"British Virgin Is.","guide":false,"small":true,"center":[-64.615,18.419]}},
{"type":"Feature","geometry":{"type":"Polygon","coordinates":[[[-76.264,18.012],[-76.351,18.156],[-76.765,18.273],[-76.895,18.409],[-77.902,18.519],[-78.195,18.455],[-78.332,18.367],[-78.341,18.222],[-78.075,18.198],[-77.956,18.032],[-77.724,17.854],[-77.441,17.865],[-77.216,17.717],[-77.142,17.881],[-76.955,17.833],[-76.85,17.992],[-76.524,17.86],[-76.307,17.87],[-76.264,18.012]]]},"properties":{"id":"x-JAM","name":"ジャマイカ","nameEn":"Jamaica","guide":false,"small":false,"center":[-77.281,18.114]}},
{"type":"Feature","geometry":{"type":"Polygon","coordinates":[[[-81.136,19.355],[-81.286,19.368],[-81.303,19.309],[-81.135,19.291],[-81.136,19.355]]]},"properties":{"id":"x-CYM","name":"ケイマン諸島","nameEn":"Cayman Is.","guide":false,"small":true,"center":[-81.252,19.329]}},
{"type":"Feature","geometry":{"type":"Polygon","coordinates":[[[-64.676,32.389],[-64.736,32.344],[-64.755,32.293],[-64.698,32.326],[-64.708,32.352],[-64.676,32.389]]]},"properties":{"id":"bermuda","name":"バミューダ諸島","nameEn":"Bermuda","guide":true,"small":true,"center":[-64.767,32.318]}},
{"type":"Feature","geometry":{"type":"Polygon","coordinates":[[[73.735,-53.112],[73.564,-53.017],[73.329,-53.025],[73.473,-53.189],[73.735,-53.112]]]},"properties":{"id":"x-HMD","name":"ハード島とマクドナルド諸島","nameEn":"Heard I. and McDonald Is.","guide":false,"small":true,"center":[73.524,-53.077]}},
{"type":"Feature","geometry":{"type":"Polygon","coordinates":[[[-5.722,-15.909],[-5.77,-15.945],[-5.764,-16.016],[-5.663,-15.98],[-5.722,-15.909]]]},"properties":{"id":"x-SHN","name":"セントヘレナ","nameEn":"Saint Helena","guide":false,"small":true,"center":[-5.72,-15.959]}},
{"type":"Feature","geometry":{"type":"Polygon","coordinates":[[[57.796,-20.223],[57.668,-19.994],[57.532,-20.025],[57.371,-20.261],[57.358,-20.427],[57.504,-20.517],[57.672,-20.48],[57.796,-20.223]]]},"properties":{"id":"x-MUS","name":"モーリシャス","nameEn":"Mauritius","guide":false,"small":true,"center":[57.55,-20.248]}},
{"type":"Feature","geometry":{"type":"Polygon","coordinates":[[[43.467,-11.822],[43.377,-11.605],[43.399,-11.418],[43.277,-11.38],[43.263,-11.818],[43.467,-11.822]]]},"properties":{"id":"x-COM","name":"コモロ","nameEn":"Comoros","guide":false,"small":true,"center":[43.356,-11.647]}},
{"type":"Feature","geometry":{"type":"Polygon","coordinates":[[[6.681,0.407],[6.462,0.222],[6.516,0.034],[6.74,0.219],[6.681,0.407]]]},"properties":{"id":"sao-tome-and-principe","name":"サントメ・プリンシペ","nameEn":"São Tomé and Príncipe","guide":true,"small":true,"center":[6.611,0.217]}},
{"type":"Feature","geometry":{"type":"MultiPolygon","coordinates":[[[[-23.457,15.024],[-23.697,15.266],[-23.786,15.175],[-23.677,14.936],[-23.457,15.024]]],[[[-22.682,16.114],[-22.924,16.213],[-22.946,16.02],[-22.806,15.986],[-22.682,16.114]]],[[[-25.047,17.035],[-25.103,17.197],[-25.317,17.106],[-25.299,16.917],[-25.047,17.035]]]]},"properties":{"id":"x-CPV","name":"カーボベルデ","nameEn":"Cabo Verde","guide":false,"small":true,"center":[-23.618,15.12]}},
{"type":"Feature","geometry":{"type":"Polygon","coordinates":[[[14.548,35.89],[14.428,35.966],[14.343,35.881],[14.528,35.801],[14.548,35.89]]]},"properties":{"id":"malta","name":"マルタ","nameEn":"Malta","guide":true,"small":true,"center":[14.445,35.897]}},
{"type":"Feature","geometry":{"type":"Polygon","coordinates":[[[-2.083,49.26],[-2.242,49.248],[-2.169,49.178],[-2.025,49.171],[-2.083,49.26]]]},"properties":{"id":"jersey","name":"ジャージー","nameEn":"Jersey","guide":true,"small":true,"center":[-2.125,49.219]}},
{"type":"Feature","geometry":{"type":"Polygon","coordinates":[[[-2.58,49.494],[-2.669,49.431],[-2.534,49.436],[-2.58,49.494]]]},"properties":{"id":"x-GGY","name":"ガーンジー","nameEn":"Guernsey","guide":false,"small":true,"center":[-2.588,49.471]}},
{"type":"Feature","geometry":{"type":"Polygon","coordinates":[[[-4.612,54.057],[-4.312,54.287],[-4.442,54.404],[-4.71,54.221],[-4.612,54.057]]]},"properties":{"id":"isle-of-man","name":"マン島","nameEn":"Isle of Man","guide":true,"small":true,"center":[-4.551,54.238]}},
{"type":"Feature","geometry":{"type":"Polygon","coordinates":[[[20.209,60.225],[19.683,60.264],[19.748,60.101],[20.006,60.094],[20.209,60.225]]]},"properties":{"id":"x-ALD","name":"オーランド諸島","nameEn":"Åland","guide":false,"small":true,"center":[19.962,60.227]}},
{"type":"Feature","geometry":{"type":"Polygon","coordinates":[[[-7.223,62.171],[-7.031,62.117],[-6.857,61.995],[-6.716,62.034],[-6.856,62.148],[-7.223,62.171]]]},"properties":{"id":"faroe-islands","name":"フェロー諸島","nameEn":"Faroe Islands","guide":true,"small":true,"center":[-6.968,62.126]}},
{"type":"Feature","geometry":{"type":"Polygon","coordinates":[[[96.863,-12.182],[96.848,-12.187],[96.836,-12.182],[96.835,-12.161],[96.828,-12.127],[96.822,-12.127],[96.823,-12.151],[96.831,-12.18],[96.845,-12.198],[96.863,-12.182]]]},"properties":{"id":"cocos-islands","name":"ココス諸島","nameEn":"Cocos Islands","guide":true,"small":true,"center":[96.845,-12.162]}},
{"type":"Feature","geometry":{"type":"Polygon","coordinates":[[[105.704,-10.431],[105.628,-10.509],[105.698,-10.529],[105.704,-10.431]]]},"properties":{"id":"christmas-island","name":"クリスマス島","nameEn":"Christmas Island","guide":true,"small":true,"center":[105.648,-10.498]}},
{"type":"Feature","geometry":{"type":"Polygon","coordinates":[[[72.468,-7.384],[72.433,-7.425],[72.439,-7.34],[72.433,-7.316],[72.371,-7.27],[72.379,-7.297],[72.426,-7.323],[72.433,-7.347],[72.427,-7.404],[72.433,-7.432],[72.481,-7.391],[72.468,-7.384]]]},"properties":{"id":"british-indian-ocean-territory","name":"イギリス領インド洋地域","nameEn":"British Indian Ocean Territory","guide":true,"small":true,"center":[72.421,-7.35]}},
{"type":"Feature","geometry":{"type":"Polygon","coordinates":[[[103.961,1.391],[103.805,1.449],[103.648,1.308],[103.844,1.269],[103.961,1.391]]]},"properties":{"id":"singapore","name":"シンガポール","nameEn":"Singapore","guide":true,"small":true,"center":[103.822,1.356]}},
{"type":"Feature","geometry":{"type":"Polygon","coordinates":[[[167.984,-29.018],[167.927,-28.997],[167.926,-29.066],[167.985,-29.059],[167.984,-29.018]]]},"properties":{"id":"x-NFK","name":"ノーフォーク島","nameEn":"Norfolk Island","guide":false,"small":true,"center":[167.954,-29.039]}},
{"type":"Feature","geometry":{"type":"Polygon","coordinates":[[[-159.798,-21.186],[-159.833,-21.245],[-159.743,-21.254],[-159.743,-21.202],[-159.798,-21.186]]]},"properties":{"id":"x-COK","name":"クック諸島","nameEn":"Cook Is.","guide":false,"small":true,"center":[-159.791,-21.22]}},
{"type":"Feature","geometry":{"type":"Polygon","coordinates":[[[-175.066,-21.124],[-175.155,-21.172],[-175.25,-21.111],[-175.326,-21.174],[-175.149,-21.268],[-175.066,-21.124]]]},"properties":{"id":"x-TON","name":"トンガ","nameEn":"Tonga","guide":false,"small":true,"center":[-175.208,-21.165]}},
{"type":"Feature","geometry":{"type":"Polygon","coordinates":[[[-178.142,-14.244],[-178.147,-14.31],[-178.047,-14.319],[-178.142,-14.244]]]},"properties":{"id":"x-WLF","name":"ウォリス・フツナ","nameEn":"Wallis and Futuna Is.","guide":false,"small":true,"center":[-178.116,-14.276]}},
{"type":"Feature","geometry":{"type":"MultiPolygon","coordinates":[[[[-172.201,-13.593],[-172.366,-13.463],[-172.75,-13.578],[-172.523,-13.805],[-172.298,-13.77],[-172.201,-13.593]]],[[[-171.564,-13.949],[-171.88,-13.805],[-171.941,-13.99],[-171.743,-14.052],[-171.564,-13.949]]]]},"properties":{"id":"x-WSM","name":"サモア","nameEn":"Samoa","guide":false,"small":true,"center":[-172.479,-13.634]}},
{"type":"Feature","geometry":{"type":"MultiPolygon","coordinates":[[[[160.504,-11.736],[160.003,-11.461],[160.011,-11.589],[160.504,-11.736]]],[[[162.375,-10.824],[162.114,-10.456],[161.836,-10.447],[161.511,-10.365],[161.525,-10.564],[161.792,-10.735],[162.101,-10.821],[162.375,-10.824]]],[[[161.395,-9.413],[161.395,-9.649],[161.545,-9.605],[161.395,-9.413]]],[[[160.826,-9.837],[160.785,-9.727],[160.366,-9.413],[159.94,-9.433],[159.709,-9.248],[159.616,-9.295],[159.599,-9.512],[159.836,-9.794],[160.32,-9.815],[160.645,-9.937],[160.826,-9.837]]],[[[161.361,-9.618],[161.328,-9.439],[161.151,-8.95],[160.947,-8.814],[160.997,-8.604],[160.747,-8.31],[160.594,-8.385],[160.764,-8.947],[160.868,-9.152],[161.237,-9.448],[161.361,-9.618]]],[[[157.797,-8.562],[157.903,-8.499],[157.746,-8.229],[157.613,-8.169],[157.503,-7.96],[157.383,-8.032],[157.228,-8.317],[157.567,-8.276],[157.675,-8.509],[157.797,-8.562]]],[[[157.105,-8.125],[157.202,-8.048],[157.091,-7.851],[156.947,-7.98],[157.105,-8.125]]],[[[156.807,-7.72],[156.611,-7.569],[156.504,-7.63],[156.66,-7.939],[156.807,-7.72]]],[[[159.859,-8.511],[159.842,-8.326],[159.403,-7.982],[159.086,-7.904],[158.654,-7.561],[158.58,-7.741],[158.846,-7.973],[159.345,-8.261],[159.627,-8.358],[159.859,-8.511]]],[[[157.53,-7.333],[157.303,-7.266],[157.153,-7.124],[157.043,-6.897],[156.488,-6.603],[156.461,-6.733],[156.687,-6.897],[156.928,-7.209],[157.442,-7.414],[157.53,-7.333]]]]},"properties":{"id":"x-SLB","name":"ソロモン諸島","nameEn":"Solomon Is.","guide":false,"small":true,"center":[159.173,-8.047]}},
{"type":"Feature","geometry":{"type":"Polygon","coordinates":[[[179.191,-8.542],[179.218,-8.521],[179.204,-8.519],[179.191,-8.542]]]},"properties":{"id":"x-TUV","name":"ツバル","nameEn":"Tuvalu","guide":false,"small":true,"center":[179.204,-8.501]}},
{"type":"Feature","geometry":{"type":"Polygon","coordinates":[[[73.546,4.243],[73.512,4.186],[73.538,4.183],[73.546,4.243]]]},"properties":{"id":"x-MDV","name":"モルディブ","nameEn":"Maldives","guide":false,"small":true,"center":[73.492,4.203]}},
{"type":"Feature","geometry":{"type":"Polygon","coordinates":[[[166.939,-0.49],[166.913,-0.5],[166.916,-0.548],[166.958,-0.518],[166.939,-0.49]]]},"properties":{"id":"x-NRU","name":"ナウル","nameEn":"Nauru","guide":false,"small":true,"center":[166.933,-0.521]}},
{"type":"Feature","geometry":{"type":"Polygon","coordinates":[[[158.291,6.938],[158.126,6.907],[158.194,6.793],[158.291,6.938]]]},"properties":{"id":"x-FSM","name":"ミクロネシア連邦","nameEn":"Micronesia","guide":false,"small":true,"center":[158.232,6.884]}},
{"type":"Feature","geometry":{"type":"Polygon","coordinates":[[[-35.909,-54.687],[-36.042,-54.464],[-36.622,-54.12],[-37.17,-54.044],[-37.388,-54.148],[-36.813,-54.445],[-36.463,-54.538],[-36.102,-54.887],[-35.909,-54.687]]]},"properties":{"id":"south-georgia-sandwich-islands","name":"サウスジョージア・サウスサンドウィッチ諸島","nameEn":"South Georgia & Sandwich Islands","guide":true,"small":false,"center":[-36.908,-54.43]}},
{"type":"Feature","geometry":{"type":"MultiPolygon","coordinates":[[[[-59.632,-51.741],[-59.433,-51.621],[-59.256,-51.387],[-59.749,-51.447],[-60.03,-51.393],[-60.249,-51.612],[-60.61,-51.743],[-60.4,-51.917],[-60.887,-52.036],[-60.797,-52.172],[-60.537,-52.217],[-60.26,-51.985],[-59.872,-51.949],[-59.632,-51.741]]],[[[-57.816,-51.694],[-57.906,-51.377],[-58.329,-51.416],[-58.481,-51.301],[-59.084,-51.406],[-59.101,-51.622],[-59.581,-51.911],[-59.628,-52.111],[-59.386,-52.112],[-59.138,-51.983],[-58.948,-52.057],[-58.604,-52.002],[-58.144,-51.762],[-57.816,-51.694]]]]},"properties":{"id":"falkland-islands","name":"フォークランド諸島","nameEn":"Falkland Islands","guide":true,"small":false,"center":[-58.728,-51.795]}},
{"type":"Feature","geometry":{"type":"MultiPolygon","coordinates":[[[[169.337,-18.935],[169.152,-18.636],[168.989,-18.691],[168.987,-18.877],[169.255,-18.985],[169.337,-18.935]]],[[[168.55,-17.691],[168.323,-17.533],[168.179,-17.656],[168.396,-17.823],[168.55,-17.691]]],[[[168.182,-16.348],[168.172,-16.08],[167.921,-16.259],[168.182,-16.348]]],[[[167.813,-16.42],[167.398,-16.087],[167.336,-15.909],[167.185,-15.891],[167.147,-16.083],[167.377,-16.201],[167.459,-16.568],[167.813,-16.42]]],[[[167.141,-15.536],[167.192,-15.306],[167.057,-15.002],[166.92,-15.156],[166.802,-15.152],[166.737,-14.83],[166.523,-14.832],[166.65,-15.265],[166.616,-15.385],[166.793,-15.656],[167.141,-15.536]]]]},"properties":{"id":"vanuatu","name":"バヌアツ","nameEn":"Vanuatu","guide":true,"small":true,"center":[166.885,-15.142]}},
{"type":"Feature","geometry":{"type":"Polygon","coordinates":[[[-169.851,-18.965],[-169.95,-19.087],[-169.899,-19.143],[-169.794,-19.047],[-169.851,-18.965]]]},"properties":{"id":"x-NIU","name":"ニウエ","nameEn":"Niue","guide":false,"small":true,"center":[-169.867,-19.053]}},
{"type":"Feature","geometry":{"type":"Polygon","coordinates":[[[-170.591,-14.265],[-170.661,-14.252],[-170.831,-14.319],[-170.755,-14.367],[-170.591,-14.265]]]},"properties":{"id":"american-samoa","name":"アメリカ領サモア","nameEn":"American Samoa","guide":true,"small":true,"center":[-170.699,-14.314]}},
{"type":"Feature","geometry":{"type":"Polygon","coordinates":[[[134.648,7.719],[134.488,7.47],[134.594,7.421],[134.648,7.719]]]},"properties":{"id":"x-PLW","name":"パラオ","nameEn":"Palau","guide":false,"small":true,"center":[134.573,7.545]}},
{"type":"Feature","geometry":{"type":"Polygon","coordinates":[[[144.886,13.64],[144.654,13.439],[144.808,13.446],[144.907,13.517],[144.886,13.64]]]},"properties":{"id":"guam","name":"グアム","nameEn":"Guam","guide":true,"small":true,"center":[144.788,13.448]}},
{"type":"Feature","geometry":{"type":"Polygon","coordinates":[[[145.788,15.267],[145.698,15.203],[145.739,15.137],[145.788,15.267]]]},"properties":{"id":"northern-mariana-islands","name":"北マリアナ諸島","nameEn":"Northern Mariana Islands","guide":true,"small":true,"center":[145.753,15.184]}},
{"type":"Feature","geometry":{"type":"Polygon","coordinates":[[[50.552,26.194],[50.453,26.15],[50.46,25.985],[50.604,25.855],[50.615,26.111],[50.552,26.194]]]},"properties":{"id":"x-BHR","name":"バーレーン","nameEn":"Bahrain","guide":false,"small":true,"center":[50.547,26.016]}},
{"type":"Feature","geometry":{"type":"Polygon","coordinates":[[[113.559,22.163],[113.534,22.161],[113.547,22.105],[113.567,22.123],[113.559,22.163]]]},"properties":{"id":"macau","name":"マカオ","nameEn":"Macau","guide":true,"small":true,"center":[113.56,22.136]}}
]}